:020000041000EA
:1000000000B5324B212058609868022188439860DF
:10001000D860186158612E4B002199600221596106
:100020000121F02299502B49196001219960352056
:1000300000F044F80222904214D00621196600F024
:1000400034F8196E01211966002018661A6600F04E
:100050002CF8196E196E196E052000F02FF8012189
:100060000842F9D1002199601B49196000215960AB
:100070001A491B48016001219960EB211966A021F2
:10008000196600F012F800219960164914480160C1
:100090000121996001BC002800D000471248134993
:1000A000086003C880F30888084703B5996A0420EC
:1000B0000142FBD001200142F8D103BD02B5186610
:1000C0001866FFF7F2FF186E186E02BD00000240BE
:1000D000000000180000070000035F00212200005C
:1000E000F4000018222000A00001001008ED00E03C
:1000F00000000000000000000000000074B24E7A12
:1001000000000420C1010010AD390010A5800010CE
:1001100000000000000000000000000000000000DF
:10012000000000000000000000000000AD390010D9
:100130000000000000000000AD390010AD390010D3
:10014000F13E0010AD390010AD390010AD3900108E
:10015000AD390010AD390010AD390010FD010010AF
:10016000AD390010AD390010AD390010293E001036
:10017000AD390010853E0010AD390010AD390010CA
:1001800001000020AD390010AD390010AD3900106C
:10019000AD390010AD390010AD390010AD39001087
:1001A000AD390010AD390010AD390010AD39001077
:1001B000AD390010AD390010AD390010AD39001067
:1001C00003F08AFF084809490022814201D004C097
:1001D000FBE707480749084A814202D008CA08C01D
:1001E000FAE702F093FF00DE2801002090080020CB
:1001F0000000002028010020F8950010FEB506AF91
:10020000564A9568012000904402554B1869554E96
:1002100000282BD05869002828D0A80726D51846D2
:100220001030019001A803F0D8FD00291CD0002255
:100230003368234206D18A4204D2336A1B0E8354A8
:10024000521CF5E7464BD869801859694900411A94
:1002500000D30846BFF35F8FD86180204249086011
:100260001846203003F0C6FF3D4B3C4AE8063ED519
:1002700080203D490860186800281BD05868002875
:1002800018D0586899680918D8685A6852008A1AAC
:1002900000D31146814221D0029302A803F084FDCD
:1002A00000223368DB030ED48A420CD2835CF360F5
:1002B000521CF6E710681021884310601846283059
:1002C00003F098FF13E0264B98688018596849009E
:1002D000411A00D30846BFF35F8F98609868D968C9
:1002E00088421E4A03D11068102188431060E80537
:1002F00004D50098F06280201B490860254214D084
:1003000003F02AFE0446194802F060FA3420002166
:10031000134A1154106B401C1063E0B203F080FECE
:100320000220F062802010490860680514D503F0AF
:1003300013FE04460E4802F049FA34200849009A98
:100340000A54086B401C0863E0B203F069FE042005
:10035000F062802004490860FEBDC0462C01205098
:10036000B40000200400205080E200E0C4890010A6
:10037000B4890010FEB506AF0C4628490968C905C6
:100380003DD10290206800283ED101924D2080008E
:1003900026180021C843254601C5307A012804D11A
:1003A00020460C3003F002FF317A05CE083E904221
:1003B00001D1C9070FD021461431431C00220093FC
:1003C000102B134600D0009B33603272122242433E
:1003D0008E5C082E07D1019806C8284603F0F1FE6E
:1003E0000826029D06E08918029D681C491C1122FE
:1003F00007F02CFB2E702068401C2060FEBD0848D2
:1004000003F05DFB03F068FB064803F04DFB02F0D0
:100410004DFA03F01FFC03F05FFBC04604ED00E063
:100420001600000014000000F0B503AF85B00A46C6
:10043000044602AD2846214602F078FE28780028BE
:100440000FD0012816D12569A068049E039A1A4B83
:10045000294604F0FFF80670E068A84226D0002183
:1004600005E002A9E068226990421FD04978017036
:10047000401C18E002A8407A01902569A068049EFB
:10048000039A0C4B294604F0E5F80670E168022057
:10049000A9420CD0019A0A704A1CE260AA4206D016
:1004A00000204870881CE060102000E0022005B0A9
:1004B000F0BDC046DC8A0010CC8A0010B0B502AF97
:1004C0001446054602F020FBC0B2102804D128468D
:1004D0002146FFF7A9FFB0BD0220B0BDB0B502AF05
:1004E0001446054602F010FBC0B2102804D128467D
:1004F0002146FFF799FFB0BD0220B0BDF8B504AFAB
:100500000E460546002102F0FFFAC0B20224102870
:1005100035D131782846FFF787FFC1B210292DD198
:100520007078012817D10121284602F0EDFAC0B2F7
:10053000102824D1F1782846FFF776FF0446C0B290
:1005400010281CD1B178284602F0DEFAC4B2102C73
:1005500015D0022413E00021284602F0D5FAC0B2DB
:1005600010280CD1B1782846FFF75EFF0446C0B2D0
:10057000102804D1F1782846FFF756FF044620469C
:10058000F8BDD0B502AF0446904202D808462146D5
:10059000D0BD0020214603F0D7F8D4D4F8B504AF7D
:1005A00003F0DAFC104C217A4D1E2572C0B203F024
:1005B00037FD280600D0F8BD03F0CEFC216900917C
:1005C0006569C0B203F02CFD0026084C1E2EF2D047
:1005D00000982946324607F01CFAC00701D01F20B8
:1005E0002060761C0834F1E7380800200440014000
:1005F000D0B502AF0C4603F035FD016830229143BF
:100600002207120E0A430260D0BDD4D4F0B503AF66
:1006100087B015460E4602904820105C002821D075
:1006200028464830437804AC204631462A4600F03C
:100630003BF82078022830D004A9CA7803AB9A701E
:100640004A788978090289181980059C069D029EBE
:100650003070701C03A9032207F0F8F97460B560CC
:1006600007B0F0BD002301931F2B0BD804AC20462C
:1006700031462A4600F018F820780228DCD1059887
:10068000431CF1E7074803F00FFA0198214602F0F6
:10069000D5F803F0DFFA03F01FFA059C0120019062
:1006A000F0E7C0460B000000F0B503AF89B0029040
:1006B00010464A300190807800284DD1009108689A
:1006C00007900393DBB2FF20410150684000069081
:1006D0000026354604910592079C0698A84221D031
:1006E00008955019028908462030824206D20398A4
:1006F00080180A401F250540154300E015461F22BB
:100700001A400120904019463346234303421DD12D
:100710009200154BD5500643089DAD1C4B1C059A05
:100720000499DAE7029D039BAB72079C344300985F
:100730000460106841C5019C6078C0181F21084002
:1007400068702078C0180840287003E002200299E1
:1007500008704A6009B0F0BD024803F0B0F903F038
:10076000BBF9C0460D00000048002050F8B504AFAA
:100770000D788C78661BF6B2B34213D1C5738471C1
:100780004C7804740C894482002B04D012681378CE
:100790007F221A4000E00022827201228276897A4A
:1007A000C176F8BD024803F08AF903F095F9C04616
:1007B0000C00000080B500AF03F054FC0168482233
:1007C0000A4304218A43026080BDE0B502AF0020E5
:1007D0000090C0430190684601F096FEF0B503AF6B
:1007E0008BB0054603F044FF0C46C00702220023ED
:1007F000002801D021468CE0049206930120059048
:1008000009AE3046294602F037F93078012804D184
:1008100009A840780002801C64E00A98002811D0E2
:10082000012800D085E0022003900890079507A8D2
:1008300000F086F881B20A0AC1B2032302291ED150
:10084000164631E002200A90099509A800F078F8D0
:10085000010ACAB2C1B200260125022901D13046DF
:1008600037E00392C00766D009A800F069F8010AD2
:10087000C9B2C2B2022A27D130460A4629E00E2662
:10088000C00711D0089800280ED001920293079952
:1008900009AD284602F0F0F8287801283FD109A8D0
:1008A0004678039A029B00E0039A0020032B00D0B5
:1008B000059A314600D0194600D03046000409069A
:1008C000090C401880180DE0C00734D000250846F8
:1008D000039A002D00D1060410028119681E85417B
:1008E00068000843069BC1B2022903D1FF21090217
:1008F0000840C01C11490140090AC2B2032A01D1B3
:10090000049A06E0022A12D0059A14400B0401460C
:100910002246C8B20002184310430BB0F0BD0A983B
:100920000228039A029BC0D8019E0346BDE70E2110
:10093000EFE70E206EE70E2291E7C04600FFFF00B2
:1009400080B500AF4168002908D0491E41600068A9
:1009500001F0BCFFC00703D1012002E0002000E04D
:1009600002200902081880BDD0B502AF01214C0653
:10097000416800290DD0491E4160006801F0F0FF78
:100980000321090602460A40A24201D1C0B208432F
:10099000D0BD2046D0BDF8B504AF0C4605460026B4
:1009A0000C2E08D0A819214601F00CFEC1B2361D4C
:1009B0001029F5D0F8BD1020F8BDD4D4B0B502AFE1
:1009C0000D46044603F0C8FAC0B2A17D002901D04B
:1009D000002401E00121A17503F022FB002C06D0C8
:1009E00016222046294607F031F82046B0BD0248BD
:1009F0007921024A02F0CCFB68890010A48900101A
:100A000080B500AF80BDD4D4F0B503AFEBB00446E1
:100A1000F7482090219431200890792080002018F8
:100A20000A90007C36AD36AE0121099109020B9186
:100A30000022D1430E912346A4332146CE310F919B
:100A40002146F0311291002818940D9312D00328FA
:100A500001D000F08CFDD8681969014318460C30AC
:100A60000790002901D000F0BEFE0F980578079886
:100A700000F0B4FC03F070FADE4A5179012901D18B
:100A800000F078FD4835109548360C9621462831FF
:100A9000079121463831139158341494C0B201257E
:100AA000557103F0BDFAD449D4480860D44C0026EF
:100AB000A664E0681D95A843E06060690128FCD148
:100AC0002268032082432260A268012AFCD100032D
:100AD000086003F0B9FACB48CB4941608160AB2193
:100AE00009010161C9490160C9480168F0220A4051
:100AF000B02A07D00168B0220A4340218A4302602D
:100B000091214160C348C449C160C4490160416842
:100B10000029FCD5C24D2D201F9068600A2006F0E8
:100B2000D2FA2B461D9828607D20A8600C226A60AE
:100B3000BC4D28461968002903D4401CFAD3BA4892
:100B40001EE008984003D860586808211C9188432B
:100B5000586064201E9206F0B6FAB4491F984860A7
:100B60000A2006F0B0FAB14A1D9810607820906013
:100B70001E9850601068002808D46D1CFAD3AC4849
:100B800002F092FF03F09CFA00F0FAFC65200003EB
:100B9000D06050681C9988435060642006F093FA36
:100BA00002202060A0680428FCD10B9860601D988A
:100BB000400211900C309F4908609F488D4DE860BD
:100BC000E66060690128FCD11D98E0606069022838
:100BD000FCD10B9820611D99CD02A561A0626562D0
:100BE00060632563880405902064E563934803F0FF
:100BF0002BFAF44303F0B0F97E498C61CC61C0B2AA
:100C000003F00EFA8E481D9C04608E4804608E48E6
:100C100005600B20069003F03BFA8C48FE308C49AF
:100C2000086002958748056025466403864804608D
:100C30000D2003F02DFA83480460864940201A9065
:100C400008678548052484646807844D28601D2052
:100C5000834988477F481A99C1667F4804641D9D6F
:100C600028077E4908601C207D4988471A987949E1
:100C7000886679488463E806784908601B207849CB
:100C800088471A987349486673480463A8067349ED
:100C900008601A20724988471A9D6E48856171481C
:100CA000C463802016906D49086007206C4988470E
:100CB0006848001F05606B4844601D9D67480560DB
:100CC00030466749884763481A99016562488460DD
:100CD0006805624908601520614988475D481A9D8A
:100CE00085655D4884611D98C0055C4908601720D2
:100CF0005B4988475748C564574804601D980005FC
:100D00000390564908601420554988475148456565
:100D1000514804611D9880055049086016201590BF
:100D20004F4988474B4845614E4844634B480560EE
:100D3000062017904A498847464805614948C462D9
:100D40002020464908602046454988474148C560FB
:100D500044484462102004904049086004201F90D9
:100D60003F4988473B4885603E48C4613B481C99E1
:100D70000160032019903A49884736484560394850
:100D8000446136481F99016002201B90344988470E
:100D9000304805623348C46411983049086009201E
:100DA0002F4988472B48C56111942E4844640B98FD
:100DB0002A4908601C982A498847282E08D036A856
:100DC000002181538019C180818041800836F4E779
:100DD00022A836A9282206F039FE0024142C43D07C
:100DE00036A80019052106F036FE641DF6E7C04658
:100DF000B48D00103808002000C00040BFCDFB00BB
:100E0000308000400000064000009696A5BFFA0022
:100E1000004006400040024070170000A0BAFA00EF
:100E200000800240C0BDF0FF0900000000C0024089
:100E30000A0000002C80054040597307FFFFFF01A6
:100E40003840054000E100E080E100E001FF0000E3
:100E50000404005008C00140A4400140280000D014
:100E6000B507001000400140EB4AEC4BEC4CED4D57
:100E7000ED4EEE48139941C10D604C608B60CA6025
:100E8000EB480861EB484861002514998D700D719D
:100E90008D71E9480880189C20467C3022A92822C0
:100EA00006F0D4FD0D9E35602046683036A9142228
:100EB00006F0CCFDA562E5621D9830712566656679
:100EC0002CA81490159C214606F054FD36AE3046F1
:100ED000214606F04FFDD94C20463F303146FFF702
:100EE0006DFD2046264628301499FFF767FD1490C3
:100EF000D348804711992172C0B2D24CA047D04844
:100F0000804735617561C0B2A047CF48169901602E
:100F1000CE4E31600E46CE4C1F982060FFF73EFB50
:100F20001C982060FFF73AFBCA4A15601A981060B7
:100F30001798C949C86042201060C1488047BF4B1C
:100F400019691B9A11431961C0B2BE498847C34849
:100F500014990161159941618561C56132AC1D9893
:100F6000A080E5711A953295BD480660B448804767
:100F7000FF210906BB4A13688B431360C0B2B14915
:100F80008847E079002802D10299FE3901E00B98E8
:100F9000811C1E9AB44841661698AB490860AB495B
:100FA000086060791A9E3D963B96211D15913991F6
:100FB000A11D002816911F9C00D101463A91142AC8
:100FC00030D036A88558002D2AD028787E210140BF
:100FD0001E2901D300F0F4FFC006000E9E49081838
:100FE00041681E92199A120391431D9E320389187B
:100FF00041602878FC4CA04701681B9A11430160AE
:101000002878A04701681C9A11431F9A91430160F8
:101010002878A0471E9A1F9C016831431A9E0160E0
:10102000121DCCE7F5486290F548619060945F9698
:101030005FA80425294601F0D7FBC00707D0442C40
:1010400000D18EE24EA80153761CA41CF0E74E9608
:10105000EC48369036A81C90001D4EA9442206F09C
:101060004EFC00261098067119994180067032A82E
:101070001F9040791A905FAC20460F30052106F092
:10108000EAFCA6751D98A082A677A6831E94A67674
:10109000619660964BAC20461F991C9AFFF7B6FAF2
:1010A0001A980028169800D11598359000D11795F8
:1010B00035AA1E9821461D9BFFF758FB17981F99CC
:1010C000081800781F90E12004035C48C568284692
:1010D000214606F020FD290BE02900D843E25FA954
:1010E0000A79202A604B00D33FE21A945FA9897DD8
:1010F000212900D340E2000418605FA8837FDB074A
:10110000DB0EC57CED062D0DEB18639D6D07C47BD2
:10111000A4076419457CED06ED082C19524DD20444
:101120002243047FA4041219447F64041219847CAE
:10113000E406E40B12191A4343790F241E9423404A
:1011400013436B60027D002A059B00D11346C9063C
:10115000C9095918427D12040A43AB495118A960C4
:101160001F211C911F9A0A40817949078918C27969
:101170005207D2088918427AD206120B8918827A4D
:10118000D206520C8918039A1143C27AD206920DE4
:1011900089186961807E01280AD15FA8C17E4BA8A9
:1011A000417000218170017003F070F980B22861F4
:1011B00032A8C079954C012804D132A801F08EFAEA
:1011C0001D9820605FA80699418391498031018371
:1011D00090491E31C182CA2181828F4868908F4810
:1011E00067908F4866908F4863908F4862908F48D1
:1011F0006190049860905F9604245FA8102101F02C
:10120000F3FAC00732D0442C00D1AAE14EA8015312
:10121000761CA41CF1E7C046010601050114011665
:101220000115011701070100011B011A011D011C15
:10123000010401030102010901080000380800202F
:10124000593F00102140001080E200E000E100E082
:101250000030205008C0014000400140B400002090
:1012600080E100E004E400E0C80020504E96002534
:10127000369536A81F90001D4EA9442206F03FFB6C
:101280000C9805711E99418005705FAE30460F3095
:10129000052106F0E0FB35761D98F0757576B5777B
:1012A000B583B5763573609561954BAC32A91D91C8
:1012B00020461F9AFFF7AAF90422304621462B4602
:1012C000FFF754FA1D9800791F905948C6683046B8
:1012D0001A9C214606F01FFCA64200D243E15FA9FA
:1012E0000A79202A00D340E15FA9497E212900D351
:1012F00044E100044F4B9861639843075FA8C67BA5
:10130000B607F3181F9E1C9C26401F9636069B1995
:10131000D2041A43037F9B04D218437F5B04D21884
:10132000837CDB06DB0BD218837FDB07DB0EC67CFE
:10133000F606360DF318134342791E9C22403D4CAD
:101340001A43E261C27D531E9A41D204C90689083C
:101350001143027E52048918374A0A432262817976
:101360004907C2795207D2085118027A92069209A7
:1013700089181F9AD2038918827AD206520C8918CA
:10138000C27AD206920D8918027B1C9B1A400A432E
:10139000E262807E01280AD15FA8C17E4BA841701D
:1013A00000218170017003F071F880B2A06232A850
:1013B00001F02AF91B981549086032983399129A5E
:1013C000156055600A9A03C20D99CD600D610798AA
:1013D00048610F980570157008460C30079003A1FE
:1013E0006D004D5B6D00AF4465400010C5018B0280
:1013F0008B022900390045005E00C046816042062C
:10140000A09F27F7010102030000084000202050A0
:101410002020000002C0FFFF02C0000002008B007D
:101420002080CD000140440627E04AE6202001C28A
:1014300038080020C8002050000004800F9DAB1C1D
:1014400028461A300C90A87E002800D186E0032898
:10145000189C00D1ABE1FD4802F08AFA0F9A90780F
:10146000D178090208181179090452791206511825
:101470000E1840E102200F9C215836AD20AA2846C4
:10148000FEF778FF2878082802D105202546A7E135
:10149000A01CF749016018990846BC30D4313CC8FB
:1014A0003CC1008808800F998B7908228A71082B2B
:1014B00000D11AE202200C580B98FF30ED49096860
:1014C000014201D000F084FF1F931E922068002883
:1014D00001D000F080FF189A1346D5334D208000CC
:1014E000261825460E9801C5307A00281D930CD089
:1014F00020460C30E0491D4602F063FE36A811225A
:10150000294606F0A3FA1F9919E070681221414399
:1015100060181F99017515301122194606F096FAC8
:101520007068401C102800D1002070603168814232
:1015300001D101203072284602F038FE1E99206841
:10154000401C2060082900D114E10F9DA97136A923
:1015500011221D9806F07AFA062041E1122028583F
:1015600016E001F0D7FDC5480EE0C5480CE0C548BF
:1015700002F0FEF9C44807E0C44805E0C44803E0AF
:1015800002F068FB02F0A8FA02F099FA02F0A4FA5D
:10159000189C162168501193826BC36B0520109024
:1015A0005043403019900A205043590040181030E1
:1015B000179050001493D90008185430169016351F
:1015C0001A95032A00D9E1E01A980068179944187F
:1015D000501C15901698149B13920246042B50D859
:1015E0002078012849D11A98016880201D91085C53
:1015F00000281F931E920BD060781F210140A54840
:1016000024380068C840012101404E424E4108E0A4
:1016100060781F2101409F4824380068C840012697
:10162000064002F0C3FC7D22D20000231B9306F08B
:1016300019FD1D9DE96F411A0A041F9B1E9A1CD0BB
:10164000AA5A1C921A46199BEB189B5C9E420BD01F
:101650001C9A142A21D288B210188F4988421F9BE5
:101660001E9A08D38C4806E088B21C99081A00D24A
:101670001B981F9B1E9A1D9988525B1CA41C083244
:10168000ACE71998401D199017980A3017901698D2
:10169000801C1690159A189C93E71D99C867002224
:1016A0001C921E980A52139D109E6E431A98016850
:1016B00089191F980C184022A35C01211E914B40F0
:1016C000A3541A9909688D63C86389190918895C3C
:1016D0000C9A1E9B13702A04030613431A0E0D9CCA
:1016E0002277E5761C98A076617620765E186B48A6
:1016F00011990E60486002240F998C70F0B2022894
:1017000000D1F2E006200D580B98FF3059490968C6
:10171000014201D000F05CFE2868002801D000F0F2
:101720005AFE28460E9902C05C21695C002907D048
:1017300028460C305049189A02F043FD344613E015
:1017400029465C31AA6D9200AA185661AA6D531CF5
:101750000022102B00D01A46AA656B6D934201D16E
:1017600001220A7002F022FD2868401C2860E0B2C5
:1017700002282CD10D98406912210F9D685000213C
:10178000A976AB1C29461A310C9101E71A9800681A
:1017900000238363C36336A8642202F073FD119BA8
:1017A00038983699379A06C30F998872083B20A952
:1017B00018461D4602F07AFD2B4600280F9D02D1E7
:1017C00016202858E7E603200C99087009E00F9DC1
:1017D000AC70200C2871200AE870200E687104207B
:1017E000189C2870099A129903C90143484248413C
:1017F000002900D001E3059006921120000126186F
:101800001320000123180725472080002018159079
:101810000898C00020180C90D7204000201808908D
:101820002046FC301C9012990846083013900A9A02
:10183000107A00281D961E93049531D00846143066
:101840001490087D800002A108588746388900104E
:1018500069180010EF18001001190010B7180010D7
:10186000D11D0010CB1B001013980068129952E094
:101870007804002004ED00E0B48D00100E0000009C
:1018800010000000488900100F0000001100000047
:1018900012000000280000D0FFFF0000B805002063
:1018A000A801201806CA06C03920C00020181A2135
:1018B00005F0D6FF25E018791C990A4610321A92D5
:1018C0000D460C351C1D002809D0032812D11878AC
:1018D000002807D0032810D1B269F6695FE03068AC
:1018E0001A9949E0083645CE56E0F7484CE6F748E5
:1018F00002F03EF8F64802F03BF8F64802F038F8FD
:10190000FEDE0020129908750720800120188860EB
:101910000A46143214920B9AEF4BC860BFF35F8FE4
:10192000EE48012141721046FF301968014201D092
:1019300000F04EFD1646EA4CEA49204602F0AFFEA2
:10194000B42282580B2A03D8B430531C03602E46AD
:1019500017960868401C08600C2A1D9E02D2129837
:10196000046107E0E04802F09FF81798000A02F0CF
:10197000A7FE05E61E9BC5E11A917060706881683C
:10198000162954D21C9AD06100221A701622561AB7
:1019900042180C32159944C11D99143145C1002ECD
:1019A00060D019921B94D14C204610304E904EA816
:1019B00002F0FAF900291F9559D016908E4235464B
:1019C00000D30D46CA4B284619993246FEF7D9FD79
:1019D000C84A0092169A2B4605F062FBA06940198E
:1019E00061694900411A00D30846BFF35F8FA061C7
:1019F00001201E9908701D9E70688168491916297A
:101A000000D316218160706881680C30BA4A00F0FA
:101A1000FAFE07291F9D00D9ABE11B9C002900D1CC
:101A2000F4E1491E421C007800281046F6D11C9EA5
:101A3000B16988680C311622B04BFEF7A2FD1F90E9
:101A40000B20199000291B9400D1FAE00E460021CA
:101A50008E4200D1C6E01F98405C002800D1C2E051
:101A6000491CF5E701241C711C701D9E5FE12034A8
:101A7000A3492046189A02F0DAFB03221E9B1A7132
:101A80001A702C680B98FF3093490968014201D005
:101A900000F09EFC11922068002801D000F09BFC11
:101AA00021460E9801C11B915C20205C25465C35C7
:101AB0002146143116910026012805D120460C300C
:101AC00002F074FB1E9B2E78606DA26D9042099906
:101AD00000D131460222C90719920CD00021297089
:101AE000421C102A00D011466165800016990A58E0
:101AF000D0B2022808D182491B981546189A02F0E4
:101B000060FB2A461E9B19982168491C2160022807
:101B100000D046E11A9E316836AC20AA2046FEF776
:101B200029FC207808281F9D00D153E21A9636AE72
:101B300070791B90B07B1990F07B1690707C11909F
:101B4000F088109030890F907289B189B0780D902B
:101B5000F37830883A9E379C28701C9DEB730D9B60
:101B6000AB73000A68731A980470080A68762976BD
:101B7000100AE875AA750F99080A687529751099F1
:101B8000080AE874A974119868772E771698E87691
:101B90001998A8761B9868745048407ABFF35F8FF5
:101BA000002800D130E12C68122215981F9905F009
:101BB00048FF28461E300C990C6148610120A87727
:101BC0000020089908741D9E1E9B36AC20AA204652
:101BD000194600F0F9FF1E9B2078022800D091E002
:101BE000052103E13146002420461A91884200D3A2
:101BF00040E1B04201D300F0F7FB1F9A125C851858
:101C00001A998D421DD8401C012595420DD2B04233
:101C100000D36FE3B44214D231461F9E335C335578
:101C20000E466D1C401C641CEFE7FF2A1A99DDD09C
:101C30008842DBD2B44204D200221F9B1A55641C96
:101C4000D4E7199EAE4801F02FFF304600F00CFE9D
:101C500002F000F81C9DA86981680C30A94A00F0C8
:101C6000D2FD0A4600239A4205D0C15C002901D06A
:101C70005B1CF8E7DC43A869816800259A4200D024
:101C80000D1903240823172900D365E22E464D1BA6
:101C900000D266E20C30411932461D4605F023FAA7
:101CA0001C988069866001201B990870E91E05292F
:101CB00000D9A9E01D9E1E9B7944097949008F44F3
:101CC000302121616736C04613000000D48900101E
:101CD0002C8B0010EC8A001004ED00E03808002086
:101CE00018060020209000101A000000B400002008
:101CF000648A0010748A00103C8B00104C8B00101A
:101D0000B48D0010E048E149129A9161D061002041
:101D10001871D06830601C1D11461C3115461835ED
:101D20002AE60440BFF35F8FD9484472EAE7D948F6
:101D300001F0BAFED84801F091FEE5B2042D03D1BE
:101D4000042001F094FE1F9C204601F090FE01F05B
:101D500081FF052D00D00DE61C98406802F012FEB0
:101D6000012014990870139800F026FD179D189C07
:101D7000C7E5C31C032293431A1A49D10B46083BFB
:101D8000002278E336A98C70C448801D088003E0E7
:101D900036A9C24808808C701C98406802F09CFCF0
:101DA000E8E5BB49497ABFF35F8F00291F9C5FD0EC
:101DB0001C994873100E0874100CC873100A8873AD
:101DC0000868002121700C9A11C2089801701D9EAC
:101DD000092040011899091836AC20AA204600F0C5
:101DE000F3FE1E9B207802288CD1042114980170E8
:101DF00003200A990872069A05980243012A13D112
:101E000003200A990874D9E01D9EB3E51E9BB5E531
:101E1000C31A04461C9E2578002D27D0641C5B1C29
:101E2000F9D30B46083B34E3079B03CB01256840FD
:101E3000083B084300D0D9E20224002650C3129A7E
:101E400003CA6840083A083B084300D0CEE250C2BB
:101E5000186C596C01431D951E966BD14F20800064
:101E6000195C03295AD000295CD063E01B9CDFE594
:101E70001D9E47E7B04207D21F99095C421C00290A
:101E800000D002461A9200E01A90854800904EA8B1
:101E90001F993246234600F0C1FC4F9D4E9E519A39
:101EA0005099804800901A98031B4EA800F0B6FC89
:101EB0007019519D4C904B964EAC4BA9204600F0AA
:101EC000DBFD2078012802D14EA84678BAE64F9B68
:101ED0000E26072B00D9B5E6980001A108588746C1
:101EE000091F0010EB1F001005200010D91F001063
:101EF0002F200010552400104D2000101D20001030
:101F0000170000005C8B00104BA8FEF767FC04462E
:101F1000C0B2022800D0E5E0260A93E61846483011
:101F200000F04AFC604DA847604E1D983060A847FD
:101F30003460A8475E4E189C1F941E98042830D029
:101F40000E9D093D401C1E90002D26D01F98401963
:101F50004221415C00291ED04321445C204602F00E
:101F600081F8002101607E2020401E2828D27F2099
:101F70002040E106090E71181F224A60202824D251
:101F800041080C220A40B1184007C00E0F228240BF
:101F900048480A50189CAD1CD6E71F980A301F907D
:101FA000CBE70A981D9D05744348606201F0D4FF99
:101FB000A169A943A161C0B202F032F86BB0F0BDD3
:101FC0003E481D213E4A01F0F5FB3E481C213E4A99
:101FD00001F0F0FB119909E74BA802F049FB0E460E
:101FE00001240C40C007032314E04EAC4BA920464B
:101FF00000F042FD2078012831D14EA84078082316
:1020000035A91FE24BA802F033FB0E4601240C4019
:10201000C0070223002800D014E61BE204264B98D8
:102020004C99884200D10DE60478049B16E02E46B8
:1020300006204F904BA84E904EA8FEF781FC010A57
:10204000CCB2C1B2022951D1214680E004264B987E
:102050004C99884200D1F5E504780623FAE14F9ABD
:1020600008230E2035A9072ACBD806201F9052003E
:102070007A4492885200974429008A009A00790095
:10208000BD00CF00E101AD0078040020B8050020BC
:10209000380800201900000029000000770800001F
:1020A000FC8A00100C8B00109D05001000302050A1
:1020B0000040014060310000010A0010E48D001072
:1020C000048E00108D8A0010AC8A00101C464BA8AC
:1020D000FEF784FBC1B2022900D0C3E0000A35A993
:1020E0002346AFE1200A1F900023B3E10E25C0076D
:1020F00000D177E14EA8FEF723FC010ACAB2C1B2B3
:10210000022901D1114622E01F92C00700D169E1E6
:102110004EA8FEF715FC81B2090AC2B2022A16D0F7
:10212000C00700D15EE14EA8FEF70AFC81B2090AA1
:10213000C2B2022A0BD0C00700D153E14EA8FEF76D
:10214000FFFB81B2090AC2B2022A00D0B5E008231F
:1021500035A80170354676E100201622E34B01F0E8
:10216000F3FA1622E04B284601F0EEFA4BA81C4683
:1021700000F0F6FB03211F910A060240D1494B1CD7
:1021800035A99A42234600D15CE1040C6DE01E465D
:102190001A95022060904BA85F905FA8FEF7D0FBD5
:1021A000010ACDB2C1B2022945D1294653E04EAC55
:1021B0004BA920461E4600F098FB4E9A5FA802707D
:1021C000E378D0B235A9022B334600D13AE1140CA2
:1021D000022049E01A932E4610204F904BA84E90B3
:1021E0004EA8FEF7ADFB010ACDB2C1B202293DD126
:1021F000294615E11E464BA800F016FCC107B2495E
:1022000000D1B6490140080604221F92002800D1DF
:1022100014E13346080AF3E64BA81C4602F028FAFC
:10222000234602460846D20705211F9135A9002AF8
:1022300000D103E106E10E21C0070CD06098002810
:1022400009D05F994EAC204600F04FFBE0780228A1
:1022500049D14EA8017808201F905FA8334601702D
:102260001A9DE3E0040E00201F90E7E00E211F916D
:10227000C00700D1D3E04EA8FEF762FB81B2090A85
:10228000C2B2022A00D1CBE0C00700D1C7E04EA8FD
:10229000FEF756FB81B2090AC2B2022A00D1BFE0A2
:1022A000C00700D1BBE04EA8FEF74AFB010ACCB242
:1022B000C1B2022922D12146B2E0C00700D191E08B
:1022C0004EA8FEF73DFB010ACAB2C1B2022900D1F5
:1022D00018E7C007294600D139E735A80470042360
:1022E0006AA8114635E74EA8847801201F9032A8CD
:1022F0002946B3E77B4A314601F062FAC00700D1B4
:102300008DE04EA8FEF71CFB81B2090AC2B2022A78
:1023100000D185E0C00700D181E04EA8FEF710FB98
:1023200081B2090AC2B2022A7AD0C00777D04EA879
:10233000FEF706FB81B2090AC2B2022A70D0C007BA
:102340006DD04EA8FEF7FCFA81B2090AC2B2022A89
:1023500066D0C00763D04EA8FEF7F2FA81B2090A30
:10236000C2B2022A5CD0C00759D04EA8FEF7E8FAE4
:1023700081B2090AC2B2022A52D0C0074FD04EA879
:10238000FEF7DEFA81B2090AC2B2022A48D0C007BB
:1023900045D04EA8FEF7D4FA81B2090AC2B2022A89
:1023A0003ED0C0073BD04EA8FEF7CAFA81B2090A58
:1023B000C2B2022A34D0C00731D04EA8FEF7C0FA0C
:1023C000010AC9B21991C1B2022912D1199927E0A3
:1023D0003E48FFF7D9F83E4801F066FB00F066FA88
:1023E000FFF7CEF82946B2E63D4A84E74048FFF7BA
:1023F000CBF8C00713D04EA8FEF7A2FA81B2090AA3
:10240000C2B2022A0CD0C00709D04EA8FEF798FA33
:10241000010ACAB2C1B2022920D1114600E01F99B7
:1024200008201F905FA8354601701A9B1F98082846
:1024300002D15FA80078E3E54EA800786AA90C7085
:10244000012369A9087035A80678082B344601D104
:10245000FFF7F8FB1C988069816814E4C0071F9996
:10246000DED05FA8057032A81999017007201F906F
:102470004EA81146D7E784186468164E351B2543CD
:102480008458361B2643144C26402E40A64202D1C7
:1024900008329A42EFD9891A05D11D9E1E9B1B9CBA
:1024A0001F9DFFF76BFA80181D9E1E9B1B9C1F9D96
:1024B0000278002A01D1FFF7BAFA401C491EF7D171
:1024C000FFF75CFAFFFFFF0101FF000016000000AC
:1024D0001400000000010101808080800000FFFFE7
:1024E000BC8B0010CC8B00102889001018890010BC
:1024F0000700000080B500AF3922D200815080185B
:102500000021017180BDD4D4E0B502AF044600259E
:102510003F20C600B54244D026484019009001F043
:102520001BFD009A91690029019100D1032191615D
:10253000C0B201F075FDAD1901980028E8D11D4821
:1025400040191D4945181D48686228462830214613
:10255000FFF7D0FF2C6201F0FFFC21682560E961E4
:10256000C0B2002900D140BF01F05AFD01F0F4FCD7
:10257000256800212160C0B201F052FD002D0ED06F
:1025800001F0EAFCA96902229143A961EE69C0B297
:1025900001F046FD696A284688473546EEE720BFC8
:1025A000E4E7074801F080FA00F070F901F052FB0F
:1025B00001F092FA2801002008FEFFFF090A00102E
:1025C00006000000F8B504AF0C460646C178204668
:1025D00000F09AFAC0B20225102812D1B178204634
:1025E00000F092FAC0B210280BD10020305EC21366
:1025F00041005140204600F06BFAC5B2102D00D0CA
:1026000002252846F8BDD4D4F0B503AF89B00546FD
:10261000007900242146FDF7EBFF2A48006803906B
:102620002949022005900860284A10690290106824
:10263000019001235E04264806960660281D04903A
:1026400007909B06234D042C09D007AE36593678E7
:10265000F606B60D1E431661D560241DF3E70298F9
:10266000106101981060039884071B4E0C4600D53A
:10267000344605982060134C24680394086014695C
:10268000029414680194069C114E3460049C0894D2
:102690000026042E0BD008ACA4592478E406A40D1F
:1026A0001C4314612C467F34D460361DF1E7029B35
:1026B0001361019B1360039A920700D506490860D5
:1026C00009B0F0BD0000205000302050E400205040
:1026D000E430205001E0000000202050F0B503AFAE
:1026E00089B03049096803912F4A012111602F4BAD
:1026F0001C6902941C6801944C042D4D05942C60B7
:102700000690001D04900790072044038D060020CA
:1027100004280BD007AE36583678F606B60D2E4391
:102720001E6126468136DE60001DF1E702981861C1
:10273000019818600398C0071E4E104600D030461E
:1027400001601848006803901160186902901868C9
:1027500001900598164E30600498089000200428D7
:1027600009D008AE36583678F606B60D2E431E61EF
:10277000DC60001DF3E70298186101981860039867
:10278000C00700D00B4A116006994879002801D192
:10279000042000E00620085C0321FDF729FF09B0B2
:1027A000F0BDC0460000205000302050CC0020502A
:1027B000CC3020500020205080B500AF017B022992
:1027C00002D9806802F0DEF880BDD4D480B500AFB5
:1027D00004490A6B002A03D10020C043086380BD6E
:1027E00001F078F8B400002080B500AF06C80838C2
:1027F0008A4201D1002080BD4A1C02604900401875
:102800000189012080BD80B500AF172900D280BDAD
:1028100013460020162200F097FFD4D4D0B502AFA3
:102820009A4204D3D21ACC181AC00260D0BDBA683A
:102830000148132100F0ACFC848A0010B0B502AF4F
:102840000C460546074801F009F9012D06D1012083
:1028500001F00DF9204601F013F9B0BD002001F0A0
:1028600006F9B0BD1F000000D0B502AF0446054810
:1028700001F0F4F8E0B2800003490858007801F054
:10288000F6F8D0BD22000000AC950010D0B502AF24
:102890000348044CA0470448A0470020A047D0BDEF
:1028A000030000005D3A00101E000000D0B502AF2A
:1028B0000348044CA0470448A0470020A047D0BDCF
:1028C000030000005D3A00101D00000080B500AF5D
:1028D0000CC808389A4203D0511C0160117800E0FE
:1028E0000421D21A5042504180BDFEB506AF0446C5
:1028F00003200290019101A8FEF736F80546000E6C
:10290000032803D10220E0702570FEBD022822D0EA
:1029100001A8FEF729F80646000E032803D102207D
:10292000E0702670FEBD022815D001A8FEF71CF845
:10293000010E032903D10221E1702070FEBD02299E
:1029400009D02081A6802580000C6081300CE080B9
:10295000280C6080FEBD0220E0700E20EDE7D4D48C
:10296000F0B503AF85B0044603AD2846214600F01C
:1029700083F8012042062878012802D103A846786E
:102980004AE004980E26012846D80190029203AD31
:102990002846214600F070F82878012802D103A8C3
:1029A000467829E0049D042D26D8204600F03CF806
:1029B000C10702D01A49084004E0410CC003C01707
:1029C00048400004C10703D116490840401C04E0F8
:1029D0000F21090400020840801CFF21C2B2022A14
:1029E00001D1134601E00B060340090401405918C8
:1029F000090C022A02D10E46029A0DE0C007029A83
:102A00000AD003A80180EAB212044078000210182C
:102A1000019A120682180E46F0B2104305B0F0BDBE
:102A200001FF00000000FFFFF8B504AF04460025D9
:102A3000EE43022E15D02046FFF748FFC00712D103
:102A4000761C7F200840072272430F2313409840D2
:102A5000054348B20028ECD4022E08D1C8B203289E
:102A600005D90448F8BDC8B20002401CF8BD2804CE
:102A7000F8BDC04601050000FEB506AF0291019009
:102A80000026F4433546042C14D00298FFF71EFFAD
:102A9000C00713D11F2030407F220A4082401543D7
:102AA000F61D641C48B20028EDD4042C0CD1C8B229
:102AB0000F2809D905200199487002E0019841705A
:102AC000014601200870FEBD01994D600020F9E724
:102AD000BCB504AF01AA00239370138089B2012210
:102AE000042A0CD001AB9B185C1E2170CB0907D0C7
:102AF000C9B280250D432570521C1946F0E7032208
:102B000001A900F00FF8BCBDE0B502AF6B46002292
:102B10001A71DA709A705A7019700122194600F011
:102B200001F88CBDF0B503AF87B014460646002C03
:102B300043D002910A7804AD2846314600F0F6FAF7
:102B40002878002803940FD0012816D13569B06881
:102B5000069C059A29461B4B01F07CFD0470F06829
:102B6000A84228D0002105E004A9F068326990420B
:102B700021D049780170401C17E004A8447A3569D7
:102B8000B06806990191059A29460D4B01F062FD46
:102B900001990170F068A8420DD00470411CF160E9
:102BA000A94208D000214170801C0299491CF060A4
:102BB000039C641EBBE7022000E0102007B0F0BDBC
:102BC000DC8A0010CC8A0010F0B503AF8DB00492FF
:102BD0000E4601908E20085C303107913346503309
:102BE00035468E35404A0028059302951CD00328AF
:102BF00000D038E1184614300690187D002836D0F1
:102C0000032800D032E1079800784000784480889B
:102C10004000874405002E013401B200A7009C004B
:102C200031697569B4692BE1B06EF26E0692306756
:102C3000344678341621204604F012FEFF2002307C
:102C40000990002208920C95069D304679300B9031
:102C50000A9428787844007940008744032F21257E
:102C60000C47502B691C08A8FDF748FC4CE0B568E0
:102C7000F468316E5AE108A80421FFF745FFC0B29D
:102C800010283AD10125072D43D00698415D08A8A8
:102C9000FDF7CAFB0446C0B26D1C1028F3D0C8E093
:102CA0006A7808A8022102E06A7808A80321FDF7E3
:102CB00015FC29E06A7808A8072123E0039208A8F8
:102CC0000121FFF721FFC0B20224102800D0B0E09C
:102CD000A878C046784400794000874403966D7315
:102CE00061BBBF7FE91CBEE70000205008A805219A
:102CF000FFF70AFFC0B210280BD0022499E06A78CF
:102D000008A80621FDF7DAFB0446C0B2102800D05F
:102D10008FE00B9C09980690089A0C9D0A98F34B3B
:102D20000390294601F096FC2146069A027002247F
:102D3000A9427ED000200870039A002A79D0881A10
:102D4000411C7167326071600C46059BDFE03446C0
:102D50003834187800281BD0032800D133E1DD482F
:102D600000F006FE19460C31187B0028039111D0A3
:102D7000032800D080E0B06DE5E0344638341878A0
:102D800000280BD0032800D184E1D44800F0F0FDE6
:102D9000B06C08E1716BB56BF46BEBE0B16CB0E05B
:102DA00008A80421FFF7B0FEC0B2102841D1A988BD
:102DB00008A8FFF78DFEA8E708A802242146FFF720
:102DC000A3FE2EE008A80321FFF79EFEC0B2102844
:102DD0002FD1281D08A9FFF7F5FB95E708A80721C3
:102DE000FFF792FEC0B21028039A22D1ED1C102AE0
:102DF0008FD0A95C08A81446FDF716FB22460446AE
:102E0000C0B2521C1028F2D013E008A80121FFF72D
:102E10007BFEC0B210280CD1297C08A8FDF704FB6A
:102E20000446C0B2102804D1281D08A9FDF7B3FD3F
:102E30006AE7B54800F038FE2046FFF715FD00F0C0
:102E400009FF03200125C0B200024019019A03C204
:102E5000012030E1EA7808A8052128E708A8062122
:102E6000FFF752FE51E7A04800F082FD9D4800F0B8
:102E70007FFD9B4800F07CFD974800F079FDFEDE69
:102E8000F161356274620020002C2AD0C8790028D4
:102E90002DD09748089008A800F09FFF02460B46E7
:102EA0008C4200D31C46204611461A46934BFDF730
:102EB00068FB934A00922A46234604F0F1F88C4AB4
:102EC000D068001951684900411A00D30846BFF381
:102ED0005F8FD0607C4A106810210143116020464A
:102EE000059B0121079A1170069A11700BE0754A33
:102EF0001068C00700D0B8E000201870B1643446F4
:102F00003834F16492E0716F0C1A74677168002CA8
:102F100013D0081B13D300211975316F3166326845
:102F20001518B560F460184614300690316175616B
:102F3000B4610020079A1070A2E7002583E7714B67
:102F40000A4600F001FC5168C90303D41061F56C16
:102F5000306D14E05C4A1068102101431160049840
:102F600006C86348283001F062F90320039908700D
:102F7000042098E031647564B46428193065854292
:102F800006D0681CF0642878316C7165B065DAE7AA
:102F90000020012119731870B16CB062F162F06900
:102FA000B06434463834F0645068C001FCD508A8D9
:102FB0005F22002301F066F90A980899099AB16323
:102FC000F263079908742046049901F06FF900280C
:102FD00027D101253E480560F06CFFF715FB00F096
:102FE000BBFF04464448FFF7F1FB342040490D5431
:102FF000086B401C0863E0B201F012F8022033496C
:103000000860059B1D70B16AF06A079A1570CAB214
:10301000022A4AD0069A1570C90700D173E700202A
:1030200011E703200599087005203CE000F094FFAB
:103030002F490A6B2F4B9A4241D2C0B234228D5C89
:1030400000F0EEFF002D19D0022021490860F06C3D
:10305000FFF744FB10201D49086001200860059B14
:103060001870F169356A746A164A7163B563F4635E
:103070000020187318460C3003907BE708A808223C
:10308000002301F0FFF80A980899099AB163F263E6
:10309000079908742046049901F008F90028C5D062
:1030A00003200599087007990870019A0699032072
:1030B000087002211170029908700DB0F0BD00F087
:1030C00023FCC046000020502C012050002020503E
:1030D00000302050148A0010E4890010348A001057
:1030E000548A00101C8B00106C8B0010BC8A0010DE
:1030F000B4000020FFFFFF7F248A0010F489001035
:10310000048A00107C8B00101800000080B500AF0E
:10311000FDF75BFB80B500AF02482F21024A00F0AB
:1031200049FBC0468C8B001058890010D0B502AF07
:1031300013060CD00B795C1C0C714B795B1C4B712A
:10314000E44324060FD0002101704270D0BD01225B
:1031500002700A7902720A6842604879FF230233DA
:103160008B8010180AE04272FF220272022404705F
:103170000C68446002328A80D8B220180860D0BD42
:1031800080B500AF0B4606C8184600F0B3F880BD06
:1031900080B500AF86B00291019003A801210181A2
:1031A000049201A9039101F0EBF8D4D4F0B503AF78
:1031B0008BB01646DA0700D08EE00291069003939A
:1031C0003478002C00D18DE00298C0680590002072
:1031D00004900120019003E03478002C00D181E0BC
:1031E000751C60B2002808D4069829462246059B23
:1031F0009847002879D12E19EEE7802C17D0C02CE3
:103200001BD100200A903A4809900298089006982D
:103210000790049CE100039A505851184A6807A986
:103220009047002861D1641C04942E46D4E7287886
:10323000697809020C18F51CD6E7E00701D12C4883
:103240000AE02878697809020818A9780904EA7858
:103250001206511808182D1D0022A10703D4134689
:10326000610707D40BE029786B781B025B18AD1C53
:10327000610704D529786A7812025218AD1C21071B
:1032800003D42E46E10608D40BE029786E78360286
:1032900071180491AE1CE10603D5D900039B59189F
:1032A0008B88A10601D4039C03E0D100039C611824
:1032B0008A8807A9CA818B8109900298089006988C
:1032C0000790049DEA00A058A21852689047002871
:1032D0000BD16D1C04957FE7CC685A083146A04796
:1032E0000BB0F0BD00200BB0F0BD01980BB0F0BDED
:1032F00020000060F0B503AF8BB00D468468E3009A
:10330000990F00D1FFE0002B01950390029414D493
:10331000102A34D2002A00D12AE10020294615467D
:10332000064603E0491C6D1E00D1A2E00B56402466
:10333000E443A342F6DD761CF4E7C089002800D1FF
:1033400091E0A9180022064605E0651C2C1BA21876
:10335000761E00D18BE08D4200D187E02C46002301
:10336000ED56002DF1D5EDB2E02D03D3EF2D03D8AE
:10337000032502E0A51CE9E704256519E6E7EB1C37
:1033800003208343EC1A0092111908910490014024
:1033900000200993AB4206460A9070D10029089B91
:1033A00010D076481840099A141800252E4602E0DD
:1033B000641C491E06D060574022D2439042F7DD7C
:1033C000761CF5E79C080A9833186F49099D13E0AD
:1033D0000022089C079EA41B0598099B1D18100A33
:1033E000684B1A4018408018654A5043000C0A9BED
:1033F000C318069A002A52D1002C3ED00A93C02C42
:10340000224600D3C0220894134604980340069332
:10341000079290003F221201059002400995D7D0F3
:10342000AE1800222B465D68AC09ED43ED0925433B
:103430000D401C68A009E443E40904430C40A018B3
:1034400028189A689409D243D20922430A401018D6
:10345000DA689409D243D20922430A401218103381
:10346000B342E0D1B5E70022134600E03346C31A69
:1034700031E00398029C33462FE0009A2BE00025B0
:1034800001980A9502E0401C641C87D242574023F1
:10349000DB439A42F7DD0A9A521C0A92F3E70A9339
:1034A000FC200640B000099B1E1893000020009AE3
:1034B00010CEA509E443E4092C430C4020181B1F3F
:1034C000F6D1010A2F4B1840194008182C494143E6
:1034D000080C0A9BC3180398029C81898B4211D265
:1034E00000922A4A22400992CB1A6100890F0026D5
:1034F0003546C0467944097949008F440E010C0EC7
:103500001D460AE0019D01684068C36808462946D7
:1035100098470BB0F0BD99B24D08079301680A9126
:10352000446801200890A8B2B1B2814207D2226952
:103530000A9809999047761C0028F4D015E0E368B2
:103540000A980199009A984700280ED10798401BC5
:10355000002586B20795A8B2B0420BD222690A981C
:10356000099990476D1C0028F5D008980BB0F0BD64
:103570000023B2E707980BB0F0BDC046FCFFFF7F09
:1035800001000100FF00FF0001010101FFFF1F001A
:10359000F0B503AF8BB0594B0A935B1C0890806861
:1035A0000340059101D02B2101E01121090407916D
:1035B0000126F1050140CD0D590D8B18089CA189FC
:1035C0008B4206921CD2039109950496C10127D41F
:1035D0000A9901400A910399CD1A4000800F0026F4
:1035E000099B800001A108583146874689360010A2
:1035F000FD35001085360010FD350010294643E0EA
:1036000011CC0A902146079A2B4600F07DF800283D
:103610004DD1E3680A980599069A9847064646E010
:103620000293A5683648284036494018A060E068F3
:10363000019041CC0A903146079A099B00F064F84A
:10364000002833D1099502980399081A002485B2FD
:10365000A0B2A84207D2326930210A989047641C70
:103660000028F5D022E0F3680A980599069A984751
:103670000028049E1BD10898099981600199C160B6
:10368000002614E0A8B241080395256860680890F8
:103690000C46A0B2B1B281420CD208980269284609
:1036A0000A999047099B761C0028F2D0049E304668
:1036B0000BB0F0BD28460899079A00F025F80028BD
:1036C000049EF4D10898C36828460599069A98473D
:1036D0000028ECD10398001B002486B20994A0B204
:1036E000B04208D20898026928460A999047641C9B
:1036F0000028F4D0DAE7099ED9E7C046FFFF1F0093
:103700000000E09F30000020F0B503AF81B01C4600
:103710000D46112109048A420AD02B69064611463A
:10372000984701463046002902D0012001B0F0BD83
:10373000002C05D0EB6800222146984701B0F0BD6F
:10374000002001B0F0BDD4D480B500AF86B0904267
:103750000AD9009001921348059001A904910390A1
:1037600068460290124818E091420CD888420AD963
:10377000009001910B48059001A9049103906846BF
:1037800002900A4809E0009101920648059001A9BB
:103790000491039068460290034802A91A46FFF775
:1037A000F7FCC046E93700107D8700105A860010EC
:1037B000B487001080B500AF4900491CFFF7E8FC52
:1037C000FEB506AF01910090054805906946049149
:1037D000039001A80290034802A9FFF7D9FCC04654
:1037E000E937001082860010F0B503AF87B0019171
:1037F0000668F0087D28009648D30A253046314CEB
:10380000214604F088F903904443301B029082B2B1
:1038100092082D484243530C28465D002B494C5DCD
:1038200004AA1218111F0C70D11E284C64190546E9
:1038300064780C70642159430298401A80B24000A9
:10384000224C215C931E197020184078511E039A57
:1038500008702D1F1E4886421646CFD8092A19D94E
:1038600090B2800818494143490C64204843101A1B
:1038700080B24200154B9C5CA81E2E4604AD2C5411
:10388000AC19641E9A185278227005E00A25324657
:10389000092AE5D811462846009A002A01D00029B5
:1038A00006D04900094A51184978401E04AA11540B
:1038B00004A909180A22121A0198FFF769FE07B035
:1038C000F0BDC046102700007B140000DC8B001008
:1038D0007F96980080B500AF84B0024603480290FE
:1038E00003A80190024801A9FFF752FCF538001027
:1038F0000291001080B500AF084602491822FFF778
:10390000F9FC80BDF58C001080B500AF84B0044890
:10391000029003A80190034801A9034AFFF738FC6D
:103920002D39001002910010448A001080B500AFBC
:10393000084602492022FFF7DDFC80BDD58C00102F
:1039400080B500AF84B0282001900548009005485C
:10395000039068460290044802A9044AFFF718FC45
:10396000808E00108131001002910010A88E00108E
:1039700080B500AF024602484721FFF709FCC04668
:10398000A48C001080B500AF86B00091019005486E
:10399000059001A90491039068460290024802A98B
:1039A000FFF7F6FBE9370010EA84001080B500AF9E
:1039B000FEE780B500AF80BD80B500AF026840680B
:1039C000C3681046984780BDF8B504AF002000904A
:1039D000802903D268460170012128E03F22084671
:1039E00010407F23DC4300198D09CB0A06D16946BC
:1039F0004870C02005430D70022118E00B0B1540E4
:103A00002D190E0C07D1694688704D70E0200343D4
:103A10000B7003210BE00F26F643890C3143134052
:103A20001A196B46D8709D705A7019700421684637
:103A300000F040F90020F8BD80B500AF13460A46FB
:103A40000149FFF7B3FB80BD108D001080B500AFBA
:103A50000846114600F02EF9002080BDE0B502AF07
:103A600001AA10800221104600F024F98CBDE0B5B7
:103A700002AF01AA10700121104600F01BF98CBDA5
:103A8000E0B502AF019001A8042100F013F98CBD4C
:103A9000D0B502AF04460348FFF7E0FF2046FFF72A
:103AA000EFFFD0BD01000000D0B502AF044600F02A
:103AB000AFF82046FFF7D2FFFFF77BFFD0BDD0B5B0
:103AC00002AF044600F0A4F82046FFF7C7FFFFF757
:103AD00070FF00F0BFF8D0BD80B500AF02480E21E6
:103AE000024AFFF767FEC046288D0010388D00108F
:103AF000E0B502AF01A90870084600F001F88CBDDE
:103B0000F8B504AF044611480090C06A0321014093
:103B1000022901D00F4D00E00D4D00210098183012
:103B20000090C8070CD10126009821463246A847CC
:103B300000210028F5D0012803D1641C3146F0E7AC
:103B4000F8BD0121044B0A46FFF7FEFD840000206A
:103B50005D3B0010913B0010A48D0010F8B504AF40
:103B600004460020002A10D02569E368EE1A02D826
:103B7000064D751901E0DE43AD19BFF35F8F002DCF
:103B800003D00095204600F00FF8F8BDFF030000B9
:103B9000DCB504AFC368BFF35F8F0124A4020094B7
:103BA00000F002F8DCBDD4D4FEB506AF02910646A3
:103BB000BD68954200D31546EC181049481C844254
:103BC0000ED97068C018C91A01964E1C0299324667
:103BD00003F03CFF02988119AA1B019E706803E064
:103BE0007068C01802992A4603F030FF0348044069
:103BF000BFF35F8FF4602846FEBDC046FF030000A0
:103C0000E0B502AF01A908700846FFF779FF8CBD47
:103C1000E0B502AF00F0A0F90B490A78002A0DD1F7
:103C2000C2B2012008704A708A78002A05D18870D3
:103C300001A800210170FFF763FF8CBD03483D21FF
:103C4000034AFFF7A5FAC04638080020488D001047
:103C5000688D0010B0B502AF134D287800281DD034
:103C6000E87800280FD0072807D20021C9438140F7
:103C70002A790A437F20104003E07F21C94379302D
:103C80000843FFF7BDFF00242046FFF7B9FF2C7162
:103C9000EC7068782C7000F0C3F9B0BD034839218E
:103CA000034AFFF775FAC04638080020788D0010E7
:103CB000948D0010F8B504AF044645181F4A1079DA
:103CC0000090D678AC4237D02078F1B207290CD3D7
:103CD000641C002810D0FFF70BFF184A761CD67022
:103CE000F0B28628EED1FF200BE0002811D0FFF7BC
:103CF000FFFE124A009813E07F20C0437936064346
:103D00003046FFF7F5FE0D4A00261671D670009674
:103D1000D8E70120884000990143117100910846BD
:103D2000641C761CD670F1B20729CBD1072600217E
:103D300000910106C6D0E4E7F8BDC046380800206F
:103D400080B500AF0146014880BDC046B48D00106B
:103D5000D0B502AF044600F0FFF8A16902220A4381
:103D6000A261C0B2890706D4216A0A680C60E261C8
:103D7000002A00D140BF00F053F9D0BD80B500AF9C
:103D800080BDD4D480B500AF0168054A914201D10D
:103D9000406880BD0348FFF792FEFFF79DFEC046D6
:103DA000B48D001005000000D0B502AF0268D168E4
:103DB000BFF35F8F1068536892688A4201D1002177
:103DC000D0BDD41A00D32246CC1A00D3214691424A
:103DD00000D81946891A8018D0BDF8B504AF046818
:103DE000A368BFF35F8F226860681D1A194600D36D
:103DF00029460092E5682E1A2C4600D334460E1B45
:103E0000721E96415A1B534253413343A14200D87C
:103E10000146091B009A1019002B01D002D0F8BDF1
:103E20001946FCD11046F8BDF8B504AF114800683A
:103E300000900024104E114D0C2C0DD0306800283D
:103E40000ED40098E040C00702D0284600F0D2F916
:103E50004036641C0835EFE7064800990160F8BD5C
:103E60000748FFF721FE2046FFF712FEFFF7F2FE9C
:103E7000FFF732FE0C0400500C0000502403002019
:103E800008000000F8B504AF0D2000070068022804
:103E900020D2302141431448081800900025134CCB
:103EA0002E461E2E15D01C2129400F208840710857
:103EB0000C220A40009989180A6A024205D003229E
:103EC00012038850204600F095F9761C08342D1D09
:103ED000E7E7F8BD02481C21024AFFF76BFCC04629
:103EE000148E0010308E0010004101408403002029
:103EF000F8B504AF00F030F8134A01215162134DB8
:103F0000AC69EE69C0B2009000F050F8001BB141FE
:103F100002D20D48046013E00D480E4E00F052F836
:103F200000F044F80246284624300B4600F0D8F949
:103F30002A6A521C2A6200F053F800283046EDD05D
:103F4000009800F06DF8F8BD1040054038080020DA
:103F5000C48D0010D48D0010F8B504AF03F0BAF88A
:103F600004460D20000700680E490978BFF35F8FF3
:103F7000461CF0B2814201D1022411E001200090E0
:103F80000440094D03F09BF82868002804D1002C58
:103F9000F8D103F096F8F5E702480670009844401F
:103FA0002046F8BD200300207C0100D080B500AF82
:103FB000034A1168506813689942FAD180BDC0461F
:103FC0002440054080B500AF04490A6A002A03D1A5
:103FD0000020C043086280BDFFF77CFC3808002049
:103FE000F8B504AF0C4605460B4EB061F1610B48C5
:103FF0000560FFF7DBFF401BA14101D3002000E07B
:104000000120002806D10121044A11610021C94381
:10401000B161F161F8BDC04638080020104005408C
:1040200080B500AFC1B2022909D0054900220A704B
:10403000044901220A60000601D003F042F880BD65
:10404000200300207C0100D080B500AF04490A683D
:1040500082430A608A68D2431042FBD180BDC046C9
:1040600000C0004080B500AF4106890F05D1800037
:10407000001DC0B20549401880BD02481D21024AFA
:10408000FFF798FB408E0010608E001000C00140CA
:10409000F8B504AF8107CC0EFF25A540C0B280085B
:1040A0008600FFF759FF05497258AA43C023A34071
:1040B00013437350C0B2FFF7B3FFF8BD00E400E054
:1040C00080B500AF0348FFF7C9FC0020FFF7CFFC25
:1040D00080BDC0462000000080B500AF0120C103B4
:1040E0000A48016002688A42FCD1052189034160C7
:1040F00042688A42FCD1002141604268002AFCD11A
:10410000016001680029FCD180BDC046000001406B
:10411000FEB506AF164601910446FFF71DFF0546A2
:104120002048FFF74FFFE8B202903046FFF72AFE23
:1041300005468068002808D003CD083D001B019883
:10414000814126D32C60686016E02C60019868607D
:104150001548416A0191456231687068096888476D
:1041600004460E46A968002902D0E868C968884755
:10417000AC60EE60019828610B4C2434FFF716FF09
:10418000024620460B4600F0ABF8FFF729FF002857
:10419000F4D00548016A491C01620298FFF740FF0C
:1041A000FEBDC046708E00103808002080B500AFFC
:1041B000016800220260002902D0406849688847EF
:1041C00080BDF8B504AF04460668002E05D06568CA
:1041D000954207D18E4205D1F8BD0968104688473F
:1041E00003C4F8BD09681046884703C471682846AF
:1041F0008847F8BDF8B504AF0546FFF7ADFE2C685B
:1042000000212960C6B2002C0DD000966E68A1680E
:104210003046884768686E60009E29682C600029D7
:1042200001D0C96888473046FFF7FAFEF8BDFEB5F1
:1042300006AF15460C460646FFF78EFE2A46356841
:10424000002131607168C0B20290002D05D091420A
:1042500003D1A54201D1356010E0019121681046DB
:1042600088473268306070687160002A01D0D16878
:104270008847002D02D0E968019888470298FFF727
:10428000CFFEFEBDF8B504AF0093164604460025E8
:10429000FFF78CFE3018009A51412A466A41012AE4
:1042A00002D0257203C4F8BDFFF74AFBB0B502AFD8
:1042B0000D460446007A00280AD0FFF777FE024632
:1042C0000B4603CC083C121A8B4103D30020B0BD2F
:1042D00003CC083C2A46FFF71BFF01202072B0BD2B
:1042E000F0B503AF87B00493039205460023D9438A
:1042F00005910191009306952E68002E3CD03468FC
:104300007068039A121B049A824114D22346019DBD
:104310006B4002466A401A43059D631B03468B416E
:1043200000D3084600D32C46002A069D1ED10594D2
:104330000146009B0AE0B268B360002A06D0F0682C
:10434000526802911C4690472346029930692860C2
:104350003361B268002A07D0F068D2680C461D4667
:1043600090472B46069D2146B360C5E7103605945D
:1043700001463546009BBEE7059807B0F0BDD4D492
:10438000FEB506AF054602F09AFE114801780029F5
:104390001BD10124047000950E48FFF785FB0E48E1
:1043A000FFF75CFB0D480290684601900C480490B2
:1043B00001A8039005A80B4903AAFFF73DFB0A4893
:1043C0002146FFF777FCFFF745FC00F00FF8C046E9
:1043D000740400201500000002000000B88E0010D8
:1043E000B9390010029100100D8D001080B500AF9A
:1043F00000F000F880B500AF02F071FEF0B503AF39
:104400008BB0006802680192466830C9EB681A49AF
:104410000C222046029398470121002829D10091BF
:10442000706804903068039014480A9031460C314B
:1044300009910890083607961148069003A8059040
:10444000104A05AB20462946FEF7B0FE002801D0F1
:1044500000990EE00C4902222046029B9847002852
:10446000009906D101980CC820462946FEF79EFE09
:10447000014608460BB0F0BDC78C0010E9370010AC
:1044800081310010B0880010D38C0010F0B503AF5C
:1044900085B007214B0303218A03049205225403AC
:1044A0004903029101218A0301924A03039205788C
:1044B0000022AD0001A67659B746C0462945001036
:1044C000654500103D45001051450010E9440010BD
:1044D000E94400102F450010E9440010E9440010A1
:1044E000834500109B450010CA0304A1495903925B
:1044F000019202921446049213468F4629450010F9
:10450000654500103D45001051450010BB450010A9
:10451000CD4500102F450010C5450010DB450010AB
:10452000834500109B4500104178807858E08178E1
:10453000C278D20051184078224651E041780029D3
:1045400054D0202952D81F2211408078019A47E088
:10455000417800294FD020294DD81F221140807862
:10456000029A3DE0C278017900291CD0022A56D176
:10457000817807294ED81022114340788000801C92
:1045800019E04278072A3BD88178C90011430279A3
:10459000C07840001043049A22E041781F2934D8A3
:1045A00080781A461CE08178022A01D1072931D887
:1045B000407880008018039A12E0817840784000AB
:1045C000084308E041781031002009E08178407804
:1045D00040000843001D002102E041781031042012
:1045E000C0B240011043084305B0F0BD12483D2160
:1045F000134AFEF7CDFD10483D21104AFEF7C8FDD5
:104600000B482F210B4AFEF7C3FD07483321074A09
:10461000FEF7BEFD0D4865210D4AFEF7B9FD0948BC
:104620006D21094AFEF7B4FDBC8F0010D88F001031
:10463000948F0010AC8F0010548F0010848F0010E6
:10464000748F00100C8F0010448F0010C88E001063
:10465000FC8E001080B500AF091A8A4201D2801882
:1046600080BD02481B211A46FFF7A4F8F38F001003
:1046700080B500AF0AC80122083899420AD04B1C05
:1046800003600B780020002B014602D0012B03D1E0
:10469000114680BD042100E00621104680BD80B592
:1046A00000AF02460068002806D10020C043106019
:1046B00010460830114680BD0846FFF70BF9D4D4E8
:1046C000D0B502AF04460348FFF7C8F92046FFF70C
:1046D000CEF9D0BD21000000F0B503AF85B00C4687
:1046E00005469448FFF7E0F99348FFF7B7F92188AA
:1046F000934EB01D814201D8002001E08F48081878
:10470000029103947844007940008744055E525436
:104710002C6067566B3369000020FFF7A8F98D48BD
:10472000FFF79CF9207BFFF7A2F98B48FFF796F97A
:10473000607B012800D0B2E00120FFF798F90398D0
:10474000847B0398C07B01908548FFF787F9019827
:10475000FFF78DF98348FFF781F9A000039C824998
:1047600008580078A9E00420FFF781F9A07800F04C
:1047700025F93DE0092073498847039886787248F7
:10478000724CA0477248A047012030406D498847CD
:10479000B007C00F6B4CA0477007C00FA047300791
:1047A000C00FA047F006C00FA04700206749884708
:1047B0001EE0022017E0032015E00720FFF757F95D
:1047C0006068FFF75DF9207A10E001200BE005201A
:1047D000FFF74DF96088FFF741F909E0062002E094
:1047E0000A2000E00820FFF742F9A078FFF73FF920
:1047F000FFF730FA60480068C00500D095E06049D6
:104800002846FFF74CFF06460D46B030832189004D
:104810007418217A012907D1002121722268521CC3
:10482000112A00D0114621600068002832D001957D
:1048300000900398811C606814224243B518B82088
:10484000029A2A522846BA300E2203F0FFF8B835F1
:10485000009828616068401C112800D10020606029
:1048600021688142019D01D101202072B46C002099
:10487000B0643168491C31607168414171600C3627
:10488000002C07D03068311F096849688847641ECA
:104890000836F5E72868401C286005B0F0BD002008
:1048A000FFF7E5F8E07B0190A07B00902B48FFF735
:1048B000D5F80098FFF7DBF80198FFF7D8F82B48F8
:1048C000FFF7CCF80299B14201D8042001E0284852
:1048D000081880B278440079400087440222191BEE
:1048E0000424002082E704263046FFF7C0F8204663
:1048F00002F07EFB201D02F07BFB039884681D48BC
:10490000FFF7ACF8049404A83146FFF7D3F96FE73A
:10491000022000E00320FFF7AAF8A01C02F068FBC9
:1049200066E7012062E705205DE71448FFF7C7F856
:10493000FFF7D2F804000000250000008CF7FFFF0D
:104940006E0800006F3A0010030000005D3A00108E
:104950002E000000270000002400000026000000B8
:104960002800000023000000EC9500102D0000003E
:1049700091F7FFFF2A00000004ED00E016000000A0
:104980001090001080B500AF09490968C9050AD127
:104990000949FFF784FEB42283585B1E83500868E0
:1049A000401C086080BD0348FFF789F8FFF794F8C2
:1049B00004ED00E01600000030900010F8B504AFE0
:1049C00004461048104DA8471048A8470120204031
:1049D0000F4EB047A007C00FB0476007C00FB047E9
:1049E0002007C00FB047E006C00FB047A006C00FB9
:1049F000B0476006C00FB047E0B2C009B047002022
:104A0000A847F8BD030000005D3A00102F00000029
:104A10006F3A0010D0B502AF04460748FFF71EF802
:104A2000A1B24809282801D900F02DFD034804A2AD
:104A30004900515A49008F442B0000004490001057
:104A40007211230547115D1177062B11691157115A
:104A50009110020EB910DA060A0A0E0C6C0E17112C
:104A60006D07000E3908490779071B11D11085071A
:104A7000680649116B11AB10A1067F1031079D0725
:104A80007D06AF101F07B6066110F7105511950689
:104A90005111B306E8071F11130A1D11651189068C
:104AA000A5101511DB10E91071067111FF108710A8
:104AB0005B110B11920E050D61116B069E06230C06
:104AC0002D08CB0692060F085408070A1311C310CD
:104AD000C60CC80D6E06A9074F110F11550A130712
:104AE000B309A607B20711116311AD062711D1064C
:104AF000D910C910BC0D260C7406F209C206D70DD8
:104B000053118910E6065911D70615086711520787
:104B1000F3100D110311CE06BB0709114D118F06BD
:104B2000F110B9095C0E600BEF100511AA06A7067B
:104B30002E07A40686065D107307571080069B0695
:104B400004077A065F114F10880AB00698062911EB
:104B50008306E00643117310B9062D111E08CB0918
:104B6000140E3A074607EF063D1001070B10E20747
:104B70007C078C06C806D307E50745112F10F806F9
:104B8000A00741113C08E7107B103B11C506070741
:104B90003F114B112807D50B2D109107520EBF0660
:104BA000DF102E0E19076510E510260ED710280A03
:104BB000680D3911220E5108640E35110D0A610776
:104BC000C707B310560D761176117611761176114E
:104BD00076117611761176117611A310BC09BF10EB
:104BE000D5107110CF0C3A0A7D1006089F103D11A8
:104BF0002207A910F510ED103311240841102F11D0
:104C00003910F506C110BC066A073111F60B1C0AF3
:104C1000761176117611761176117611761176115C
:104C2000761176117611761176117611761176114C
:104C3000761176117611761176117611761176113C
:104C400082073E0D6B10C107D4067F0A3407DD10C2
:104C5000FE0655106707760E3608280EAD10371180
:104C6000FB100D10E110471007119310EC062511F1
:104C70000B0DC710E906EE07FD10FB0621111911F7
:104C80004B083B100D0776117611761176117611CF
:104C900076117611761176117611761176117611DC
:104CA00076117611761176117611761176117611CC
:104CB00076117611761176117611761176117611BC
:104CC00076117611761176117611761176117611AC
:104CD000761176117611761176117611761176119C
:104CE000761176117611761176117611761176118C
:104CF000761176117611761176117611761176117C
:104D0000761176117611761176117611761176116B
:104D1000761176117611761176117611761176115B
:104D2000761176117611761176117611761176114B
:104D3000761176117611761176117611761176113B
:104D4000761176117611761176117611761176112B
:104D5000761176117611761176117611761176111B
:104D6000761176117611761176117611761176110B
:104D700076117611761176117611761176117611FB
:104D800076117611761176117611761176117611EB
:104D900076117611761176117611761176117611DB
:104DA00076117611761176117611761176117611CB
:104DB00076117611761176117611761176117611BB
:104DC00076117611761176117611761176117611AB
:104DD000761176117611761176117611761176119B
:104DE000761176117611761176117611761176118B
:104DF000761176117611761176117611761176117B
:104E0000761176117611761176117611761176116A
:104E1000761176117611761176117611761176115A
:104E2000761176117611761176117611761176114A
:104E3000761176117611761176117611761176113A
:104E40004F07C809A30721088807700E01115B07E7
:104E5000231143070E0EDD06CC0CE3061A0E4C0799
:104E6000F2068E072B07BB108510B807B510D310BC
:104E7000F9108310CB100A07100777101607EB10F4
:104E8000A80B951025078F0D1C0E3B0DE31018087D
:104E9000190AC510160EBE0737071C07CA073D07BB
:104EA0009D10CD10CF10410D1F0A1E0E9910300815
:104EB00027085E075807B11064072B10E909BA0CE0
:104EC00076074310371069105F1009104D0D53100D
:104ED00051107F078D1075108B07D10940078B107B
:104EE0009710DF07320DC407F7077910AC07550795
:104EF000CD078110D409CF0B94070F102C0E63102F
:104F0000240E2B0AF1075A0803087007BD10A110E0
:104F1000B7106710250AFA072A08A710AF07330849
:104F2000570833106B0DB609310A710DD0078E0A80
:104F3000D60759107C0E300E3D0A19104D109B10EB
:104F4000700ADC070008800EA90A45106D10B5072D
:104F50009707780BDB0C340E230D320E7D0D1110EC
:104F60007611761176117611761176117611761109
:104F700076117611761176117611761176117611F9
:104F800076117611761176117611761176117611E9
:104F900076117611761176117611761176117611D9
:104FA00076117611761176117611761176117611C9
:104FB00076117611761176117611761176117611B9
:104FC00076117611761176117611761176117611A9
:104FD0007611761176117611761176117611761199
:104FE0007611761176117611761176117611761189
:104FF0007611761176117611761176117611761179
:105000007611761176117611761176117611761168
:105010007611761176117611761176117611761158
:105020007611761176117611761176117611761148
:105030007611761176117611761176117611761138
:105040009A07EB07020D42083E0E460E0B0C620E4D
:105050003C0E761176117611761176117611761155
:105060007611761176117611761176117611761108
:1050700076117611761176117611761176117611F8
:1050800076117611761176117611761176117611E8
:1050900076117611761176117611761176117611D8
:1050A00076117611761176117611761176117611C8
:1050B00076117611761176117611761176117611B8
:1050C00076117611761176117611761176117611A8
:1050D0007611761176117611761176117611761198
:1050E0007611761176117611761176117611761188
:1050F0007611761176117611761176117611761178
:105100007611761176117611761176117611761167
:105110007611761176117611761176117611761157
:105120007611761176117611761176117611761147
:105130007611761176117611761176117611761137
:105140007611761176117611761176117611761127
:105150007611761176117611761176117611761117
:105160007611761176117611761176117611761107
:1051700076117611761176117611761176117611F7
:1051800076117611761176117611761176117611E7
:1051900076117611761176117611761176117611D7
:1051A00076117611761176117611761176117611C7
:1051B00076117611761176117611761176117611B7
:1051C00076117611761176117611761176117611A7
:1051D0007611761176117611761176117611761197
:1051E0007611761176117611761176117611761187
:1051F0007611761176117611761176117611761177
:105200007611761176117611761176117611761166
:105210007611761176117611761176117611761156
:105220007611761176117611761176117611761146
:105230007611761176117611761176117611761136
:10524000340A460A400E7E0ED907FD07430A5B0A60
:105250001208480821102510160A29103F106F1057
:10526000B90D5B1045083510CB0DC509A70D0C080D
:1052700049104B10DD091B103A0E360EF4070908D1
:10528000F90C110D4C0A3F0827105D08D40D640A73
:105290001D101710860E4F0A4E08910A3110900B00
:1052A000490AE90D290D830DEC0DE30D260D500E75
:1052B000D50C4C0E610A8A0E720E580A1310231078
:1052C00076117611761176117611761176117611A6
:1052D0007611761176117611761176117611761196
:1052E0007611761176117611761176117611761186
:1052F0007611761176117611761176117611761176
:10530000CE09170D050C76117611761176117611EE
:10531000761176115E0A15102A0EAE0B100A4E0E8B
:10532000CE0D200D480E6A0E520A6A0A76117611C9
:105330007611761176117611761176117611761135
:105340007611761176117611761176117611761125
:105350007611761176117611761176117611761115
:105360007611761176117611761176117611761105
:1053700076117611761176117611761176117611F5
:1053800076117611761176117611761176117611E5
:1053900076117611761176117611761176117611D5
:1053A00076117611761176117611761176117611C5
:1053B00076117611761176117611761176117611B5
:1053C00076117611761176117611761176117611A5
:1053D0007611761176117611761176117611761195
:1053E0007611761176117611761176117611761185
:1053F0007611761176117611761176117611761175
:105400007611761176117611761176117611761164
:105410007611761176117611761176117611761154
:10542000670A970AC60B76117611761176117611F6
:1054300076117611761176110C0E761176117611A1
:10544000BF0D0A0E5A0E580E940A6E0E4A0D530DD9
:10545000560E380EF50DE00D4A0EFE0DC20D840BF2
:10546000770DB70BFA0D2C0DFC0C040E380D060E43
:105470008C0DFC0DE60D1D0D860D620D920D950D2A
:105480007F4801F04CFC7F4808187A2800D86CE06F
:105490007D4808185F2800D9EAE0400078448088F9
:1054A000400087445F00E7068D06C606D2064B061D
:1054B000A806AB06F907A8072706D20774086306F3
:1054C0001A08360653089C06CC064A08AE06B406EF
:1054D000FF07650839063306E2082A099B08C20857
:1054E000C007C306400C400C400C400C400C400C64
:1054F000400C400C400C400C400C400C400C400C4C
:10550000400C400C400C400C400C400C400C400C3B
:10551000400C400C400C400C400C400C400C400C2B
:10552000400C400CC90746050105B604C804A40494
:10553000DC086E083F06E4067D088C04400511086F
:105540004409AD044F0530065D0A5A094E09C204EC
:105550000E093209CE04A708AF05BC086006AE07E5
:10556000BA07BA06644801F0DAFB40007844808844
:10557000400087447A006106250749070D06D80BCD
:10558000D80BD80BD80BD80BD80BD80BD80BD80B03
:10559000D80BD80B550713061C0670078206FF04AC
:1055A0003A07DC07DD057C070505C70707063A064D
:1055B000BE07D80B22062B067607D80BD80BD80BC4
:1055C000D80BD80BD80BD80BD80BD80BD80BD80BC3
:1055D000D80BD80BD607080502056A08B6080008DC
:1055E00018081907D80BD80BD80BD80BD80BD80B29
:1055F000D80BD80B2E062207CF048404D6085D04EE
:10560000390472080308D405790612082104D80B5E
:10561000D80BD80BD504A607DA084204E404C50564
:10562000F109F008E4085704A408C80863043C081A
:1056300041055108F50543074F074F06D80BD80B16
:10564000D80BD80BD80BD80BD80BD80BD80BD80B42
:10565000D80BD80BFE054C074804DB04810AA204D2
:105660007D025104C008EA08EE08244801F057FB07
:105670002348081805A14000085A40008744C04646
:105680000E92001000F9FFFF00F8FFFF4200D00566
:105690009105B8055B05A606AF06530B530B530BDC
:1056A000530B530B530B530B530B530B530B530B0A
:1056B000530B530B530B530B530B530B530B530BFA
:1056C000530B530B530B530B530B530B89047F0595
:1056D00068047C05360777049A054B0767058A0737
:1056E000C4059A067507EE05F1053C07A2076A0591
:1056F0006405FD070B04C0462C950010969400101D
:1057000000FAFFFFFD4801F00AFBFD4801F007FB2E
:10571000FC4801F004FBFC4801F001FBFB4801F0F0
:10572000FEFAFB4801F0FBFAFA4801F0F8FAFA48F1
:1057300001F0F5FAF94801F0F2FAF94801F0EFFA50
:10574000F84801F0ECFAF84801F0E9FAF74801F0FE
:10575000E6FAF74801F0E3FAF64801F0E0FAF64815
:1057600001F0DDFAF54801F0DAFAF54801F0D7FA70
:10577000F44801F0D4FAF44801F0D1FAF34801F00A
:10578000CEFAF34801F0CBFAF24801F0C8FAF24839
:1057900001F0C5FAF14801F0C2FAF14801F0BFFA90
:1057A000F04801F0BCFAF04801F0B9FAEF4801F016
:1057B000B6FAEF4801F0B3FAEE4801F0B0FAEE485D
:1057C00001F0ADFAED4801F0AAFAED4801F0A7FAB0
:1057D000EC4801F0A4FAEC4801F0A1FAEB4801F022
:1057E0009EFAEB4801F09BFAEA4801F098FAEA4881
:1057F00001F095FAE94801F092FAE94801F08FFAD0
:10580000E84801F08CFAE84801F089FAE74801F02D
:1058100086FAE74801F083FAE64801F080FAE648A4
:1058200001F07DFAE54801F07AFAE54801F077FAEF
:10583000E44801F074FAE44801F071FAE34801F039
:105840006EFAE34801F06BFAE24801F068FAE248C8
:1058500001F065FAE14801F062FAE14801F05FFA0F
:10586000E04801F05CFAE04801F059FADF4801F045
:1058700056FADF4801F053FADE4801F050FADE48EC
:1058800001F04DFADD4801F04AFADD4801F047FA2F
:10589000DC4801F044FADC4801F041FADB4801F051
:1058A0003EFADB4801F03BFADA4801F038FADA4810
:1058B00001F035FAD94801F032FAD94801F02FFA4F
:1058C000D84801F02CFAD84801F029FAD74801F05D
:1058D00026FAD74801F023FAD64801F020FAD64834
:1058E00001F01DFAD54801F01AFAD54801F017FA6F
:1058F000D44801F014FAD44801F011FAD34801F069
:105900000EFAD34801F00BFAD24801F008FAD24857
:1059100001F005FAD14801F002FAD14801F0FFF98F
:10592000D04801F0FCF9D04801F0F9F9CF4801F076
:10593000F6F9CF4801F0F3F9CE4801F0F0F9CE487E
:1059400001F0EDF9CD4801F0EAF9CD4801F0E7F9B1
:10595000CC4801F0E4F9CC4801F0E1F9CB4801F082
:10596000DEF9CB4801F0DBF9CA4801F0D8F9CA48A2
:1059700001F0D5F9C94801F0D2F9C94801F0CFF9D1
:10598000C84801F0CCF9C84801F0C9F9C74801F08E
:10599000C6F9C74801F0C3F9C64801F0C0F9C648C6
:1059A00001F0BDF9C54801F0BAF9C54801F0B7F9F1
:1059B000C44801F0B4F9C44801F0B1F9C34801F09A
:1059C000AEF9C34801F0ABF9C24801F0A8F9C248EA
:1059D00001F0A5F9C14801F0A2F9C14801F09FF911
:1059E000C04801F09CF9C04801F099F9BF4801F0A6
:1059F00096F9BF4801F093F9BE4801F090F9BE480E
:105A000001F08DF9BD4801F08AF9BD4801F087F930
:105A1000BC4801F084F9BC4801F081F9BB4801F0B1
:105A20007EF9BB4801F07BF9BA4801F078F9BA4831
:105A300001F075F9B94801F072F9B94801F06FF950
:105A4000B84801F06CF9B84801F069F9B74801F0BD
:105A500066F9B74801F063F9B64801F060F9B64855
:105A600001F05DF9B54801F05AF9B54801F057F970
:105A7000B44801F054F9B44801F051F9B34801F0C9
:105A80004EF9B34801F04BF9B24801F048F9B24879
:105A900001F045F9B14801F042F9B14801F03FF990
:105AA000B04801F03CF9B04801F039F9AF4801F0D5
:105AB00036F9AF4801F033F9AE4801F030F9AE489D
:105AC00001F02DF9AD4801F02AF9AD4801F027F9B0
:105AD000AC4801F024F9AC4801F021F9AB4801F0E1
:105AE0001EF9AB4801F01BF9AA4801F018F9AA48C1
:105AF00001F015F9A94801F012F9C0465E940010B2
:105B00001291001094910010CC9100103E91001061
:105B1000BE900010AA9000109690001066900010A1
:105B200006920010F090001012920010AE9000103B
:105B3000169200102C91001096910010B890001051
:105B4000C490001030920010BC90001038920010E9
:105B5000E2910010F8910010C2900010A291001084
:105B600014920010FC900010CA900010DE900010FB
:105B70008C910010BA910010D09100108891001003
:105B8000D6910010FE900010DA900010989100104D
:105B9000EE910010D29100101E9200105C92001045
:105BA0003091001060920010D0900010B49000105E
:105BB000B4910010A491001066920010C8910010DA
:105BC000FE910010AC9100108E90001042910010D8
:105BD0002E910010729100107C92001044920010DF
:105BE0007E92001060910010829200100A920010C4
:105BF000A09200109C910010229100108A92001037
:105C0000489000106A9200104E91001058910010B8
:105C1000369100109E920010B2900010A4920010D5
:105C2000E29200105892001052910010F89000106B
:105C3000649200104692001024920010F49200101A
:105C4000BA92001054920010B892001010910010F7
:105C5000BE9200104092001054910010AC900010C1
:105C60001093001068910010C6920010A0900010D0
:105C700086910010D89200103C920010DE91001026
:105C80004E920010DE92001068920010E691001013
:105C9000FE9200105693001066930010F4910010CD
:105CA0000E9100104A920010CE91001068900010E2
:105CB000F292001022930010EC9000105493001008
:105CC00070920010009100109C9200103E92001003
:105CD000EC92001002910010A2920010F6920010B7
:105CE00032930010449100103693001080930010FE
:105CF00048930010E8920010C091001086900010A8
:105D0000AE91001068930010F09100100A930010FB
:105D1000B4930010EE9200101C93001082930010B8
:105D20004A9300100E9300104C900010B693001090
:105D3000A69300109E91001088930010C090001050
:105D40009492001022950010329200104C92001094
:105D500002920010B69200101E9300102A910010BB
:105D6000B4920010249300105E9000109E900010DA
:105D700018920010BE9300106C9300109C930010BA
:105D80008A930010BC910010D09300102091001055
:105D90005C910010269300100C930010C293001029
:105DA0007D4800F0BCFF7D4800F0B9FF7C4800F062
:105DB000B6FF7C4800F0B3FF7B4800F0B0FF7B48A3
:105DC00000F0ADFF7A4800F0AAFF7A4800F0A7FF84
:105DD000794800F0A4FF794800F0A1FF784800F06E
:105DE0009EFF784800F09BFF774800F098FF7748C7
:105DF00000F095FF764800F092FF764800F08FFFA4
:105E0000754800F08CFF754800F089FF744800F079
:105E100086FF744800F083FF734800F080FF7348EA
:105E200000F07DFF724800F07AFF724800F077FFC3
:105E3000734800F074FF754800F071FF744800F07B
:105E40006EFF744800F06BFF734800F068FF734802
:105E500000F065FF724800F062FF724800F05FFFDB
:105E6000714800F05CFF714800F059FF704800F085
:105E700056FF704800F053FF6F4800F050FF6F4826
:105E800000F04DFF6E4800F04AFF6E4800F047FFFB
:105E90006D4800F044FF6D4800F041FF6C4800F091
:105EA0003EFF6C4800F03BFF6B4800F038FF6B484A
:105EB00000F035FF6A4800F032FF6A4800F02FFF1B
:105EC000694800F02CFF694800F029FF684800F09D
:105ED00026FF684800F023FF674800F020FF67486E
:105EE00000F01DFF664800F01AFF664800F017FF3B
:105EF000654800F014FF654800F011FF644800F0A9
:105F00000EFF644800F00BFF634800F008FF634891
:105F100000F005FF624800F002FF624800F0FFFE5B
:105F2000614800F0FCFE614800F0F9FE604800F0B6
:105F3000F6FE604800F0F3FE5F4800F0F0FE5F48B8
:105F400000F0EDFE5E4800F0EAFE5E4800F0E7FE7D
:105F50005D4800F0E4FE5D4800F0E1FE5C4800F0C2
:105F6000DEFE5C4800F0DBFE5B4800F0D8FE5B48DC
:105F700000F0D5FE5A4800F0D2FE5A4800F0CFFE9D
:105F8000594800F0CCFE594800F0C9FE584800F0CE
:105F9000C6FEBE4800F0C3FE109200102C93001005
:105FA000D4910010C8900010EC940010829500105D
:105FB000A293001048920010E0900010F893001097
:105FC000E0920010FA920010E09400107695001014
:105FD000AC930010F49400108A9500101A950010EC
:105FE000C292001072950010249500107E9100104E
:105FF0000095001096950010A54800F090FEC04650
:10600000DE940010A34800F08AFEC046749500108C
:10601000069500109C9500104091001020920010F1
:106020008890001006940010EA90001090930010E1
:1060300096920010AA910010AE920010DA9400100F
:106040001A930010469100100893001094940010C9
:106050002E93001078930010709500107891001026
:106060003E93001020950010849300107A93001046
:10607000D8930010BC930010CE930010129400101F
:10608000F6910010F293001086930010FE9300101A
:10609000EC930010C6930010169400101494001096
:1060A000D894001046930010EE94001084950010D0
:1060B0001C9500106E9500108E910010F694001043
:1060C0008C95001084900010709400103493001090
:1060D000D2930010269400101894001076940010AB
:1060E000AA940010C8940010B4940010C694001034
:1060F0004E930010684800F012FE684800F00FFE52
:10610000674800F00CFE674800F009FE664800F0A2
:1061100006FE664800F003FE654800F000FE654894
:1061200000F0FDFD644800F0FAFD644800F0F7FD62
:10613000634800F0F4FD634800F0F1FD624800F0B0
:10614000EEFD624800F0EBFD614800F0E8FD6148BB
:1061500000F0E5FD604800F0E2FD604800F0DFFD82
:106160005F4800F0DCFD5F4800F0D9FD5E4800F0BC
:10617000D6FD5E4800F0D3FD5D4800F0D0FD5D48DF
:1061800000F0CDFD5C4800F0CAFD5C4800F0C7FDA2
:106190005B4800F0C4FD5B4800F0C1FD5A4800F0C8
:1061A000BEFD5A4800F0BBFD594800F0B8FD594803
:1061B00000F0B5FD584800F0B2FD584800F0AFFDC2
:1061C000574800F0ACFD574800F0A9FD564800F0D4
:1061D000A6FD564800F0A3FD554800F0A0FD554827
:1061E00000F09DFD544800F09AFD544800F097FDE2
:1061F000534800F094FD534800F091FD524800F0E0
:106200008EFD524800F08BFD514800F088FD51484A
:1062100000F085FD504800F082FD504800F07FFD01
:106220004F4800F07CFD4F4800F079FD4E4800F0EB
:1062300076FD4E4800F073FD4D4800F070FD4D486E
:1062400000F06DFD4C4800F06AFD4C4800F067FD21
:106250004B4800F064FD4B4800F061FD4A4800F0F7
:106260005EFD4A4800F05BFD494800F058FD494892
:1062700000F055FD484800F052FD484800F04FFD41
:10628000474800F04CFD474800F049FD6C94001071
:106290000A950010A095001040950010DC900010A9
:1062A000F89400108E9500105E9500104A9500102D
:1062B0005C950010E69400107C9500105893001037
:1062C000B094001066940010369500103C940010B5
:1062D000909400107C9400108E940010D6930010BF
:1062E0000E950010A495001046950010169500100C
:1062F000729400106E940010B894001086920010F2
:106300009E94001004940010A29400106294001057
:1063100040940010A494001078940010BE940010D3
:10632000309500101A940010C0940010D4940010FE
:10633000FC9200104E95001098900010BA94001036
:1063400064940010389500103A9500105495001090
:10635000809400105695001014950010AA95001016
:1063600060940010F49000106A95001032950010AF
:106370009894001050950010FC9300103495001074
:1063800072930010629000108694001088940010A0
:10639000E89400107E9500102E950010A89400102F
:1063A0007A900010EE900010EE4800F0B8FCEE4835
:1063B00000F0B5FCED4800F0B2FCED4800F0AFFC99
:1063C000EC4800F0ACFCEC4800F0A9FCEB4800F015
:1063D000A6FCEB4800F0A3FCEA4800F0A0FCEA4869
:1063E00000F09DFCE94800F09AFCE94800F097FCB9
:1063F000E84800F094FCE84800F091FCE74800F021
:106400008EFCE74800F08BFCE64800F088FCE6488C
:1064100000F085FCE54800F082FCE54800F07FFCD8
:10642000E44800F07CFCE44800F079FCE34800F02C
:1064300076FCE34800F073FCE24800F070FCE248B0
:1064400000F06DFCE14800F06AFCE14800F067FCF8
:10645000E04800F064FCE04800F061FCDF4800F038
:106460005EFCDF4800F05BFCDE4800F058FCDE48D4
:1064700000F055FCDD4800F052FCDD4800F04FFC18
:10648000DC4800F04CFCDC4800F049FCDB4800F044
:1064900046FCDB4800F043FCDA4800F040FCDA48F8
:1064A00000F03DFCD94800F03AFCD94800F037FC38
:1064B000D84800F034FCD84800F031FCD74800F050
:1064C0002EFCD74800F02BFCD64800F028FCD6481C
:1064D00000F025FCD54800F022FCD54800F01FFC58
:1064E000D44800F01CFCD44800F019FCD34800F05C
:1064F00016FCD34800F013FCD24800F010FCD24840
:1065000000F00DFCD14800F00AFCD14800F007FC77
:10651000D04800F004FCD04800F001FCCF4800F067
:10652000FEFBCF4800F0FBFBCE4800F0F8FBCE4866
:1065300000F0F5FBCD4800F0F2FBCD4800F0EFFB9A
:10654000CC4800F0ECFBCC4800F0E9FBCB4800F075
:10655000E6FBCB4800F0E3FBCA4800F0E0FBCA488A
:1065600000F0DDFBC94800F0DAFBC94800F0D7FBBA
:10657000C84800F0D4FBC84800F0D1FBC74800F081
:10658000CEFBC74800F0CBFBC64800F0C8FBC648AE
:1065900000F0C5FBC54800F0C2FBC54800F0BFFBDA
:1065A000C44800F0BCFBC44800F0B9FBC34800F08D
:1065B000B6FBC34800F0B3FBC24800F0B0FBC248D2
:1065C00000F0ADFBC14800F0AAFBC14800F0A7FBFA
:1065D000C04800F0A4FBC04800F0A1FBBF4800F099
:1065E0009EFBBF4800F09BFBBE4800F098FBBE48F6
:1065F00000F095FBBD4800F092FBBD4800F08FFB1A
:10660000BC4800F08CFBBC4800F089FBBB4800F0A4
:1066100086FBBB4800F083FBBA4800F080FBBA4819
:1066200000F07DFBB94800F07AFBB94877E3B94840
:1066300075E3B94873E3B94871E3B9486FE3B94802
:106640006DE3B9486BE3B94869E3B94867E3B94812
:1066500065E3B94863E3B94861E3B9485FE3B94822
:106660005DE3B9485BE3B94859E3B94857E3B94832
:1066700055E3BA4853E3BB4851E3BB484FE3BB483B
:106680004DE3BB484BE3BB4849E3BB4847E3BB484A
:1066900045E3BB4843E3BB4841E3BB483FE3BB485A
:1066A0003DE3BB483BE3BB4839E3BB4837E3BB486A
:1066B00035E3BB4833E3BB4831E3BB482FE3BB487A
:1066C0002DE3BB482BE3BB4829E3BB4827E3BB488A
:1066D00025E3BB4823E3BB4821E3BB481FE3BB489A
:1066E0001DE3BB481BE3BB4819E3BB4817E3BB48AA
:1066F00015E3BB4813E3BB4811E3BB480FE3BB48BA
:106700000DE3BB480BE3BB4809E3BB4807E3BB48C9
:1067100005E3BB4803E3BB4801E3BB48FFE2BB48DA
:10672000FDE2BB48FBE2BB48F9E2BB48F7E2BB48ED
:10673000F5E2BB48F3E2BB48F1E2BB48EFE2BB48FD
:10674000EDE2BB48EBE2BB48E9E2BB48E7E2BB480D
:10675000E5E2BB48E3E2BB48E1E2BB48DFE2FE48DA
:10676000DDE2C046D2940010C49200108294001062
:10677000D69400109A9400107C9000106894001039
:106780005E920010EA9100106A940010E8930010E5
:10679000AC9400105A9300103E9500101095001014
:1067A000A69500109C9400101895001012950010EA
:1067B000A8950010A094001068950010B8930010E0
:1067C000469400106C9500106A9300100A91001016
:1067D0004295001074900010A6940010BA93001017
:1067E000C2940010FA930010B29400105494001058
:1067F0000C9400105E930010E4930010DC930010E2
:10680000449400103C950010EA9200105895001036
:106810004A94001090920010F6900010AC92001074
:10682000F0940010869500102A940010D292001067
:10683000489500102C94001076910010749400106C
:10684000BC9400108A94001058940010B694001064
:106850006C9100102A9300107A940010309300106D
:10686000C49400103E940010AE9400106293001087
:1068700052950010DE930010569400104C950010B5
:106880004E9400108C9200105A9400105C940010EA
:10689000849400105A950010CE940010E4940010D7
:1068A0007A950010A4930010449500107E94001077
:1068B000EA94001080950010D09400109893001076
:1068C000649100101E9400103A9400108C940010F3
:1068D00004920010A09300100A9400106495001018
:1068E000C493001066910010089500109E9500104A
:1068F00034940010E293001052940010DA930010C8
:10690000E09300100C950010A29500103294001036
:1069100066950010429400105094001038940010B6
:10692000F291001026910010489400104C94001031
:10693000CA940010209400101C9400105A92001069
:10694000E294001078950010849100109A92001043
:106950006095001062920010EE48E0E18E92001007
:10696000ED48DCE1B092001092940010A691001066
:10697000069300101E910010E69000100294001083
:10698000029300106C9000103C9300106093001074
:106990005C930010B293001030940010B09300107C
:1069A000769300106E9300107C93001002950010F7
:1069B00098950010709300100E94001036940010FB
:1069C000EA93001008940010E6930010E490001081
:1069D000CC9400102E9400102494001022940010E7
:1069E000B09100102695001062950010749300106D
:1069F000E8910010049500109A9500101094001072
:106A0000649000102894001050920010F093001031
:106A1000DC94001050900010F29400108895001043
:106A20003A9300107E9300104C930010FE940010D7
:106A300094950010CC93001028950010EE93001050
:106A40002A950010FC94001092950010F44866E11D
:106A5000B54864E1B54862E1E84860E1D9485EE1E3
:106A6000C9485CE1C6485AE1C94858E1DA4856E1EC
:106A7000CA4854E1C74852E1C04850E1D0484EE10D
:106A8000C0484CE1CD484AE1C34848E1CA4846E124
:106A9000E84844E1A64842E1A64840E1BB483EE15F
:106AA000CF483CE1C0483AE1E04838E1AF4836E140
:106AB000F44834E1A04832E1BE4830E1AC482EE170
:106AC000DB482CE1C1482AE1F64828E1B54826E137
:106AD000B34824E1BF4822E1984820E1CE481EE1B6
:106AE000CE481CE1F4481AE1954818E1BB4816E18C
:106AF000AE4814E1934812E1CA4810E192480EE111
:106B0000BD480CE19B480AE1B74808E1C64806E1E8
:106B1000EB4804E1AC4802E1A54800E1F348FEE09F
:106B20009548FCE0BA48FAE0CC48F8E0B548F6E011
:106B3000FB48F4E0EC48F2E08448F0E0B048EEE0D6
:106B4000C848ECE0CB48EAE08148E8E08148E6E06C
:106B5000AE48E4E0AF48E2E04A9100107E48DEE053
:106B6000CE48DCE0BB48DAE0A748D8E0B348D6E03E
:106B70009748D4E0B448D2E0DA48D0E09C48CEE070
:106B8000DD48CCE07548CAE09648C8E0D348C6E086
:106B90007348C4E0C748C2E07248C0E0A648BEE0FF
:106BA000D648BCE0B248BAE09048B8E06E48B6E0DB
:106BB000B148B4E08F48B2E0CE48B0E0C248AEE0A1
:106BC000F148ACE0A148AAE0B248A8E0E748A6E056
:106BD000A348A4E09B48A2E09948A0E0FC489EE0BE
:106BE000A2489CE0C2489AE0C74898E0E04896E096
:106BF000ED4894E0B14892E0C54890E0AA488EE0A4
:106C000093488CE0C1488AE0C64888E0E54886E0C1
:106C1000914884E0AF4882E0CA4880E0CA487EE0FC
:106C2000CE487CE0AC487AE0E64878E08E4876E0F2
:106C30009E4874E0964872E0D84870E090486EE054
:106C4000C4486CE0BE486AE0954868E0C04866E029
:106C5000D04864E0C04862E0C94860E0C7485EE0F0
:106C6000CA485CE0D1485AE0DB4858E0864856E024
:106C7000D84854E0CF4852E0CF4850E083484EE037
:106C80007E484CE084484AE0BA4848E0AA4846E0DA
:106C9000D44844E0A64842E08C4840E089483EE0C1
:106CA0008B483CE096483AE0814838E0954836E029
:106CB0009A4834E08A4832E0974830E09A482EE01B
:106CC0009C482CE099482AE0C84828E0BF4826E0C4
:106CD000904824E09D4822E0AA4820E0B7481EE002
:106CE000A1481CE0B6481AE0BC4818E09D4816E0F0
:106CF000A94814E0BC4812E0904810E0A4480EE017
:106D00009D480CE0AA480AE0954808E0B44806E02F
:106D1000AD4804E0FA94001090950010A048008857
:106D2000FCF79CFED0BDFEDEFA91001042920010EE
:106D30006A910010E4910010F29000101C91001074
:106D40005A9000102E920010149100109290001092
:106D5000B89100108090001056910010B69100106C
:106D6000A2900010E8900010929100108C900010FA
:106D7000709000104A900010B09000101E95001006
:106D800000940010F6930010F4930010D4930010B8
:106D9000CA930010C8930010C0930010AE93001067
:106DA000AA930010A89300109E9300109A930010CD
:106DB0009693001094930010929300108E930010FD
:106DC0008C930010649300105293001050930010A5
:106DD0004493001042930010409300103893001029
:106DE00028930010209300101893001016930010A1
:106DF00014930010129300100493001000930010DD
:106E0000F8920010F0920010E6920010E492001048
:106E1000DC920010DA920010D6920010D49200108A
:106E2000D0920010CE920010CC920010CA920010A6
:106E3000C8920010C0920010BC920010B2920010D4
:106E4000AA920010A8920010A6920010989200102A
:106E5000929200108892001084920010809200108C
:106E60007A920010789200107692001074920010BE
:106E7000729200106E9200106C92001056920010E8
:106E80005292001024910010CA9100107A910010C3
:106E90001C920010DA9100104891001052900010DE
:106EA00006910010909100106E9100103891001022
:106EB000729000109A9100100C920010A89000108F
:106EC000B29100103491001036920010C69100105B
:106ED0004E900010EC9100103A920010A690001015
:106EE000A89100106E9000105C90001004910010AA
:106EF0001A9200109C9000108A900010C69000100A
:106F00008A9100109A900010749100103291001034
:106F10006A90001034920010C4910010D8910010B3
:106F2000C291001000920010E2900010FC9100103D
:106F30008291001050910010709100100892001082
:106F40002C9200102A920010829000109490001051
:106F5000D490001028920010589000102692001033
:106F600080910010D2900010D89000106291001013
:106F70007E9000104C91001056900010CE900010A2
:106F8000CC9000101A9100105E910010A09100109A
:106F90000C9100101891001016910010089100102B
:106FA000469000103C910010A49000105A910010DF
:106FB000BA900010BE910010789000103A91001025
:106FC000D690001076900010E0910010B69000105E
:106FD000FA9000102891001022920010DC9100100D
:106FE0005490001090900010609000107C91001060
:106FF000B0B502AF04462848FCF730FD2588680983
:10700000422801D8042001E02448281880B2C04654
:1070100078440079400087440723181F0D252C2150
:107020003816360B14270900002032E00E200DE040
:107030000B202BE00420FCF71AFD2846FDF7EAFCA4
:1070400015E00C2022E0092020E00220FCF70FFDD3
:107050006088FDF7DFFCB0BD032006E0072015E0E7
:10706000012016E0052011E00D20FCF700FDA078BE
:1070700006E00620FCF7FBFCA078FCF7F8FCE078C3
:10708000FDF79CFCB0BD0A2000E00820FCF7EFFCF7
:10709000A078FCF7ECFCB0BD2C000000A0F7FFFFCF
:1070A000D0B502AF0C46994204D11146224600F0F9
:1070B000CDFCD0BDBA6820461946FCF763FC72B619
:1070C000704762B670474008401C0138FDD17047D8
:1070D00000BF7047EFF31080704740BF704700DE7D
:1070E000FEDE20BF704780B500AF00F02AF980BDFA
:1070F000F0B503AF8FB0102A15D30B924242032391
:1071000008931A4085180A90A8422AD2541E002AD1
:107110000A9806460B4616D00B780370012A07D151
:107120004B1C461C0FE003469C18A34241D362E06F
:107130004B784370022A02D18B1C861C03E08B78AB
:107140008370CB1CC61C032C0BD31C7834705C786A
:1071500074709C78B470DC78F4701B1D361DAE42E0
:10716000F3D10B98801A0B90089CA0432B188E1813
:1071700009962640079047D19D420B9A099E11D24D
:107180003146086801C59D420CD2486801C59D4240
:1071900008D2886801C59D4204D2C86801C5103173
:1071A0009D42EED32240079831180A989C18A342BA
:1071B00021D203251540521E002D0ED00E781E70D0
:1071C000012D04D1491C5B1C032A08D213E04E7820
:1071D0005E70022D11D1891C9B1C032A0BD30A78E7
:1071E0001A704A785A708A789A70CA78DA70091DCB
:1071F0001B1DA342F3D10FB0F0BD8D789D70C91C4B
:10720000DB1C032AEBD2F6E7002406940E940EACA6
:10721000A41905940424A41B0494E407009606D042
:10722000099C2478059E3470009E01240694049CD9
:10723000A40708D5099C0492069AA45A059E069AAA
:10724000B452049A009EF40003940E9C06942C1DE4
:107250009C4236D2744209190591039D6942182453
:107260000C4002940A9904912946069CCC4006944D
:1072700005998918019149680C46029DAC40069D0C
:107280002C43049DAC50AD182C4608349C421CD2B3
:10729000039CE140019CA46806940195029DAC40CA
:1072A0000C4301994C600499083104918D18291DF3
:1072B000059C0834059499420399D6D30598801803
:1072C00001E00998801B059004E00198001D0590DD
:1072D0002D1D06910DA80021049001700CA80170CD
:1072E000012E0E460C4602910B9A09D0059C60793E
:1072F00026790DAC26700402022002900CA804909E
:107300000998C0070AD00598001D0299405C0499AD
:1073100008700DA806780CA800780104059603985B
:10732000404204901826049806400C4305990C43EB
:10733000B44006990398C14021432960089C099EE6
:1073400030E7F0B503AF95B00346401A90420C9376
:1073500000D396E08D189C18102A77D30B92032047
:10736000224602400D925242099222460A908243DE
:107370000E94A2422FD20D9E701E0890002E0E9BDE
:107380001C46284611D05C1E681E037823700E9B95
:10739000012E0AD09C1EA81E037823700E9B022E7D
:1073A00003D0DC1EE81E03782370034608980328E8
:1073B00011D31B1FD8781646621E1070A01E9A7833
:1073C0000270E01E5A7802703246241F187820702E
:1073D0001B1FA642EED30B980D9BC31A07930A9866
:1073E0008343D41A5B420693099EAB19089303406A
:1073F0000D9400D0DCE0944222D2311F6A580E98DE
:107400004250421894421BD2101F6B181C1F246854
:1074100004600D9C844213D2104608381C46083C78
:10742000246804600D9C84420AD20C3A0C3B186814
:1074300010600E9810380E908019103D8442DDD3F4
:107440000A98079A0240069808990D18A11AA142B5
:1074500000D3AAE003261640501E0E90002E28D01E
:10746000601E6B1E1A780270012E24D0A01EAB1E67
:107470001A780270022E1ED0E01EEB1E1A780270DF
:1074800019E0102A69D30B92584203220E92104041
:107490001D18AB423DD2421E00280C9E34460B46BE
:1074A00029D00D920A783270012818D14B1C741C17
:1074B00020E02B4620460E9A032A76D31A1FD37853
:1074C000441E2370831E94781C70C31E54781C7055
:1074D000001F13780370121F8142F0D365E04A78D1
:1074E0007270022802D18B1CB41C03E08A78B2703F
:1074F000CB1CF41C0D9A032A0BD31A7822705A78ED
:1075000062709A78A270DA78E2701B1D241DAC427A
:10751000F3D10B9A121A13460E9EB3430A93EB183B
:107520000C180D94344061D19D420A9E0D9C11D2DD
:107530002046016802C59D420CD2416802C59D42A9
:1075400008D2816802C59D4204D2C16802C51030CC
:107550009D42EED30E980240A1199818834224D27E
:1075600003241440521E002C11D00D781D70012CE4
:1075700002D1491C5B1C0AE04D785D70022C02D1DF
:10758000891C9B1C03E08C789C70C91CDB1C032AA3
:107590000BD30A781A704A785A708A789A70CA7827
:1075A000DA70091D1B1D8342F3D10C9815B0F0BD94
:1075B000049213AD1E4600232B7012AA1370089874
:1075C000801B0096012E059300D1A5E0057813AA33
:1075D0002B4615700646407805900898C20712ADF4
:1075E000002A00D096E000221D469DE00B9200226A
:1075F0001646119211AA121909920422121B08921E
:10760000D20704D00D9A1278099E32700126089A8A
:107610009207049404D50D9A925B099CA253049C92
:10762000E2000892119A06922A1D9A422FD26242D3
:107630008A180899494218250D4007950C99099117
:10764000069E0899CE400592141861680A46079D67
:10765000AA403243099D2A502A18069208329A42BB
:107660001AD2089AD140A6683246079DAA400A431A
:1076700006994A600999083109910D18291D059A42
:1076800008329942DDD306961018099009E00D984A
:10769000001B09900A9E06E0201D09900698051D12
:1076A00006910A9E049C10A90020079108700FA95A
:1076B0000870012C04460146059009D0099A5179B9
:1076C000147910AA14700902022205920FAA0792D7
:1076D0000A940D9AD2070BD00998001D059A805C78
:1076E000079A107010A800780A900FA8007800047C
:1076F000089A524209921824099A144001430A98A0
:107700000143A1400698089AD040084328600B9A8C
:107710000D9C1FE7022330460646C25C2A7013AA5E
:10772000157812AA127812040098C00003900598E8
:10773000030213432B43221D04980592824254D224
:107740000B98009A821A8A18039841421820084020
:107750000B900998001F01900E9E05980B998B4085
:107760000E93019D54592146039BD9400E9B19430A
:10777000715111460E9672199042039837D20B9BA5
:107780009C4002914D19291F09680B46C3402343B1
:10779000141F2360059BA34231D20B9B99402B46BB
:1077A000083B1C682346C3400B43114608390B6055
:1077B000059B8B420E9E2BD20B998C400C3D2B6867
:1077C0001946C14021430C3A1160103E09997118C5
:1077D000029A103A04981038049005988842BDD354
:1077E0000998161804910E931AE00E9319E00E945E
:1077F0000498001F0490099841180E1F10E0049887
:10780000083804900298099A1618083E0E9107E06D
:107810000E9404980C380490029809990E180C3EA6
:107820000D9C00980022149214A9091833181B1FEC
:1078300004252D1AEE0702D01A780A700122AD072E
:1078400003980E9D01D59B5A8B521499C140424218
:10785000182313409D400D430498011F0D60EFE570
:10786000B0B502AF042913D30C1FE2431207920FE5
:1078700014D00025024620C223079B0F23460FD0B9
:1078800045600C222240042A05D10839083005E061
:1078900002460B460FE085600C390C300B46024661
:1078A0000C2C08D30020106050609060D060103223
:1078B000103B032BF7D8D01882421AD203241C4065
:1078C000591E002C0BD000231370012C03D1521C25
:1078D000032906D20DE05370022C0BD1921C032910
:1078E00007D30021D170917051701170121D824226
:1078F000F8D1B0BD9370D21C0329F2D2F9E7F0B5EC
:1079000003AF81B0042A28D3131FDC432407A40F3C
:1079100014D014460D4604C9064604C01A07920F37
:107920001A460BD029466A68304672600C221A400B
:10793000042A16D12246083A083108300C2B0CD301
:107940000B6803604B6843608B688360CB68C360DF
:1079500010311030103A032AF2D8FFF7C9FB01B0FA
:10796000F0BD8A68826022460C3A0C310C300C2B38
:10797000E6D2F2E7B0B502AF042913D30C1FE243FD
:107980001207920F14D00025024620C223079B0F36
:1079900023460FD045600C222240042A05D1083925
:1079A000083005E002460B460FE085600C390C30CC
:1079B0000B4602460C2C08D30020106050609060EB
:1079C000D0601032103B032BF7D8D01882421AD265
:1079D00003241C40591E002C0BD000231370012CD3
:1079E00003D1521C032906D20DE05370022C0BD197
:1079F000921C032907D30021D1709170517011702E
:107A0000121D8242F8D1B0BD9370D21C0329F2D26C
:107A1000F9E7B0B502AF93060CD4002A09D01F23B2
:107A200054421A400546D5401C400846A040284311
:107A3000D140B0BD1F200240D1400022084611466F
:107A4000B0BD80B500AFFFF77CFC80BD80B500AF56
:107A5000FFF74EFB80BDF0B503AF102932D344428F
:107A6000032214400319984218D2651E002C0BD033
:107A700000260670012C03D1401C032D06D20DE018
:107A80004670022C42D1801C032D07D30025C570FF
:107A9000857045700570001D9842F8D1091B084695
:107AA0009043181883420CD2002410C3834208D29A
:107AB00010C3834205D210C3834202D210C3834253
:107AC000F3D31140421890421AD203230B40491EAF
:107AD000002B0BD000240470012B03D1401C032980
:107AE00006D20DE04470022B0BD1801C032907D372
:107AF0000021C170817041700170001D9042F8D169
:107B0000F0BD8470C01C0329F2D2F9E78670C01C56
:107B1000032DBBD2C2E780B500AF00F001F880BDF5
:107B2000F0B503AF83B00246884203D2002011466D
:107B300003B0F0BD100C002610238142344630D92A
:107B40000294144631D9230A0820994232D9334687
:107B500000D8034601932309042099422ED93346C5
:107B60002FD9A0080225814230D9304600D82846B6
:107B7000009364080125A1422C4600D93446029E98
:107B8000019B9E19009BF318181803199D400C4681
:107B90009C40161B8E421DD232462846114603B029
:107BA000F0BD1C4602941446CDD80446230A082092
:107BB0009942CCD81C463346CBD9CBE71C4633463A
:107BC000CFD80346A00802258142CED804463046CD
:107BD000CDD9CDE7002C03D429462846324614E0FF
:107BE0005B1E1F2200931A40012090406408321B44
:107BF000D31701930290019B9843002A00DA324682
:107C000028438A420299009B91D3491E002B0BD036
:107C100003261E400AD055002A1B521C00D41546CC
:107C2000012E06D15A1E13E0154613E015461A46DA
:107C30000EE06D002A1B521C00D41546022E01D105
:107C40009A1E05E06D002A1B521C00D41546DA1E50
:107C5000042B0AD21F2213402A46DA402940084347
:107C6000114603B0F0BD121FF4D06D002E1B761C20
:107C70000CD56D002E1B761C0DD56D002E1B761CB1
:107C80000ED56D002E1B761CEDD40EE035466D0032
:107C90002E1B761CF1D435466D002E1B761CF0D4BD
:107CA00035466D002E1B761CDDD43546DBE7F0B57E
:107CB00003AF89B0089302920646FC680494BD683D
:107CC000002D75D0002C73D1089A002A00D1FDE058
:107CD000AA4200D305E113462A0C0020102193424A
:107CE000069000D80846294600D811460A0A0823FB
:107CF000089C944200D81146069A00D81A46059569
:107D00000B090424089D9D4200D819460196069B44
:107D100000D823468C080225089EA64200D821469A
:107D2000069C00D82C4649080126089D8D420396E2
:107D3000314600D906991018C01800191F244018A0
:107D4000254601D020210D1A059804992A4600F0F5
:107D500072F92C40039DA540029A06E00896079D03
:107D600080088B07C018AD088908141A089E33468E
:107D70008B41079508D4069A2A430692039A9342A8
:107D800000D2BBE022461E464308CC071B194D0813
:107D9000D41A3346AB41E1D4079A5508069A2A43D0
:107DA0000692039A934200D2A8E022460893D6E7AF
:107DB0000021089A002A00D182E00298401B104658
:107DC000049B98417CD3120C0021102094420B4656
:107DD00000D8A4E00391089900D8A5E0080A082279
:107DE000844200D8A6E00196184600D81046024604
:107DF00008090426844200D80146184600D83046B7
:107E000000908E080220B44200D831461E4600D8A9
:107E1000064648080121844207910846069300D986
:107E20000698039952180099521892191018844014
:107E30001F2242406B08D340234329468140079AC2
:107E400082400792029C069E05950BE0264608900C
:107E5000059D0C46069880089A07811807988008A7
:107E600007909B080691611A089A1046984109D418
:107E7000079A164334464E1B0646049A96412246FC
:107E800003D21BE02146104632461446069A560895
:107E9000DD0775195E084A1B0546B541D6D407981B
:107EA000460826430598101A284604998841114629
:107EB0000895144632462846059DCBD2002328E07B
:107EC0000C460B4602991046224623E0029C2046AF
:107ED0002946FFF720FE02464543611B0023184652
:107EE00018E02DD1029C204611461546FFF713FEDF
:107EF00002464543611B002001230BE0059D2046FF
:107F00002946FFF708FE069A02434543611B0023FA
:107F10001846019E0CC63160706009B0F0BD014684
:107F20000391089900D959E71146080A08228442AA
:107F300000D958E701460196184600D856E756E79B
:107F40000196104629462E461546FFF7E4FD0246E7
:107F500030465043281A3546310C03921DD1029EFB
:107F6000310C0891000440182946FFF7D4FD04465F
:107F7000284660430899081A0004B1B246183046F2
:107F80002946FFF7C8FD220402434543711B019EA9
:107F9000200C039B03430020BCE7029A511B0146BF
:107FA000049B994105D2034600201146024618461B
:107FB0003EE001266908E2075218EB070696F10732
:107FC00008910026059509E00294059D0799890806
:107FD00094070B190899890808919208029C079345
:107FE000E31A0146914106D4089806430698814257
:107FF00014D31C46084607994908D507491955085E
:10800000631A0146A941DFD4089840080643069840
:108010008142059D02D302930846D7E71C461846C5
:108020002946FFF778FD324602434543611B002095
:10803000019E039B6EE7B0B502AF93060CD4002AF5
:1080400009D01F2354421A400D4695401C4001465A
:10805000E14029439040B0BD1F210A4001469140B4
:108060000020B0BD10B584B002AC009400F004F85C
:10807000029A039B04B010BDD0B502AF86B004468F
:108080000092019302A822460B46FFF710FE0399C7
:108090000298BA68002A03D0059B049C14605360C0
:0C80A00006B0D0BD80B500AFFEE7D4D420
:1080AC002F55736572732F6A65616E2F2E63617223
:1080BC00676F2F72656769737472792F7372632F90
:1080CC00696E6465782E6372617465732E696F2DA9
:1080DC003139343963663863366235623535376623
:1080EC002F61727261797665632D302E372E362FA3
:1080FC007372632F61727261797665632E7273008D
:10810C002F55736572732F6A65616E2F2E636172C2
:10811C00676F2F72656769737472792F7372632F2F
:10812C00696E6465782E6372617465732E696F2D48
:10813C0031393439636638633662356235353766C2
:10814C002F726D6B2D302E382E322F7372632F647D
:10815C0069726563745F70696E2E7273002F55734C
:10816C006572732F6A65616E2F2E636172676F2F54
:10817C0072656769737472792F7372632F696E6499
:10818C0065782E6372617465732E696F2D31393485
:10819C00396366386336623562353537662F646508
:1081AC00666D742D7274742D312E322E302F7372C5
:1081BC00632F6C69622E7273002F55736572732F67
:1081CC006A65616E2F2E636172676F2F72656769C6
:1081DC00737472792F7372632F696E6465782E6372
:1081EC0072617465732E696F2D3139343963663859
:1081FC006336623562353537662F656D6261737330
:10820C00792D72702D302E382E302F7372632F749F
:10821C00696D655F6472697665722E7273002F5595
:10822C00736572732F6A65616E2F2E636172676F4F
:10823C002F72656769737472792F7372632F696E0D
:10824C006465782E6372617465732E696F2D313994
:10825C0034396366386336623562353537662F726A
:10826C006D6B2D302E382E322F7372632F73706C12
:10827C0069742F73657269616C2F6D6F642E7273E4
:10828C00002F55736572732F6A65616E2F2E6361B3
:10829C0072676F2F72656769737472792F7372636B
:1082AC002F696E6465782E6372617465732E696FC5
:1082BC002D3139343963663863366235623535377A
:1082CC00662F6465666D742D312E312E302F7372CE
:1082DC00632F6C69622E7273002F55736572732F46
:1082EC006A65616E2F2E636172676F2F72656769A5
:1082FC00737472792F7372632F696E6465782E6351
:10830C0072617465732E696F2D3139343963663837
:10831C006336623562353537662F72702D70616346
:10832C002D372E302E302F7372632F2E2F7270320A
:10833C003034302F696F2E7273002F557365727342
:10834C002F6A65616E2F2E636172676F2F7265677E
:10835C0069737472792F7372632F696E6465782EEA
:10836C006372617465732E696F2D313934396366AC
:10837C00386336623562353537662F656D626173E9
:10838C0073792D74696D652D302E352E312F7372E6
:10839C00632F696E7374616E742E7273002F557334
:1083AC006572732F6A65616E2F2E636172676F2F12
:1083BC0072656769737472792F7372632F696E6457
:1083CC0065782E6372617465732E696F2D31393443
:1083DC00396366386336623562353537662F7069B6
:1083EC006F2D636F72652D302E332E302F737263A9
:1083FC002F6C69622E7273002F55736572732F6A1E
:10840C0065616E2F2E7275737475702F746F6F6C2F
:10841C00636861696E732F737461626C652D616141
:10842C0072636836342D6170706C652D646172777F
:10843C00696E2F6C69622F727573746C69622F731D
:10844C0072632F727573742F6C6962726172792FFB
:10845C00636F72652F7372632F736C6963652F6919
:10846C006E6465782E7273002F55736572732F6A64
:10847C0065616E2F2E636172676F2F72656769730A
:10848C007472792F7372632F696E6465782E6372C0
:10849C00617465732E696F2D3139343963663863B5
:1084AC0036623562353537662F726D6B2D302E384E
:1084BC002E322F7372632F73706C69742F70657208
:1084CC006970686572616C2E727300007372632F31
:1084DC007065726970686572616C2E7273002663C8
:1084EC006F70795F66726F6D5F736C6963653A204C
:1084FC00736F7572636520736C696365206C656E50
:10850C006774682028C02B2920646F6573206E6FF8
:10851C0074206D617463682064657374696E617432
:10852C00696F6E20736C696365206C656E67746827
:10853C002028C00129002F55736572732F6A65615D
:10854C006E2F2E636172676F2F7265676973747219
:10855C00792F7372632F696E6465782E6372617400
:10856C0065732E696F2D3139343963663863366221
:10857C003562353537662F706F7374636172642D95
:10858C00312E312E332F7372632F7365722F666CFD
:10859C0061766F72732E7273002F55736572732F21
:1085AC006A65616E2F2E636172676F2F72656769E2
:1085BC00737472792F7372632F696E6465782E638E
:1085CC0072617465732E696F2D3139343963663875
:1085DC006336623562353537662F7374617469633F
:1085EC005F63656C6C2D322E312E312F7372632FBD
:1085FC006C69622E7273002F55736572732F6A65E6
:10860C00616E2F2E636172676F2F72656769737469
:10861C0072792F7372632F696E6465782E63726141
:10862C007465732E696F2D3139343963663863364E
:10863C00623562353537662F636F62732D302E339A
:10864C002E302F7372632F6465632E727300167352
:10865C006C69636520696E646578207374617274EB
:10866C007320617420C00D2062757420656E647374
:10867C0020617420C00020696E646578206F757469
:10868C00206F6620626F756E64733A207468652083
:10869C006C656E20697320C012206275742074683A
:1086AC006520696E64657820697320C0002F55734E
:1086BC006572732F6A65616E2F2E636172676F2FFF
:1086CC0072656769737472792F7372632F696E6444
:1086DC0065782E6372617465732E696F2D31393430
:1086EC00396366386336623562353537662F656DAA
:1086FC0062617373792D73796E632D302E372E3240
:10870C002F7372632F7075627375622F6D6F642E89
:10871C007273002F55736572732F6A65616E2F2EFD
:10872C00636172676F2F72656769737472792F73E7
:10873C0072632F696E6465782E6372617465732E33
:10874C00696F2D3139343963663863366235623579
:10875C003537662F706F7374636172642D312E31EF
:10876C002E332F7372632F64652F6D6F642E7273AB
:10877C00001072616E676520656E6420696E6465B9
:10878C007820C022206F7574206F662072616E672E
:10879C006520666F7220736C696365206F66206C50
:1087AC00656E67746820C0001272616E6765207315
:1087BC007461727420696E64657820C022206F75B4
:1087CC0074206F662072616E676520666F7220730D
:1087DC006C696365206F66206C656E67746820C079
:1087EC00002F55736572732F6A65616E2F2E63614E
:1087FC0072676F2F72656769737472792F73726306
:10880C002F696E6465782E6372617465732E696F5F
:10881C002D31393439636638633662356235353714
:10882C00662F6465666D742D7274742D312E322E24
:10883C00302F7372632F6368616E6E656C2E72736A
:10884C00002F55736572732F6A65616E2F2E6361ED
:10885C0072676F2F72656769737472792F737263A5
:10886C002F696E6465782E6372617465732E696FFF
:10887C002D313934396366386336623562353537B4
:10888C00662F72702D7061632D372E302E302F7342
:10889C0072632F2E2F7270323034302F70616473EC
:1088AC002E727300C0013AC0013AC0002F55736597
:1088BC0072732F6A65616E2F2E636172676F2F72F0
:1088CC00656769737472792F7372632F696E64654F
:1088DC00782E6372617465732E696F2D313934395A
:1088EC006366386336623562353537662F726D6B69
:1088FC002D302E382E322F7372632F73706C697477
:10890C002F72702F756172742E72730004840010B4
:10891C006F000000FC030000330000000484001012
:10892C006F00000007040000370000000C810010ED
:10893C005C000000430000003B000000D8840010E5
:10894C00110000000600000001000000AC800010C7
:10895C005F0000007B0400000F0000006053746196
:10896C0074696343656C6C6020697320616C72651B
:10897C006164792066756C6C2C2069742063616E5F
:10898C00277420626520696E697469616C697A6507
:10899C00642074776963652EA58500105D00000066
:1089AC00540000000D000000B88800105F000000AB
:1089BC00DD01000036000000B88800105F000000E8
:1089CC00D701000036000000748400106200000023
:1089DC004900000028000000B88800105F0000006B
:1089EC008201000048000000B88800105F00000001
:1089FC007D0100000D000000B88800105F00000031
:108A0C007D01000013000000B88800105F0000001A
:108A1C002701000026000000B88800105F0000004D
:108A2C002E01000032000000B88800105F0000002A
:108A3C001D01000026000000B88800105F00000037
:108A4C001E01000039000000B88800105F00000013
:108A5C00670100004A000000B88800105F000000A9
:108A6C00620100000C000000B88800105F000000DC
:108A7C0062010000120000006D6964203E206C65EC
:108A8C006E617373657274696F6E206661696C6573
:108A9C00643A206E203C20347573697A65000000BE
:108AAC00E5820010600000002D00000009000000AD
:108ABC00428500106200000033020000120000002A
:108ACC004285001062000000260200001A0000001F
:108ADC0042850010620000002A0200001A0000000B
:108AEC00B88800105F000000E50100004C00000099
:108AFC001F8700105D0000003500000024000000FE
:108B0C001F8700105D000000390000002C000000E1
:108B1C00B88800105F000000EB0100004900000065
:108B2C002A820010620000003200000048000000A1
:108B3C002A82001062000000420000001B000000AE
:108B4C002A82001062000000480000005200000061
:108B5C002A820010620000004C000000350000006A
:108B6C002A820010620000005D0000005A00000024
:108B7C002A82001062000000670000001E00000046
:108B8C0041727261795665633A2063617061636901
:108B9C00747920657863656564656420696E206509
:108BAC007874656E642F66726F6D5F6974657200A0
:108BBC000386001056000000130100001400000092
:108BCC0003860010560000001F0100003B0000004F
:108BDC00303030313032303330343035303630376D
:108BEC003038303931303131313231333134313553
:108BFC003136313731383139323032313232323339
:108C0C00323432353236323732383239333033311E
:108C1C003332333333343335333633373338333904
:108C2C0034303431343234333434343534363437FC
:108C3C0034383439353035313532353335343535E2
:108C4C0035363537353835393630363136323633C8
:108C5C0036343635363636373638363937303731AE
:108C6C003732373337343735373637373738373994
:108C7C00383038313832383338343835383638378C
:108C8C003838383939303931393239333934393572
:108C9C003936393739383939606173796E63206602
:108CAC006E6020726573756D6564206166746572A3
:108CBC0020636F6D706C6574696F6E70616E696343
:108CCC006B6564206174203A0A52656643656C6C6E
:108CDC0020616C7265616479206D757461626C7968
:108CEC0020626F72726F77656452656643656C6C57
:108CFC0020616C726561647920626F72726F776546
:108D0C0064FF0000000000000000000001000000F3
:108D1C004D3A0010C9390010393A00106578706C62
:108D2C00696369742070616E696300008D82001044
:108D3C005700000081010000050000006465666DAD
:108D4C0074206C6F676765722074616B656E20723E
:108D5C0065656E7472616E746C79000069810010C7
:108D6C005B000000960000000D0000006465666D5D
:108D7C00742072656C65617365206F7574206F6605
:108D8C0020636F6E74657874698100105B0000005D
:108D9C00CB0000000D000000ED8700105F0000000C
:108DAC00280000001F000000413D0010513D001044
:108DBC00513D00107D3D0010C58100106400000085
:108DCC00690000002E000000C58100106400000046
:108DDC006B0000002A000000617373657274696F88
:108DEC006E206661696C65643A206E203C203330DD
:108DFC007573697A65000000E58200106000000060
:108E0C004E00000009000000617373657274696F95
:108E1C006E206661696C65643A206E203C20327568
:108E2C0073697A65E582001060000000590000004B
:108E3C0009000000617373657274696F6E2066615E
:108E4C00696C65643A206E203C2033327573697A04
:108E5C00650000004D880010620000001A00000040
:108E6C0009000000C5810010640000003000000003
:108E7C00330000006F766572666C6F7720776865DB
:108E8C006E20616464696E67206475726174696FC9
:108E9C006E20746F20696E7374616E74468300105B
:108EAC0062000000BF0000000E0000000000000087
:108EBC000400000004000000FD430010496E6465CE
:108ECC007820666F722057616974536F7572636591
:108EDC003A3A4952512073686F756C642062652070
:108EEC00696E2072616E676520302E2E3D37000052
:108EFC00A98300105A000000EA00000015000000D1
:108F0C0072656C617469766520666C616720736844
:108F1C006F756C64206F6E6C79206265207573655B
:108F2C006420776974682057616974536F75726334
:108F3C00653A3A4952510000A98300105A000000CA
:108F4C00E7000000150000006269745F636F756EC6
:108F5C0074206D7573742062652066726F6D20319C
:108F6C0020746F2033320000A98300105A000000D7
:108F7C00F300000015000000A98300105A00000047
:108F8C00FC00000015000000696E76616C696420BD
:108F9C00696E7465727275707420666C61677300AB
:108FAC00A98300105A0000001401000015000000F5
:108FBC0053455420617267756D656E74206F7574BE
:108FCC00206F662072616E6765000000A983001037
:108FDC005A0000001D0100001500000004060708DF
:108FEC00090A0B0C0D0E0F617373657274696F6E49
:108FFC00206661696C65643A20696478203C206C59
:10900C00656E0000B986001065000000CB00000002
:10901C001B000000B9860010650000007E000000F7
:10902C001F000000B986001065000000160100004A
:10903C001B0000000102030500003500AA00B3006C
:10904C00CB00D200E900F3000600540069007D005B
:10905C00CA00EA0003000D000E0020004B00B00017
:10906C00B100CC00D400ED00F60025002B003F0031
:10907C00480058006100700084009C00BE00C300D2
:10908C00D600E60005001D006E008100AB00B900A3
:10909C00C500120014001B003200CF00E5000400D4
:1090AC0010002F008B009100F800190027002E00F3
:1090BC003E005C00650076008600C100C400230001
:1090CC004D005300620063006D00260060006B00D1
:1090DC0073008C008F00A100AE00EB0021002C006F
:1090EC0052005B0088009400DC00DF0013001600C7
:1090FC00290041006C00C000C700F20036003B00A4
:10910C003C00A000BF0018002400380039004C00BF
:10911C008300B500BB00CE00FF0009001500400025
:10912C006F0080008900B400DB00E400EE00280032
:10913C0033003400450095009B00B700F5003A0061
:10914C00560078008A009200DA0008001E003100F8
:10915C00440047004F0059005A005F007C00AC00EF
:10916C00B800F0008700A700B600C200C900FC00E0
:10917C0002005D0066008D0090009800A600BD0006
:10918C00D900E300F1000A003D0042005700EC005A
:10919C0022004300460055009300BA00CD00DD00CC
:1091AC00FB002A007200E000F40030003700AF0032
:1091BC00FE002D009700A400A800D500D700FD00EC
:1091CC004A0051005E00640071009A00A500F7008F
:1091DC00070017001A0079009E00AD00BC00C80003
:1091EC00D100E200F90011001F004E00770096003C
:1091FC009D009F00A300D30049007E008200B200B6
:10920C00E700010050007A0085009900A200C6001A
:10921C00FA000B000C000F00670068006A00740075
:10922C0075007B007F008E00A900D8001C00D000C8
:10923C00DE00E100E800EF00000101010201030182
:10924C000401050106010701080109010A010B01CE
:10925C000C010D010E010F0110011101120113017E
:10926C001401150116011701180119011A011B012E
:10927C001C011D011E011F012001210122012301DE
:10928C002401250126012701280129012A012B018E
:10929C002C012D012E012F0130013101320133013E
:1092AC003401350136013701380139013A013B01EE
:1092BC003C013D013E013F0140014101420143019E
:1092CC004401450146014701480149014A014B014E
:1092DC004C014D014E014F015001510152015301FE
:1092EC005401550156015701580159015A015B01AE
:1092FC005C015D015E015F0160016101620163015E
:10930C006401650166016701680169016A016B010D
:10931C006C016D016E016F017001710172017301BD
:10932C007401750176017701780179017A017B016D
:10933C007C017D017E017F0180018101820183011D
:10934C008401850186018701880189018A018B01CD
:10935C008C018D018E018F0190019101920193017D
:10936C009401950196019701980199019A019B012D
:10937C009C019D019E019F01A001A101A201A301DD
:10938C00A401A501A601A701A801A901AA01AB018D
:10939C00AC01AD01AE01AF01B001B101B201B3013D
:1093AC00B401B501B601B701B801B901BA01BB01ED
:1093BC00BC01BD01BE01BF01C001C101C201C3019D
:1093CC00C401C501C601C701C801C901CA01CB014D
:1093DC00CC01CD01CE01CF01D001D101D201D301FD
:1093EC00D401D501D601D701D801D901DA01DB01AD
:1093FC00DC01DD01DE01DF01E001E101E201E3015D
:10940C00E401E501E601E701E801E901EA01EB010C
:10941C00EC01ED01EE01EF01F001F101F201F301BC
:10942C00F401F501F601F701F801F901FA01FB016C
:10943C00FC01FD01FE01FF01000201020202030218
:10944C000402050206020702080209020A020B02C4
:10945C000C020D020E020F02100211021202130274
:10946C001402150216021702180219021A021B0224
:10947C001C021D021E021F022002210222022302D4
:10948C002402250226022702280229022A022B0284
:10949C002C022D022E022F02300231023202330234
:1094AC003402350236023702380239023A023B02E4
:1094BC003C023D023E023F02400241024202430294
:1094CC004402450246024702480249024A024B0244
:1094DC004C024D024E024F025002510252025302F4
:1094EC005402550256025702580259025A025B02A4
:1094FC005C025D025E025F02600261026202630254
:10950C006402650266026702680269026A026B0203
:10951C006C026D026E026F027002710272027302B3
:10952C007402750276027702780279027A027B0263
:10953C007C027D027E027F02800281028202830213
:10954C008402850286028702880289028A028B02C3
:10955C008C028D028E028F02900291029202930273
:10956C009402950296029702980299029A029B0223
:10957C009C029D029E029F02A002A102A202A302D3
:10958C00A402A502A602A702A802A902AA02AB0283
:10959C00AC02AD02AE02AF02B002B102B202B30233
:1095AC00D7840010409000104190001042900010A1
:1095BC00E88F001043900010E98F0010EA8F001024
:1095CC00EB8F0010EC8F0010ED8F0010EE8F001061
:1095DC00EF8F0010F08F0010F18F0010F28F001041
:0C95EC00D7840010409000104190001047
:1095F800F8B504AF1A4C002020601A4D1A4E2068A6
:10960800C0072BD001E000F069F82068C007FAD045
:10961800A068B042F3D100F067F82068800702D450
:1096280000F068F8F9E7666000F06AF82068C0079B
:1096380002D100F053F8F9E7A068A84202D000F080
:1096480059F8F3E700F062F82068800702D400F0C8
:1096580051F8F9E7656000F053F8D0E7F8BDC04667
:10966800500000D010415221EFBEADDE6465666D3A
:109678007400D4D4534547474552205254540000EF
:109688000000000001000000000000007C00002035
:109698009008002000040000000000000000000006
:1096A80001000000000000000000000000000000B1
:1096B80000000000000000000000000000000000A2
:1096C8000000000000000000000000000000000092
:1096D80000000000000000000100000003B4014881
:1096E800019001BDE370001003B40148019001BD71
:1096F800BF70001003B40148019001BDD170001083
:1097080003B40148019001BDDB70001003B40148A7
:08971800019001BDC3700010B7
:04000005100001C125
:00000001FF
