:020000041000EA
:1000000000B5324B212058609868022188439860DF
:10001000D860186158612E4B002199600221596106
:100020000121F02299502B49196001219960352056
:1000300000F044F80222904214D00621196600F024
:1000400034F8196E01211966002018661A6600F04E
:100050002CF8196E196E196E052000F02FF8012189
:100060000842F9D1002199601B49196000215960AB
:100070001A491B48016001219960EB211966A021F2
:10008000196600F012F800219960164914480160C1
:100090000121996001BC002800D000471248134993
:1000A000086003C880F30888084703B5996A0420EC
:1000B0000142FBD001200142F8D103BD02B5186610
:1000C0001866FFF7F2FF186E186E02BD00000240BE
:1000D000000000180000070000035F00212200005C
:1000E000F4000018222000A00001001008ED00E03C
:1000F00000000000000000000000000074B24E7A12
:1001000000000420C1010010B57A0110D1050210D1
:1001100000000000000000000000000000000000DF
:10012000000000000000000000000000B57A01108F
:100130000000000000000000B57A0110B57A01103F
:100140004D800110B57A0110B57A0110B57A011011
:10015000B57A011075030010B57A0110FD01001089
:10016000B57A0110B57A0110B57A0110857F0110BA
:10017000B57A0110E17F0110B57A0110B57A01104E
:1001800001000020B57A0110B57A0110B57A01108E
:10019000B57A0110B57A0110B57A0110B57A01105F
:1001A000B57A0110B57A0110B57A0110B57A01104F
:1001B000B57A0110B57A0110B57A0110B57A01103F
:1001C00018F0BCF8084809490022814201D004C057
:1001D000FBE707480749084A814202D008CA08C01D
:1001E000FAE716F0ABFE00DE78010020DC3D0020CF
:1001F000000000207401002020500210FEB506AF60
:10020000564A9568012000904402554B1869554E96
:1002100000282BD05869002828D0A80726D51846D2
:100220001030019001A817F085FE00291CD0002293
:100230003368234206D18A4204D2336A1B0E8354A8
:10024000521CF5E7464BD869801859694900411A94
:1002500000D30846BFF35F8FD86180204249086011
:100260001846203018F0F8F83D4B3C4AE8063ED5D9
:1002700080203D490860186800281BD05868002875
:1002800018D0586899680918D8685A6852008A1AAC
:1002900000D31146814221D0029302A817F031FE0B
:1002A00000223368DB030ED48A420CD2835CF360F5
:1002B000521CF6E710681021884310601846283059
:1002C00018F0CAF813E0264B98688018596849005E
:1002D000411A00D30846BFF35F8F98609868D968C9
:1002E00088421E4A03D11068102188431060E80537
:1002F00004D50098F06280201B490860254214D084
:1003000017F0D8FE044619480EF0D8FB342000211F
:10031000134A1154106B401C1063E0B217F02EFF0B
:100320000220F062802010490860680514D517F09B
:10033000C1FE04460E480EF0C1FB34200849009A65
:100340000A54086B401C0863E0B217F017FF042042
:10035000F062802004490860FEBDC0462C01205098
:10036000000100200400205080E200E05C22021026
:100370006C220210FEB506AF01262048056CE80489
:100380001F4C05D5300320601E48203018F064F85B
:10039000280405D5F00320601A48203018F05CF8D6
:1003A000680405D5B00320601648203018F054F8D2
:1003B000E80304D530042060134818F04DF8E8062F
:1003C00000D4FEBD0D4801680191016000260E4D6C
:1003D0000E480290202EF4D0019CF440E00702D099
:1003E000029818F039F8A00702D5284618F034F81A
:1003F0000298083002900835B61CEBE758001150FF
:1004000090301150B03C0020843100200431002095
:10041000F0B503AF8BB00E460D684C68E368244915
:100420000F22284602939847012100283CD10191D0
:10043000B07A00060CD4234901222846029B984733
:10044000002821D11D490222304616F099FE22E0F3
:10045000184902222846029B9847002814D106A872
:10046000012101700590049403951348089003A896
:100470000790B068F1680A91099007A80F49022215
:1004800016F07EFE002801D001990DE003A80C496A
:10049000022216F0C3FF0028019905D10A49012262
:1004A0002846029B9847014608460BB0F0BDC0465F
:1004B000E81C0210EF3E0210F43E02105C440210F1
:1004C000EC3E0210EE3E0210F13E021080B500AF8D
:1004D0000169002911D04369491E01618268511CDC
:1004E0008160C1685918491CC16003684168184699
:1004F00004F07EF90146012080BD002080BDD4D4E7
:10050000FEB506AF0C4628490968C9053DD10290E1
:10051000206800283ED101924D208000261800213D
:10052000C843254601C5307A012804D120460C3045
:1005300017F06EFF317A05CE083E904201D1C9070F
:100540000FD021461431431C00220093102B134678
:1005500000D0009B33603272122242438E5C082E20
:1005600007D1019806C8284617F05DFF0826029DAE
:1005700006E08918029D681C491C11221FF0E3FC4B
:100580002E702068401C2060FEBD084817F01BFB41
:1005900017F040FB064817F00BFB0FF09BFD17F020
:1005A000F7FB17F037FBC04604ED00E078000000D1
:1005B00069000000FEB506AF044626480068C00585
:1005C00039D1206800283BD102910021C84322463E
:1005D00001C201925C20205C25465C35012804D1D3
:1005E00020460C3017F014FF2978606DA26D0223AD
:1005F000904202D1C9071E460FD000932146143104
:1006000000222A70431C102B00D01A46626580001D
:100610000E58F0B20228009B06D1029806C8019835
:100620001D4617F000FF28462168491C2160FF2164
:100630008E433018FEBD084817F0C5FA17F0EAFAE5
:10064000064817F0B5FA0FF045FD17F0A1FB17F0BB
:10065000E1FAC04604ED00E0780000006900000007
:10066000F0B503AF85B00A46044602AD28462146E0
:1006700016F074FC287800280FD0012816D12569BF
:10068000A068049E039A1A4B294618F0ABFB06702B
:10069000E068A84226D0002105E002A9E0682269AE
:1006A00090421FD049780170401C18E002A8407A9F
:1006B00001902569A068049E039A0C4B294618F006
:1006C00091FB0670E1680220A9420CD0019A0A70E1
:1006D0004A1CE260AA4206D000204870881CE060F4
:1006E000102000E0022005B0F0BDC046C43B02105F
:1006F000B43B0210B0B502AF1446054613F0F6FA4B
:10070000C0B2102804D128462146FFF7A9FFB0BD8A
:100710000220B0BDB0B502AF1446054613F0E6FAAC
:10072000C0B2102804D128462146FFF799FFB0BD7A
:100730000220B0BDF8B504AF0E460546002113F007
:10074000D5FAC0B20224102835D131782846FFF7F7
:1007500087FFC1B210292DD17078012817D101214E
:10076000284613F0C3FAC0B2102824D1F1782846E5
:10077000FFF776FF0446C0B210281CD1B178284696
:1007800013F0B4FAC4B2102C15D0022413E00021E7
:10079000284613F0ABFAC0B210280CD1B178284625
:1007A000FFF75EFF0446C0B2102804D1F178284656
:1007B000FFF756FF04462046F8BDB0B502AF044629
:1007C000C068002809D025460C35284613F006FBE2
:1007D000002800D0B0BD002028602068012804D186
:1007E000606800216160A168B0BD0020B0BDD0B5D7
:1007F00002AF814205D3994203D81218091A104654
:10080000D0BDBC681A46234616F0E4FFF8B504AF25
:1008100004462020205C002804D0032867D1E56925
:10082000286811E00DCC0C3C25460C350DC582889E
:10083000934202D9002001264DE0827925461835E1
:100840007F201040A061E5610F284CD8C0002B4AE2
:1008500010180B684A68194617F01BFE2868102804
:100860003CD2C00028494018802541592748401CE7
:10087000014202D0032630462DE0009123460C337E
:100880000DCB4188008800F01DFAA069102825D200
:1008900061691E4A114001262B467503009A954353
:1008A0006918F2038918C000174A10180093C15044
:1008B0000C201EF036FDA06910280FD2C00012498E
:1008C00008186169114A11400D4321218902294309
:1008D000009A8150022020342670F8BD08481D215E
:1008E000084A16F0B7FF1021034A16F0B9FF014875
:1008F00017F0B6F8F81C0210081D02100431002091
:10090000283902108439021000001050FF03000043
:10091000DCB504AF14460A46014600930020234686
:10092000FFF765FFDCBDD4D4F0B503AF85B00C464E
:1009300006462020085C002804D0032873D1E5690E
:1009400028680BE00BCC0C3C25460C350BC5817997
:1009500025461835E5617F200840A0610F285ED844
:10096000C0003449081806CA17F093FD28681028FB
:1009700050D2C0003249401884214558314A501C99
:10098000054203D00220307003233FE02846104088
:1009900062690123049282421A4633D30391019380
:1009A0000296E6682169284B0090049AFFF7B0FF91
:1009B00002460B467188308800F068F9A06910285B
:1009C00028D201214E03AE43E16889881D4A1140B7
:1009D0007118C0001A4A1018039D41510C201EF0D6
:1009E000A0FCA069102815D2C00015490818E168BC
:1009F0008988144A11400E439119491C4151002223
:100A000000AE49CE706000217170327020342370C6
:100A100005B0F0BD08481D21084A16F01BFF102143
:100A2000034A16F01DFF014817F01AF8281D02109E
:100A3000481D021084310020283902109439021018
:100A400000001050FF030000381D021080B500AFF9
:100A5000C0B20C2804D2052109078001401880BDCE
:100A600002481D21024A16F0F5FEC046F838021071
:100A700018390210F8B504AF17F01CFB104C217A9E
:100A80004D1E2572C0B217F079FB280600D0F8BDC4
:100A900017F010FBA1690091E569C0B217F06EFB79
:100AA0000026084C1E2EF2D00098294632461FF030
:100AB0002DFAC00701D01F202060761C0834F1E712
:100AC000B03C002004400140D0B502AF0C4617F006
:100AD00077FB0168302291432207120E0A4302601D
:100AE000D0BDD4D4F0B503AF87B015460E46029002
:100AF0004820105C002821D028464830437804ACB8
:100B0000204631462A4600F03BF82078022830D0B3
:100B100004A9CA7803AB9A704A78897809028918BF
:100B20001980059C069D029E3070701C03A903224B
:100B30001FF009FA7460B56007B0F0BD002301939F
:100B40001F2B0BD804AC204631462A4600F018F87B
:100B500020780228DCD10598431CF1E7074817F0FC
:100B600027F8019821460FF0D5FA17F011F917F080
:100B700051F8059C01200190F0E7C0465D0000009F
:100B8000F0B503AF89B0029010464A3001908078EA
:100B900000284DD10091086807900393DBB2FF2035
:100BA00041015068400006900026354604910592A8
:100BB000079C0698A84221D008955019028908463A
:100BC0002030824206D2039880180A401F25054033
:100BD000154300E015461F221A4001209040194697
:100BE0003346234303421DD19200154BD550064393
:100BF000089DAD1C4B1C059A0499DAE7029D039BE6
:100C0000AB72079C344300980460106841C5019C96
:100C10006078C0181F21084068702078C01808400C
:100C2000287003E00220029908704A6009B0F0BD04
:100C3000024816F0C8FF16F0EDFFC0466100000044
:100C400048002050F8B504AF0D788C78661BF6B2DA
:100C5000B34213D1C57384714C7804740C894482F7
:100C6000002B04D0126813787F221A4000E0002283
:100C7000827201228276897AC176F8BD024816F026
:100C8000A2FF16F0C7FFC0465E000000DCB504AF4F
:100C900089B28B420AD80849009180B207494418AA
:100CA0001046194622461EF029FBDCBD044816F00A
:100CB0008AFF16F0AFFFC046681D021000001050FA
:100CC00060000000E0B502AF89B28B4208D8074946
:100CD000009180B20649401819461EF00FFB8CBDEA
:100CE000044816F070FF16F095FFC046781D0210FC
:100CF000000010505F00000080B500AF17F060FAF0
:100D0000016848220A4304218A43026080BDD4D48A
:100D1000FEB506AF02900126F0040025BC688442AF
:100D200008D8009301912346A00001214C05201A08
:100D3000824203D92946304603B0F0BD9007FAD16C
:100D40001149019C0868800701D44869FAE701202D
:100D500000071018C8600B610298C00710D01D462C
:100D60002046FFF773FE0A490160009941608560E3
:100D70002107490C074A8918C16000262146DAE795
:100D8000024816F05DFDC04608000014F81D021070
:100D90000000405029801200F0B503AF8BB005462B
:100DA00018F0B0F90C46C00702220023002801D039
:100DB00021468CE0049206930120059009AE30464E
:100DC000294612F04BFF3078012804D109A8407859
:100DD0000002801C64E00A98002811D0012800D08D
:100DE00085E0022003900890079507A800F086F898
:100DF00081B20A0AC1B2032302291ED1164631E08C
:100E000002200A90099509A800F078F8010ACAB2F0
:100E1000C1B200260125022901D1304637E00392F4
:100E2000C00766D009A800F069F8010AC9B2C2B2C9
:100E3000022A27D130460A4629E00E26C00711D0E3
:100E4000089800280ED001920293079909AD284610
:100E500012F004FF287801283FD109A84678039AA8
:100E6000029B00E0039A0020032B00D0059A314634
:100E700000D0194600D0304600040906090C40187D
:100E800080180DE0C00734D000250846039A002DD5
:100E900000D1060410028119681E854168000843CC
:100EA000069BC1B2022903D1FF2109020840C01CE0
:100EB00011490140090AC2B2032A01D1049A06E08D
:100EC000022A12D0059A14400B0401462246C8B2E9
:100ED0000002184310430BB0F0BD0A980228039A91
:100EE000029BC0D8019E0346BDE70E21EFE70E200E
:100EF0006EE70E2291E7C04600FFFF0080B500AF0D
:100F00004168002908D0491E416000680FF010FBBD
:100F1000C00703D1012002E0002000E00220090206
:100F2000081880BDD0B502AF01214C0641680029E8
:100F30000DD0491E4160006812F070FD03210906C2
:100F400002460A40A24201D1C0B20843D0BD2046A9
:100F5000D0BDF8B504AF0C46054600260C2E08D0CF
:100F6000A819214608F0EDFAC1B2361D1029F5D0B6
:100F7000F8BD1020F8BD80B500AF06C80838914212
:100F800006D00A46183202608268531C836000E073
:100F90000021104680BD80B500AF014640680028A2
:100FA00006D0401E48608868421C8A60096880BD7F
:100FB000002180BD80B500AF06C80838914206D038
:100FC0000A460C3202608268531C836000E00021F4
:100FD000104680BD80B500AF06C80838914207D0E2
:100FE0000F2252018A1802608268531C836000E05D
:100FF0000021104680BD80B500AF06C80838914278
:1010000006D00A46783202608268531C836000E092
:101010000021104680BD80B500AF824203D30B187B
:10102000111A184680BD114616F0D4FB80B500AFEA
:10103000824203D30B18111A184680BD114616F0D0
:10104000C9FBD4D4F0B503AFFFB09CB041229300EC
:1010500059AAD31805934369099303690893C36890
:101060000493521C039255AAD21C029282680792E2
:1010700002680B680A9149680B918169109101908F
:1010800040682030069000921E460B98834200D1A3
:1010900081E031460C310A980D9101601068401EC4
:1010A0001060079D29688A1C0698494B0DF071FD58
:1010B0000FF0D8F8014611AC204618F0AFFD0C96A1
:1010C00030460ECC0EC02868801C28600898056841
:1010D00009980668754366D0002E67D0049C208866
:1010E000109908180E903B4816F062FD208818F001
:1010F000E3FE0E9C204629461EF08AFF0F904543D2
:10110000641B204631461EF083FF0546324988475E
:101110006E43A01B0E90304CA0470F98A04716F0CE
:1011200037FE11A90C2202981EF00DFF59AC0120C8
:1011300020700598294E066055A90F2203981EF0CD
:1011400002FF0F98A0740E986074257424480068FC
:10115000C0052ED13068002830D10023D84330603C
:10116000311D14AC59AA204600F090FF3068401C95
:1011700030602078132802D01C4816F024FD109906
:10118000491C019810918161009A106800280D9BFC
:101190000C9E00D078E70B98301A411E8841FE1F44
:1011A000053EB546F0BD134816F046FC104816F053
:1011B00043FC0C4816F007FD16F02CFD0A4816F00B
:1011C000F7FC0EF087FF16F0E3FD16F023FDC04696
:1011D0000829021024000000997B011038350020F6
:1011E00004ED00E078000000690000008E000000BF
:1011F0009827021088270210F8B504AF18CA009487
:10120000083A009CA34210D00A290D4600D30A25B3
:101210004E1B0C246C431C1978330A29136004609C
:1012200043603146EDD80120F8BD0020F8BDFEB581
:1012300006AF0D4600901468019250680290264651
:10124000029884420BD0344678342E606C6001984A
:10125000046000982946FFF7F5FE0028EFD00298B9
:10126000301A411E8841FEBDF0B503AF85B014466B
:10127000019100901868029359680391019D0399A8
:10128000884218D006460C3602990E6018F0B8FB5A
:10129000049029688A1C0098094B0DF089FC049A77
:1012A0000EF0B0FF2868801C2860641E601C304669
:1012B000E5D3002000E00120214605B0F0BDC04686
:1012C00018290210FEB506AF0D4606461C680193AC
:1012D00058680290029884420ED02C6078346C607A
:1012E0000198046003CE2B46083EFFF7BDFF0A4677
:1012F000C007EFD1002000E00120114603B0F0BD8F
:10130000F0B503AF85B00446407A03947844007981
:101310004000874402B1BA4329006068206001465A
:10132000FE31227A7A44127952009744026D566750
:101330005000022008712068FE21002545542068D5
:10134000FF21455404312068455424689C200190B5
:101350002058C6005C34002E67D003CC0969083CD5
:101360008847083E0834F6E7207CC00700D086E0B6
:1013700020680121217481214900002242542468FF
:101380009C202058C5005C34002D70D003CCCA6866
:101390000021083C9047083D0834F5E7207CC00751
:1013A00070D1206801252574812149000222425410
:1013B00024689C202058C6005C34002E57D003CCF3
:1013C000CA682946083C9047083E0834F5E70021E2
:1013D0000246A032E2602161CBE700200870246859
:1013E0009C202058C5005C34002D40D003CCCA6935
:1013F0000021083C9047083D0834F5E700210246EB
:10140000A032E2602161CDE701250D7024689C20A7
:101410002058C6005C34002E29D003CCCA69294666
:10142000083C9047083E0834F5E703980168886D4A
:1014300048314000081802900298814217D00020DD
:10144000049108700398046801982058C6005C3421
:10145000002E08D003CC4B6A00222946083C98474E
:10146000083E0834F4E76D1C0499891CE4E7012068
:101470000399487205B0F0BD064816F0F1FA03482A
:1014800016F0EEFA024816F0EBFAFEDEC43902104E
:10149000B4390210681E021080B500AF002080BD74
:1014A00080B500AF002080BD80B500AF80BDD4D432
:1014B000FEB506AF044606463436407C0D46C046AF
:1014C00078440079400087440225303D5400E168AB
:1014D000A16060680A2820D223688988092808D179
:1014E00000222274002911D12C4837212C4A15F0F2
:1014F00095FD0293002915D0019000911FF050F83E
:101500004A424A41019822740099029B6361A0619A
:10151000E1610BE01E4816F0A3FA1E4816F053FBDB
:1015200016F078FB1C4816F091FAFEDE20461430C7
:1015300012F054FC002812D000223273A2682262FA
:101540006062A162204620302946FFF75FF9C0B2F1
:101550000228EBD0032817D10321084615E0207C90
:10156000012810D1002001213070A2686261A161C0
:10157000E061204614302946FFF748F9C0B203283D
:1015800002D1042101E0022001216174FEBDC046A8
:10159000982002106F0000007820021034370210EB
:1015A00088200210F0B503AF9DB015460E460446E4
:1015B0008720085C19680791119359681091324689
:1015C000E8320128149219D1106818AA002151712B
:1015D0001171D17003239370517010700B21062389
:1015E000304617F08FF87169B069401F884200D308
:1015F0005AE131690A5C521C0A54149A0695136820
:10160000082B00D329E158003018D8210025455275
:101610001168491C1160994200D828E1D921425C27
:10162000521C42543068012800D024E105947169AD
:101630007068884200D323E15B2189007118129100
:10164000B968089131690A5C521C0A540124B069D6
:10165000001DB460F06018AA9571557115710320D2
:101660000E90D07095705570049313700421072369
:10167000139330460C9117F045F81098010A18AAF8
:1016800003919171507122201071D47095700B9458
:1016900054701020107021213046139B17F032F83F
:1016A00009963246EF323F20C44320463F3011991D
:1016B0008B7C0D93098A13912346002B00D1EEE019
:1016C000401CD11840254E5D1B1D1499C91840318E
:1016D0000028F2D0F607F0D1139E412E00D3D2E0BD
:1016E00032463F32C0231340129A16880F93149645
:1016F000F3189EB20A960B9E36030B960A9AB242D4
:1017000000D9C9E0129A1380139E0E80FF22043282
:101710000A924A80431E0F2B00D394E0324615A94B
:101720000E9E0E720D9ECE718A800F9A4A80149A78
:101730000A80802630438871D800694A80180B23BC
:101740009A060292149B9A188260091D099E3046DF
:1017500017F02CF8089800283FD02520C000311839
:101760003F34002D00D1A5E0641C2D1F081DCA794F
:10177000002C0146F5D0D1070146F2D1129D2988EF
:101780000F9A14918A1893B20B998B4200D98EE06C
:101790002A80139A02800A994180601E0F2857D22E
:1017A000134618AA0E9911720D9DD57194719380EC
:1017B0000F9B538014991180029B0B43C000484932
:1017C0000818C360111D304616F0F0FF19981390E9
:1017D000189814900E980C90FFE73246503207CAC2
:1017E0003346483317F088F8069903984877109DD8
:1017F0000D773D4888613D48C882092048750498A6
:10180000087530460E462036119A9368D268079CB8
:1018100070C10B604A60364A0C3900F097F8139A91
:10182000100C05990882CA81149A100C88814A818B
:101830000C98887415A80C460CC80CC44E6100881E
:1018400020801DB0F0BD24481D21244A16F002F866
:1018500021481D21234A15F0FDFF1B4816F0A8F969
:10186000082016F099F916F093FA16F0D3F9174AF2
:10187000184615F0F5FF164816F0A5F916F0CAF946
:10188000144A15F0EDFF1F4816F092F9304618F093
:1018900013FB16F07DFA02E0164816F094F91A4888
:1018A00000901A48182109E0064A15F0D9FF11489E
:1018B00016F089F910480090104819211CAA104B05
:1018C00016F0A0F80C210210740000001C21021078
:1018D0007600000098420210453902106439021067
:1018E0000000105074390210010001222110000084
:1018F000D82002102C000000702102105421021088
:10190000503702102D000000442102102C2102103B
:1019100080B500AF80BD80B500AF0021016080BD03
:1019200080B500AF002080BD80B500AF002080BD35
:1019300080B500AF022080BD80B500AF80BD80B50E
:1019400000AF80BD80B500AF80BDD4D4D0B502AFAC
:10195000D423C358082B0AD2DB00C318D4309424F4
:10196000195194335A600168491C0160D0BD054883
:1019700016F01EF9082016F00FF916F009FA16F005
:1019800049F9C04673000000B0B502AF0D460446E9
:10199000163000F0EDFCC00706D11622204629467D
:1019A0001EF0D1FA2046B0BD02487921024A15F056
:1019B00035FBC04680210210BC210210B0B502AF39
:1019C0000D460446243000F0D3FCC00706D1242283
:1019D000204629461EF0B7FA2046B0BD02487921BC
:1019E000024A15F01BFBC04680210210BC210210E8
:1019F000D0B502AF044600F0BBFCC00701D1601CAB
:101A0000D0BD02487921024A15F008FB802102105E
:101A1000BC210210B0B502AF0D460446103000F0F4
:101A2000A7FCC00706D11022204629461EF08BFADB
:101A30002046B0BD02487921024A15F0EFFAC046AF
:101A400080210210BC210210B0B502AF0D46044641
:101A5000803000F08DFCC00706D180222046294648
:101A60001EF071FA2046B0BD02487921024A15F0F5
:101A7000D5FAC04680210210BC210210F0B503AF98
:101A8000CBB00446007BC00756D16568A168002032
:101A9000A9424DD301225305994249D8084628430B
:101AA0000005104644D10D2000070068002801D031
:101AB00002203DE0481B029016F0FCFAC0B20390F1
:101AC00000200C280BD00521090782015118401C69
:101AD0000A68520FF5D1CA68D201F2D5F8E7184862
:101AE00001680029FCD1012631020191009605A868
:101AF00004901EF081F91420008818210A881149E9
:101B00009047034631070498019A984745A80190E9
:101B1000002600993246049B16F08CFB2846029959
:101B20003246019B1EF04EFD039816F027FB042061
:101B3000012121734BB0F0BD034815F091FFC04661
:101B40001800001443340000CC210210F0B503AF9C
:101B5000D1B00546007CC00700D063E1AA68012629
:101B6000710500208A4200D920E1EB68891A8B4276
:101B700000D91BE11946FF31FF20069081430E91E9
:101B8000C91A8A42144600D30C460D91696808911F
:101B900031020D2000071094002C09960B900F9134
:101BA0000792059334D011AEFF2230460C460C92BA
:101BB0001DF0CAFB0D98211A109C0A199B4B304648
:101BC0000E460DF000F89A4A0092089A23461DF03E
:101BD00095FB0B980068002800D0E5E00495059877
:101BE000801B0D900998040645070520060716F08E
:101BF00061FAC0B20A9000200C2810D0810171183F
:101C0000401C0A68AA42F7D2CA682242F4D0F8E718
:101C100089491140FF2A10460E9318D89DE0854847
:101C200001680029FCD111A90D980F9A16F042FB0A
:101C30000A9816F0A3FA079A109BD01A01460C9C3A
:101C4000A1431943FF28049D099E00D885E0029016
:101C500004957507681E089C844209D991420B9827
:101C600000D9D6E0006800284ED00220049D9DE0F7
:101C700091420F9B00D9D0E0109822180391081AC6
:101C80006E4901400D913606052004070699C843A8
:101C90000A900D9800285DD011A8114610921A469E
:101CA0001EF051F90B98006800282AD10D980A9966
:101CB00040180D900F9810990918109116F0FAF924
:101CC000C0B20C9000205B4B0C2809D08101611838
:101CD000401C0A68AA42F7D2CA683242F4D0F8E738
:101CE00018680028FCD111A90E980F9A16F0E2FA94
:101CF0000C9816F043FA0F9B0E98C0180E90109A8D
:101D0000C7E70220049D50E0109822180D9203911D
:101D1000081A109034060520060716F0CBF9C0B259
:101D20000C9000200C2809D081017118401C0A6811
:101D3000AA42F7D2CA682242F4D0F8E73D480168C7
:101D40000029FCD10E980D99109A16F0B3FA0C9850
:101D500016F014FA099E02AD23CD0391C4B20420FB
:101D6000002C23D00E9011A810900F9E3146069A99
:101D70001DF0EAFA334B204610993246FEF7C8FDB3
:101D800004460E46304B03980899079AFFF743F92B
:101D900002460B462D480090204631461DF0AEFA13
:101DA0000B980068002804D00220099E2E7451B0C0
:101DB000F0BD0495059807990818FF3006998843E7
:101DC000C9434018109009980406460705200507E6
:101DD00016F070F9C0B20D9000200C2809D08101D6
:101DE0006918401C0A68B242F7D2CA682242F4D08D
:101DF000F8E7104801680029FCD111A910980F9A42
:101E000016F058FA0D9816F0B9F9049D099E0E982F
:101E1000CCE70F4B109815F0DDFC094B1098079A92
:101E200015F0D8FC0B4815F01BFEC046881D0210AB
:101E3000981D02101800001400FF3F0000FFFF7FF4
:101E4000A81D0210C81D0210D81D0210E81D0210A6
:101E5000B81D0210DC210210F0B503AF97B001925B
:101E60000090087B0028069103D0032804D18E68D7
:101E700006E00E684E6002E07D4815F0F1FD8E60D0
:101E8000B0687C490968C90500D0E9E07B4917F0D2
:101E900060FB0A9101680B9144680990B83035687D
:101EA00008967668079011F09FFE334600220B9942
:101EB000091A0B9294416E1A1A46A24110D24E1B77
:101EC0009C410CA8119981800596701908990860A9
:101ED000049463414B6010980C90644A154694E05A
:101EE0000395B0424BD902938320800009990818CA
:101EF00006C88B1A08385C425C41007A01234340D3
:101F0000234012A80373079C129414921391314634
:101F10000CF004FE002800D19CE00169491E01611B
:101F20000E430BD0C18810AA918041888288120488
:101F3000511810918668C468058818E012AD2846CB
:101F4000214617F017FB2D884848854200D184E0D0
:101F500012A8C18810AA9180418880880004401886
:101F60001090159C149E09984C3000F0C8F83F481A
:101F70008542029B38D01120C001854236D101989C
:101F800030C8099806460836806C0B90C10033466D
:101F9000002909D01A460839083350688542F7D11C
:101FA00010688442F4D113E00B98082802D130461F
:101FB00017F0FEFA216828468847099B9A6C072A81
:101FC00009D8D200B050B0184160986C401C986499
:101FD000264A551C19E0254A551C002815D0C26810
:101FE0000846904726483CE0039D6AE70CA81199F3
:101FF00081800398401C089908600B9843414B600E
:1020000010980C9005960494184A0A990868401C88
:102010000860501C854209D00EA80D9981800C984B
:102020000E90954206D106994E6828E700980280E6
:1020300003200BE0009CA01C0EA906221DF083FFCC
:102040000598A0600498E060258001200699087337
:1020500017B0F0BD0C4815F0F3FB0A4815F0F0FB83
:10206000054815F0B0FD15F0D5FDC0467F0800000D
:10207000EC21021004ED00E0780000004C22021078
:10208000680000000C220210FC210210F8B504AF19
:102090000D460446212040010E18307A002813D046
:1020A0001678132E25D0511C002B07D018680091EC
:1020B00006C80835284616F0B6F90099601CFF22BC
:1020C00004321DF040FF18E041208300706858433F
:1020D0002818103011461A461DF0F2FD7068401C99
:1020E000042800D1002070603168814201D10120B4
:1020F0003072284616F08CF913262670F8BDB0B55C
:1021000002AF0446056E00202066002D06D021682F
:102110006068496888476D1E0834F6E7B0BDB0B501
:1021200002AF1946154604467D20C200002328460A
:102130001DF0A1FD024620460B4616F0E7F9B0BDA2
:10214000F0B503AF87B0049104462920C100605C5C
:102150002246303200280592039111D0032846D13F
:10216000204610300290107878440079400087446F
:10217000024144211F002546103529CDE2690BE0BC
:102180000020107029CC22680C3C2146103129C156
:10219000E261214610310291214620312DC1A9076B
:1021A00001D001252AE0990706D00022A26330E081
:1021B00015794CE015790DE041780078AD0800956F
:1021C000FEF7A6FD0D46059A91710121014051715E
:1021D00064D115712846049914F078FA002801D0CA
:1021E000032013E0204634300CF01CF954E037484B
:1021F00015F036FC344815F033FCFEDE012005995D
:10220000087002980CF096F901204EE005990870CC
:1022100049E0954240D9234648332364A81A012156
:10222000FF2800D90802E06385086564206A666AB1
:102230000691417800780095B218FEF769FD0D46C9
:10224000059A917106990840507127D11571284659
:10225000049914F03BFA00282DD1204634300CF0BC
:10226000E1F82246383207CA0692666CA26AE36A2F
:10227000174D00950918FEF7BAFAB200E36B9342C6
:102280001BD8144A0092069A1DF038F8A06BE16B37
:102290004218A263E56ABCE70425AFE7012010708D
:1022A000E8B20528ADD1052503200399611808700F
:1022B000284607B0F0BD0420A8E70020064C1946C8
:1022C000234615F087FAC046081E02102C22021081
:1022D000181E0210381E0210281E021080B500AF12
:1022E0000178012907D10021417001780222027092
:1022F000012902D180BD034800E0034815F063FCCA
:1023000015F088FC590000005800000080B500AFAF
:1023100006C801234B400838134304D10021022290
:1023200002604160FEDE024815F04DFC15F072FCC3
:102330005900000080B500AF024815F044FC15F0CC
:1023400069FCC0465900000080B500AF06C80323F1
:102350004B400838134304D100210422026041603D
:1023600080BD024815F02FFC15F054FC5900000008
:10237000B0B502AF054615F09DFEC0B22C78002C1A
:1023800001D10121297015F0F9FE601E844120461B
:10239000B0BDD4D4FEB506AF06490091019000212E
:1023A0000491694603910291283002A90EF0D8F8F1
:1023B00006B080BDC441021080B500AF024A0023C0
:1023C0008354024A815080BDD71000005010000095
:1023D00080B500AF044600252848854244D02848EF
:1023E000461915F067FE3246B669002E01D0314617
:1023F00000E003219161C0B215F0C0FE1F482D1806
:10240000002EEAD11E4840191E4945181E48686230
:10241000284628302146FFF7CFFF2C6215F04AFEF0
:1024200021682560E961C0B2002900D140BF15F0E4
:10243000A5FE15F03FFE256800212160C0B215F011
:102440009DFE002D0ED015F035FEA96902229143A4
:10245000A961EE69C0B215F091FE696A2846884705
:102460003546EEE720BFE4E7084815F0A1FB0DF084
:1024700041FE15F08DFC15F0CDFBC046282F000065
:1024800078010020D8D0FFFF9523001057000000EE
:10249000F0B503AF87B00590192000010B18442058
:1024A000085C0C4644340D46069404920393C046DF
:1024B000784400794000874402AAAD246700286868
:1024C00002906E68A9682A6913035918019168611E
:1024D000AE61EA6129622C462434202120461DF099
:1024E0008BFC04214D4A2046069C0CF078FB039B94
:1024F000049A029EAE64E86429650198686500202C
:102500001870241D20461146FFF71AFEC6B2052E8C
:1025100004D10C2005990860032042E00294204673
:102520000CF0DFF8042E60D128462430002124224C
:10253000AB5CDB435E08552434401B1B33249E08F0
:10254000234026409B191C091B190F241C40091904
:10255000521C282AECD100220329019201D81146ED
:1025600000E00121029A11706C692E6A04212C4A44
:102570000CF035FB2B4AB218EC642B46503307C3E2
:10258000039801990171049A2C464C342046114657
:10259000FFF7D6FDC6B2052E05D10C2005990860BF
:1025A0000420069B30E020460CF09BF8042E1CD142
:1025B000002024216A5CD243530855241C40121B7E
:1025C000332394081A401C4012191309D2180F2300
:1025D0001340C018491C2829ECD1069B1979002901
:1025E00006D0042808D3002607E00420069B07E055
:1025F000042804D2022600E001260B2000E0062079
:10260000F1B2059A03C20120187007B0F0BD02486C
:1026100015F026FAFEDEC0469C2202108C22021023
:10262000AC220210FC0F0000F0B503AF8BB0059296
:102630000C4602903520C0000D183920C0000E183D
:10264000707E5431039100280696049504D0032827
:102650003BD0374815F004FA002001906861012151
:10266000317134493160306907907269236861685B
:10267000A360E1603046B67E0676AB612E680798AF
:102680002D1D45C5C91A00D20199080B049D28616A
:10269000090500D0401C069EE8616D2080002018CE
:1026A000FDF714FFC00734D00020039A1070B1600A
:1026B000A068E2686B68AD6823616561A061E26152
:1026C00021620F2040012018F0602646103608A82D
:1026D0003146059AFFF7DCFE08980C2813D00998BC
:1026E0000790089D30460CF02FF80B2D15D1079858
:1026F000C0B2069EF16809788142049DCDD1B268CE
:10270000012500200CE00220029908600320069EAB
:102710000AE000200546024602E00120069E079AD4
:10272000029921C10A60012070760BB0F0BDC0464D
:10273000BC220210FF0F0000F0B503AF87B00D46BA
:1027400002902820095C2E462836284670300396D1
:102750007944097949008F44025D601142000021EB
:1027600001705BCDA861E9612B626C62AE6228608A
:102770006B60AC60E9602E61039E143D361D04A8B9
:102780003146FFF785FE04980C2805D10C200299EC
:1027900008600320039E3AE0059C049801903046AF
:1027A0000BF0D2FF019B0B2B26D13470E0B2022834
:1027B00024D10120039C60712E46443620213046EE
:1027C0001DF01AFB0420002121766969AA696B6A51
:1027D0001B039A1829636E632646A863EA633035A3
:1027E0002846FFF7B3F9C4B2042C02D174790B2345
:1027F00006E00020042303E0200A00E00B23039EF0
:10280000029AE1B20002401813605060012030705B
:1028100007B0F0BD014815F023F9FEDECC2202100E
:10282000F0B503AFFFB0D0B007900C46983408461F
:10283000BC30059008465030089040780D4606920E
:102840004000C046784480884000874405000F015E
:102850001201280058008800002104910898017096
:10286000686C0390A863296868680290AB6C019358
:10287000EB632A6B6B6BA9602E460C360DC6E86CB9
:10288000039E6E65019EAE65EA65069A2B666866D4
:10289000A9660299E96628640598049901702E4694
:1028A000543609A8314601F069F90D98042804D17D
:1028B0000C20079908700320C6E0012008990870D1
:1028C0002846183009A9182204901DF03CFB304618
:1028D0000CF02AF8AE6A032E1FD10498006806286F
:1028E0001BD1002020702B4608330FCBAC6BEE6B56
:1028F0006C65AE65EA652B666866A966069A2C4625
:1029000054344EA8214600F08BF94E980C280AD179
:102910000C2007990870042096E0A8690690E869E1
:102920000490EC6A32E04F9804904E9E20460BF0E3
:102930004FFF0B2E59D1002005990870A86805900B
:10294000EE682A696B69AC6BE86B296C6C652C4688
:1029500058340DC469660598A866EE66069A2C463A
:1029600054344EA8214601F009F9529E042E04D198
:102970000C2007990870052066E04F9804904E9847
:102980000690539920460C460BF0CEFF0020089984
:102990000870022E06D00B21032E06D1079E049D3F
:1029A000069C42E00A21079E3FE06A69049883B2D0
:1029B000F00702D1934254D80424069129691E4697
:1029C0002E4B2046FEF727FB321B8A4242D8034695
:1029D0004EAD2846194618F0A9FF2D780A2D079EFE
:1029E0000AD1509D4F9C06991FE03446002008995B
:1029F00008700B21079E17E04EA9C878CEAA9070E8
:102A000048788B781B0218181080509804904F9CBF
:102A10000C310FA80690FC221DF052F990A8F82264
:102A200006991DF04DF92946049D3170701CCEA900
:102A300003221DF088FA7460B5600C3690A9F82264
:102A400030461DF03DF9012008994870FE1F053EF3
:102A5000B546F0BD0D460020094B11462A4614F03C
:102A6000B9FE00201946044B14F0B4FE014814F0DE
:102A7000F7FFFEDEEC220210FC2202100C230210F3
:102A80001C230210F0B503AF8DB0099008469030BA
:102A900007900846B03006900E46483670780D46CE
:102AA0000892C046784400794000874402B0B32CB5
:102AB0005A940020059030705849A967A86B04907B
:102AC000E96B03912B6C6C6C0294A86228680190EE
:102AD0006C68E9622A6A696AA860EC602A616961C7
:102AE0002B63029868672967EA660199E964089A86
:102AF0002C6568630798049981610399C161069800
:102B00000360059941712C464C340AA8214600F017
:102B1000DFFB0A980C2804D10C20099908600320D7
:102B200072E00B980A99A961E86101203070204693
:102B30000BF0B2FEA8690B2821D006281FD1002077
:102B400007990870A86805902B460C330ECBAC6A29
:102B5000E86AEC642C4650340DC40598E865296693
:102B6000089A2C464C340AA8214600F059F80A98D5
:102B70000C2807D10C2009990860042044E0A969B9
:102B8000EC693CE00B990A98059020460C460BF046
:102B90001FFE05990B2932D10021069A5171A86AAE
:102BA0000490E86A0590286B03906C6BA86802900B
:102BB000EB6828696969E86629676C671748A86740
:102BC0000298E8642B650798049981610599C161B1
:102BD00003981060089A4C350AA8294600F078FB43
:102BE0000A980C2804D10C200999086005200BE0F4
:102BF0000B9C0A98059028460BF04EFE0599002084
:102C00003070099812C0012070700DB0F0BD0248FC
:102C100014F026FFFEDEC0463C2302102C230210D7
:102C2000F0B503AF8DB009920D4605901F2000014D
:102C30000B18112040010A184420085C0C4644344B
:102C40000E467036903107912946B83108910696A4
:102C50004000C04678448088400087440800500007
:102C600056002400B500F80021013E016C010093DC
:102C700001920494002030762A682E1D51CE2969D5
:102C80006B69AA64E86429656B65AA61E9612B62D6
:102C90006862AC62EE62069E3446183403942C4699
:102CA0004834029415E00093019204942846483079
:102CB0000290304618300390307EC0467844007948
:102CC00040008744021F22365500AA6C2B464C3325
:102CD0000BCBAC4CEC6700242C676967AA65E965EF
:102CE0002B666866AC6601203074591A00D2214602
:102CF000080BE866090500D0401CA86706E0A0485C
:102D000014F0AEFE9D4814F0ABFEFEDE284668309F
:102D1000FDF7DCFBC0073FD00020089A10767161F8
:102D20002C4658341DCCF0610798046042608360E3
:102D3000C16034461C340AA82146099AFFF7A8FB53
:102D40000A9E0C2E60D020460BF0FEFC0B2E21D0EC
:102D5000062E1FD10020089908702B4658330FCB40
:102D6000069EF0617069079C23606160A260E0606C
:102D700029468C310AA801F05BFD0A980C2845D041
:102D80000A9C0B2CC2D00B9E0120039908700C2CBE
:102D900006D13EE0069EB9E70120039908700B2496
:102DA00002980BF00AFD0B2C00D0DFE00020009908
:102DB00008600121019CA17260722B4618330FCB71
:102DC000A964EA6409C4049C2E4648360AA8314620
:102DD000099AFFF729FC0A98022804D10C200599CA
:102DE00008600420C6E0049403900C9807900B9CA4
:102DF00030460BF0B8FC039801280FD1012028635E
:102E00006C63079EAE63B1E0032000E004200399E9
:102E100008700C20059908600320AAE000262E63A4
:102E20006C63079AAA63E00700D19AE0EA63E86955
:102E3000296A01F0EBFC286406990E772C461834B9
:102E40001ECCA964EC642A656B65A865049C2E46BB
:102E500048360AA83146099AFFF71AFB0A980C2847
:102E600004D10C2005990860052083E004940B9898
:102E700007900A9C30460BF067FC0B2C73D1079827
:102E8000C0B202286DD00020069E3071E86B2C463F
:102E900018341ECCA964EC642A656B65A865049C93
:102EA000294648310AA801F0C3FC0A980C2804D12D
:102EB0000C200599086006205CE004940A9C0B2C09
:102EC00053D100203070E86B2C4618341ECCA96416
:102ED000EC642A656B65A865049C2E4648360AA8F2
:102EE0003146099AFFF728FC0A980C2804D10C20D7
:102EF0000599086007203DE004940B9807900A9C10
:102F000030460BF050FC0B2C2DD100200899087492
:102F1000E86B0890286C07902E4618365CCEA86A9D
:102F2000E96AAA64EE642A4650321BC207982866F2
:102F300008986866049C48350AA82946099A00F052
:102F400023F80A980C2804D10C2005990860082061
:102F500010E004940B9E0A9C28460BF05CFC0B2CA2
:102F600004D10B2402E0079E00E00B9E059850C0A0
:102F70000120049C20700DB0F0BDC046DC22021080
:102F80005C230210FF0F0000F0B503AF97B00E46B0
:102F900001902520C000081809908020085C80312D
:102FA0000B913146A03107913146E031029115462F
:102FB0000C9608924000C0467844808840008744C0
:102FC000060048004B005800C90034006101306819
:102FD000039070680A90B0680590F06806903169B7
:102FE0000C98406900900C9883690C98C4691A0386
:102FF000081D86180496240300190C9C039E266263
:103000000C9C61620C9C009EA6620C9E0A9CF46261
:10301000059C3463069C7463B363F0635018AA493B
:10302000401804993164706417E00998007800280A
:1030300005D0032800D1E5E0A14814F011FD0B985C
:10304000446881680A91C16806910669426981698C
:10305000C0E09C4814F004FDFEDE002007990871D2
:10306000306B716B326A40360B9C6660A260E06028
:1030700021610B98041D10A821462A4601F05AFA36
:103080001098022800D1DDE0069010A80C301199AC
:103090000A91129E0DA925461CC81CC128460BF09A
:1030A000EFFA32460A990C9EF164326506980128BF
:1030B00000D1D1E0304654300D460DA91CC91CC0CA
:1030C00028460025B564002800D1CEE03066F06DBA
:1030D000314650313246643258C958C20C9C206780
:1030E000204660301CF0DAF8042900D2DEE0C17816
:1030F0000A91817806910178059140780490246EB8
:103100000C98466E0C98C6670C9884670C98026AF7
:103110000C98436A0C98806A03900C98C16A0B9DC6
:103120000C9874306A602A46083252C26861AB61FA
:103130000398E86100200299087304980002059939
:103140004018069909040A9A1206511808180C9991
:103150004867089D0B98041D10A821462A4600F0D8
:103160000DFD149E042E68D0119D10980A9013989E
:1031700006901298059020460BF0D6FB022E72D0D6
:10318000032E6CD00C9EB16FF26F504B05981CF063
:1031900079F8099A1582506091600A98D060306F72
:1031A00006998142089D00D057E709990C1D00201F
:1031B0000870F36B326A243662CE0B9844600A9230
:1031C00082600696C6600E4601612A464561089DEA
:1031D000194683610492059120461CF05FF80B9A12
:1031E0000A9BD3610834079A069B18C2083A134613
:1031F000083343C3049850610598906100200299F8
:1032000008700C9E31469C3110A801F0B7F80320DD
:103210000121109A0C2A00D008460999087016D08E
:1032200010990B2940D10998008AC01C03218843BA
:10323000F16B08180830F0630FE70C200199086063
:10324000042038E00C2001990860032033E00C20B2
:103250000199086005202EE00120B06428E0019863
:103260000A992A4625E006211DE0002007990874E6
:10327000B06B344620341ECC0B9D6960AC60EA60B4
:103280002B616861843610A8314601F0D1FA10989C
:103290000C2804D10C200199086006200BE010993D
:1032A0000B2901D10B2103E0119A01E004222946E8
:1032B000019806C001200B99087017B0F0BDC046F8
:1032C000502502106C230210FC0F0000344E021037
:1032D000F0B503AF99B0119209904F4808180C90BF
:1032E00047208000081803908520800008180D9062
:1032F000FF2000010B900846883010900846A83047
:103300000E900846D0300A900846F03006900846E5
:1033100068300F9040780D461395400078448088BF
:10332000400087440D00A700B000DD0013014A00F3
:10333000400065000F0336035B038B03AC01D00133
:10334000E86D1290286E08906C6E03CD139D2D6A67
:10335000139A566A139A926A0792139AD26A05923E
:10336000139A129B1363139A089B5363139A9463E3
:10337000139A9060139AD160139A1561139C666139
:10338000079AA261059AE2610B9A0F320346134035
:10339000149362D10A40159263D10A1A520B64D079
:1033A0000023E36370E00398007800283FD00328EF
:1033B00000D1B9E3194814F053FB28466C30029051
:1033C0000C9EF11DF079002807913CD00328109C39
:1033D00053D1204610300590F01C0890F07800285A
:1033E00038D003280E9C00D1AFE10D4814F038FB13
:1033F00028466C300790109E30460C300890307B89
:103400004000C04678448088400087440B00390063
:103410003C0037026802C0463502000060250210F9
:10342000302502102A6F6C6FA96FEB6F13E2286FC3
:103430000D906B6FAC6FE86F11900F9881690C91D4
:10344000C069129055E30F988369C269E86F1290C2
:10345000E86EEFE021696069FDE014A8E4490CF032
:10346000BDFD15A8E3490CF0B9FDE3485121E34A3D
:1034700014F0F0F9E24814F0F3FAE24814F0F0FA2C
:10348000E14814F0EDFAFEDE0A1A0024814200D26F
:1034900022461293150B6E1C0B980F30024207D177
:1034A0002E4605E000202946224601F0A1F9641CC1
:1034B000A642F7D11298B04200D123E1139D286BA8
:1034C000696B13220C9B99500F21585000200D99C5
:1034D0000860012159761876A868E968E8662967C6
:1034E0002C466C3416A82146119AFFF79DF8169DBC
:1034F000022D00D1FCE018981290179E20460BF088
:1035000032F9012D00D104E10024139D2C646E6476
:10351000129AAA64F00700D1A1E0EA641398056B3F
:103520001398406B0890139886681398C1680791A8
:10353000304601F06BF91399CD66139D0899296700
:103540006E670799A967E8670E9804722C466C3479
:1035500016A82146119AFEF79BFF16980C28029494
:1035600000D1CAE017981290169E20460BF0ECF896
:103570000B2E00D0F0E21298C0B2022800D075E203
:103580006A69042A00D2CBE0AE68E86C1290A86B9E
:103590000468296904209D4B1BF074FE042900D0A7
:1035A000C4E008960470210EC170210C8170210ABC
:1035B00041702E46103656CE0420954BFDF736FD51
:1035C00002460B46F66816A82146B0471798169E85
:1035D000042E00D0A8E0021D2A650A26100C00D097
:1035E000BAE20B998A4200D9B6E212980003089B0E
:1035F000C018031D12930B180C330F988361C2611E
:1036000000200C99C871A86808901398C568139891
:10361000006B139E766B139CE066139C2667139ECB
:10362000089C74670E4613998D67139D1299E9677C
:10363000F11D0791109C0021F17021460831236093
:103640006260129AA260E36021616061F21C0892DC
:10365000224610320592A161E0610E9C6CE0286B5D
:10366000696B13220C9B99500F2158500D980460E0
:10367000022058761C76A868E968E86629672C4617
:103680006C3416A82146119AFEF7CEFF169D022D26
:103690002AD018981290179E20460BF064F8012D3E
:1036A00000D159E2F00700D1E0E100201099087341
:1036B000139DA868E9682A6B6B6BEA662B676867DD
:1036C000A9671298E8672C466C3416A82146119A0F
:1036D000FFF732F816980C2816D017981290169EFD
:1036E00020460BF060F8B9E10C200999086038E237
:1036F0000C2009990860032033E20C200999086026
:1037000004202EE2052627E20C20099908600D20EE
:1037100027E20120139908644E64129888641BE222
:1037200004201290002617E2129015E20423374A73
:103730000846194614F0AAF90A6849680A9B1A60F3
:1037400059600D99C8610020307016A82146119A61
:1037500000F0C8FC2046169C032C00D188E116A975
:103760004A89049209891291179E0AF099FF002C48
:1037700009D0022C1AD1062E09D1109B9869016834
:10378000091D01601CE0109880690068009001210B
:1037900008980191017005980BF062F9022C14D180
:1037A000129880B204990904081834E01298C01CD9
:1037B00003218843109B99690A68801808300860C3
:1037C0009969D8690E9C0C9EB6E7109A1068009B08
:1037D000C01A002608281DD30321884308385168E1
:1037E000884230460799019A17D31646184614E0C6
:1037F0008C2302109C230210AC2302100024021020
:1038000010240210402502107C220210544E021097
:103810002024021030460799019A12900A700298EB
:103820000BF076F8022C00D196E1012E00D145E193
:103830000020109E3073EB6CA868E9682C6B6A6BF3
:10384000EC6604462A676867A967EB676C350795DD
:1038500030460C30089012910F9DEC610EC6214647
:1038600000240E9804760360139BDB6EAB61139DFE
:103870007360B260F160129830610C3E34461034CF
:1038800016A82146119AFEF757FF16980C2800D16A
:103890000CE117981290169E20460AF084FF0B2E1A
:1038A0002CD112982070C0B20B2601282ED12C46A4
:1038B000B034202120461CF09FFA042000210E9EE7
:1038C00031710F9A9169D269109B59619C61D861DD
:1038D0000B9880189968090340180C30306028460E
:1038E0009C30FEF733F9C0B20B26129004280E9CD0
:1038F0000799089A00D10CE004260AE001200899F3
:1039000008700C2E0E9C079905D1D2E00E9C0799E9
:10391000089A0120107008460AF0F9FE0B2E00D01C
:103920001AE1EA6CA868E96800F070FF6865002198
:103930002172A968EA682B6B6C6BEB662C67696770
:10394000AA67E8672C466C3416A82146119AFEF740
:103950009FFD16980C2800D199E017981290169E9A
:1039600020460AF0F1FE0B2E00D0F5E00F981299D8
:103970000170C8B2022879D1002010990873686DCF
:10398000A968EA682B6B6C6BEB662C676967AA67A2
:10399000E8672C466C3416A82146119AFEF7CCFE37
:1039A00016980C2878D017981290169E20460AF088
:1039B000FAFE0B2E00D0CFE06A6DA868E96800F02F
:1039C00025FFA86500210E9A1172A968EA682B6B81
:1039D0006C6BEB662C676967AA67E8670F98041D34
:1039E00016A82146119AFEF753FD16980C2858D0B8
:1039F00017981290169E20460AF0A6FE0B2E00D0B5
:103A0000AAE012982070C0B2022829D0002006999E
:103A100008702B4608330FCB2C6B139D6D6B139ED8
:103A20003467139C6567139DAA67EB670F9A9061D3
:103A3000D161686DA96D109A116050602C46703488
:103A400016A82146119AFFF79FFA16980C2819D04C
:103A500017981290169E20460AF0DDFE0B2E7BD1A1
:103A6000E86B431CEB63A868E9680DE5062673E084
:103A7000032007990870089908700C2009990860BC
:103A800005206EE00C20099908600B2069E00C20ED
:103A900009990860082064E00C2009990860092051
:103AA0005FE00C20099908600A205AE00320089979
:103AB00008700C2009990860072052E02C6D6A6993
:103AC000944254D812980F99C8610020039A10703C
:103AD000AA68E8682B692E6B11966E6B1199E966DE
:103AE0000D962E676B67AC671192EA670C900F9981
:103AF00088611398C56E184621461E461BF096FB3A
:103B000010998C8008600E980C9A0260129A42609C
:103B100000200A9A10718D60139D0D98C86009618C
:103B20004E618C611198C861903516A8294600F045
:103B300025FC16980C2807D10C2009990860032051
:103B40000399087006200CE0179A169E012003992D
:103B500008700B2E09D10B26099806601299416056
:103B600001200F99487019B0F0BD1292F4E70020BF
:103B7000014B214613F02EFE30240210F0B503AFA6
:103B800097B016460D4606901F20000108180390B6
:103B9000852080000A18912080000C186820085C9D
:103BA00068310A91294688310B912946A831049140
:103BB0000C9609954000C0467844808840008744B0
:103BC0000B00320135017300B5003A006700F800C0
:103BD0005F01B701EE013502059207945CCD2868BC
:103BE0000D906868A968EA60103D2A4620325BC2E1
:103BF0000D9A6A63FA4AD21C034613400E9300D012
:103C000004E10A400F9200D004E1081A400B079C1F
:103C1000059A00D102E1002010600121A1726072BA
:103C2000E869296A16466A6AAB6AE9662A67324613
:103C300009C40C9E083C059207942C466C3410A8CD
:103C400021463246FEF7F0FC109E022E01D10520DF
:103C5000EDE012980D901198089020460AF083FD2F
:103C6000012E00D102E2089828640D9A6A640028A7
:103C70000C9E00D0BCE00020059908600221079C42
:103C8000A17260722B461C330FCBE9662A6709C408
:103C90002C466C3410A821463246FEF7C5FC109E17
:103CA000022E0FD10620C2E0059207942C466C34F8
:103CB00010A82146324600F015FA109E032E11D1AD
:103CC0000320B4E012980D901198089020460AF055
:103CD0004AFD012E4ED10120E866089E2E670D9CFC
:103CE0006C6779E112980D901198089020460AF0BF
:103CF000D7FC002E079C059A8DD0022E00D1B5E18D
:103D00000898E8660020039B5871E86A296B0A9AB4
:103D1000D0610D981081A86BEA6B0B9C21606060EC
:103D2000A260059A079CE86918600C9E05920794AA
:103D30002C466C3410A82146324600F073FA109ECF
:103D4000042E03D104211022084672E010A8008A34
:103D5000029012980D9011980890139801902046A7
:103D60000AF0B4FC022E47D0032E079C059A00D01F
:103D700051E77BE10020E866089929670D9E6E6790
:103D8000C90740D0049908762C461C341ECCE9673C
:103D90000A998C61CA610B990B60991A00D201468D
:103DA000002E0C9A00D10E0B701EA8670B9948606C
:103DB00016462C467C3410A821463246FEF768FB96
:103DC00010980C2801D1072031E011980D90109D1A
:103DD00020460AF0B9FC08950B2D00D046E10D985D
:103DE000000600D0BEE00120099DAA6F28646A6425
:103DF000AA6400214C202EE0A86B0C9000200D9BA3
:103E0000019E029CAFE006260320ACE00EA8AF495D
:103E10000CF0E4F80FA8AE490CF0E0F8AD485121E1
:103E2000AD4A13F017FDA84813F01AFEFEDE042178
:103E30001022069D0AE0A4B2120412192E606A60D4
:103E4000AB600C9AEA60286101201422A9500A99FB
:103E5000087017B0F0BD2950286A11030818994955
:103E60004118001DA865E96500200B990871E86AF2
:103E7000296BEA692B465833EB662A676867A9679E
:103E80002C466C3410A82146324600F053FB109D9E
:103E9000022D6BD0149808901398079015980590F0
:103EA00012980D90119E20460AF0EAFBE8075FD1B8
:103EB000002E22D0079812900D9811901096089815
:103EC000139010A81BF0EAF904290C9E099D56D303
:103ED000017842781202511882781204C0780006E4
:103EE00080184018696B09688842BDD104200121FF
:103EF000E964059929656865B6E7099DE86C0028BD
:103F00000C9E3FD10020049908732C461C341ECC13
:103F100029676C67AA67EB67991A00D20146080BFC
:103F2000A96C002900D00846401EE8660A998861FD
:103F30002C46703410A821463246FEF7A9FA109894
:103F40000C2811D011980D90109E20460AF0FCFB11
:103F50000B2E0FD10D98000604D1EA6E48201146B1
:103F60000C9E78E7022039E0092060E708205EE730
:103F70000D9C31E00D9C220C0320069D5BE7042480
:103F8000002629E00020039B5872296D6A6D29667E
:103F90006A66C0430B9AD1601061E86958602C468C
:103FA0006C3410A82146324600F09CF81099032981
:103FB00001D10A203BE712980D90119808902046F5
:103FC0000C460AF06DFB022C0CD10220A867089E5B
:103FD000EE677C350D9C6C60220C0320069D2AE761
:103FE000FC0F0000AC670898E86728467C300D9904
:103FF0004160E00746D008460022EA66089B2B672E
:104000000A99CB610646039C62778881286E0890E6
:10401000E96A2B6B0B98416183610899C161068045
:104020000C9ED04304990860E869A0612C46843452
:1040300010A82146324600F0F5F8109E042E01D15A
:104040000B20F4E612980B901198079014980D909D
:104050001398059020460AF039FB06200890C046C8
:104060007E4436797600B744012716070D9C220C52
:104070000320069D089EDEE60B9B1A0C0320079E7C
:104080001C46ABE7002406260120E8662E676C6715
:1040900003202246A2E70798002808D0286E0C903B
:1040A000696E0120059E069D0D9C0B9BC3E605983D
:1040B0000D900B980890D9E708483921084A12F06A
:1040C000ADFFC046FC0F0000702402104024021017
:1040D00050240210AC23021060240210E0250210CC
:1040E000FC250210F0B503AF85B004920D46029096
:1040F000612080000A18507A0028039204D0032817
:104100002CD0454813F0ACFC5068A96AEA6A2B46EB
:10411000303307C3202128461BF06EFE08213F4A9A
:1041200028460AF05CFD04460E4628626962686B08
:10413000A96B82198A4207D90020039A029B43C3C4
:104140000120507205B0F0BD0021039A11720021C8
:104150001170296B2A463C3252C2A8642C463C346A
:1041600020460499FDF7ECFFC6B2052E25D0204667
:104170000AF0B7FA042E25D12C6A6E6A0020014697
:104180008E42DAD0625C491CFF2AF9D0072E3DD955
:10419000A079E179090208180190201D00901BF018
:1041A0008BF880B2019988420FD0039A107A0028C8
:1041B0001CD101201072686BC9E7032002990860C6
:1041C000039ABEE704210220B7E7009908784978EE
:1041D00009020E18F01C03218843696BAA6B0818AA
:1041E0000830904206D900260621ECE70026062179
:1041F0000220A3E72078617809020818A178090451
:10420000E278120651180918012096E706200821C5
:10421000034B324613F0DEFAD0240210C024021001
:10422000E0240210F0B503AF8BB008920C460323D4
:10423000D90161184A7A002A099106D0059306909F
:10424000032A42D0494813F00BFCA688A6812568B2
:10425000A56049680391A162A169E2692161626177
:10426000002D20D005930690F01C032301900293AB
:1042700098430795256A636A04930835079BE362B0
:10428000256360630A952B18049DAB425AD882427D
:104290000DD201210904019D0D4008210791064618
:1042A0000698029C51E00025012407954DE000236B
:1042B000099E3372039D2E4BFCF72AFBA563E06336
:1042C00021640A98606400203070254638352846FD
:1042D0000899FDF735FFC6B2052E1BD028460AF017
:1042E00000FA042E1BD1A18962698A423AD320695F
:1042F0001AF09CFFE16A884216D0099E307A0028A5
:104300001BD101203072206B0A90606B21696269B9
:10431000A56AD0E704200699086003201EE0002566
:1043200004200790059C0FE0206907906669114DF5
:104330003540A289A168022406E021696269A68944
:10434000A0680790002425460698B3B22B4304606A
:10435000079C44608360C160026101200999487232
:104360000BB0F0BD0020044B13F034FAF02402101F
:10437000102502100000FFFF00250210F0B503AF6A
:104380008BB00D4606464420085C443106912C460D
:104390008034C046784400794000874402BBBE1890
:1043A00072A30596002020722B68AE68E868296920
:1043B000EA690196AE64EB642A6502932B62686237
:1043C000A9620392EA6220460830049011E0204678
:1043D00008300490207A002804D0032826D04F48C3
:1043E00013F03EFB0596A86C0190E86C0290286DD6
:1043F00003902E4654362021FF2230461AF0A4FFA7
:1044000001990868686589880698818207A80180F3
:104410001AF052FF0699C882082002996967AE67B0
:10442000E8670020207103982060059E28467430BC
:10443000FDF78CFB0121049A1170C0B204285AD1F7
:10444000696AAA6A3748009003201346834307A885
:104450000AF05CFC089807990A9A0492099B0024C8
:10446000069A14752C6A0596EE6A08362963686305
:10447000AB63049AEA632E64AC64E96428656E65F4
:10448000059E28464830FDF761FBC0B2042832D1B2
:104490000596EE6B002E36D02C465C34202104911C
:1044A00020461BF0A9FC204B304626462146049AA4
:1044B000FCF72EFAAA6BEB6B1C4C00941AF01EFF53
:1044C000E86BC11C03208143002021291ED2069ADB
:1044D0001075286A2A6C6B6B9A18A864EE642965BB
:1044E0006A65059E48352846FDF730FBC0B20428B2
:1044F00001D10B2100E00421316070600120069998
:1045000008700BB0F0BD0B21059EF5E72022084B8B
:1045100013F060F9024813F0A3FAFEDEB024021093
:10452000702502108025021090250210A02502108F
:10453000B0250210F0B503AF93B009920E4601907A
:104540006B20800008180C907320800008180A90D7
:104550002020085C20310291784400794000874493
:1045600002262C0AB4003168331D0DCB316134466C
:1045700014340DC422E0324624320A9B191D1879E6
:104580000028079106920CD0032813D130462C3016
:1045900008901878002807D003282AD07C4813F008
:1045A0005FFA716AB06A13E0F16A306B17E07A481B
:1045B00013F056FA774813F053FAFEDE7162B062D8
:1045C00000220A9B1A711A1D079232462432069263
:1045D000F162306300221A7032462C320892716305
:1045E000B0630A6849687266B16600210C9A517717
:1045F000906135463C350EA82946099AFFF772FDB1
:104600000E9C032C00D182E00EA8418905910089FF
:104610000B900F980D9028460AF042F8002C0CD011
:10462000022C10D10D9806280A996CD1706B016884
:10463000091D0160716BB06BD3E7706B006803906C
:10464000002504950CE00B98C01C03218843716B76
:104650000A68039280180830086001250020049041
:104660000A99089801240C700AF0FAF9079808943E
:10467000047006980AF01FF8049800285FD1059886
:1046800000040B9989B209180C9885600D9BC360D2
:104690000B910161039C4461002D63D0022D5CD01D
:1046A0007462B1690020B06100296DD0F2691D46C5
:1046B00033695B6831647264B464F3640B99B185E7
:1046C000B5620C99487170690860344628340EA8A8
:1046D0002146099AFFF7A6FD0E9D042D20D01098C3
:1046E0000B900F980D901298089011980790204603
:1046F00009F0ECFF022D19D20798B0610898F0611B
:10470000316970695AE7022501200490A9E7032066
:104710000A990870079908700221019A116003E054
:10472000022001990860042002992AE00898079D58
:104730000B9C0D9B1BD1716A0C91002614E002208A
:10474000059909040B9A92B254180C9988600D9B34
:10475000CB600C610299019A02E00299019A0B9CCC
:10476000089E07E02E462B460299019A02E0019A24
:10477000012602991660161D38C610610C9850610A
:104780000120087013B0F0BD044813F059F8C0467A
:104790003025021020250210C0250210D02502105D
:1047A000B0B502AF0D460446087F002804D00328A8
:1047B00009D00E4813F054F90020287607CD0C3D9F
:1047C0002B460C3307C328460C30FDF757F901215F
:1047D0002977C2B204210B200023042A00D01346FB
:1047E000636000D008462060B0BDC0460C260210B1
:1047F00080B500AF002904D080181BF0D1FE084618
:1048000080BD014813F022F91C26021080B500AFCC
:10481000081A00D20020010B04D0501C1BF0C0FE6F
:10482000084680BD014813F011F9C0462C2602103D
:10483000F8B504AF04460D4628352879002804D081
:10484000032814D0134813F00BF90020287088684F
:10485000CA6800920B690E681B031B180122120321
:104860009A18486100988861CE610B624A621C31D7
:104870000846FDF703F901212971C2B204210B207A
:104880000023042A00D01346636000D0084620604D
:10489000F8BDC0463C260210F0B503AFABB00C919A
:1048A000006805682868002833D0284620300D901D
:1048B0002846403009902C466834284688300B90B2
:1048C0000120010204918102069141030891010433
:1048D00002910A9040040390287A00280F951094C2
:1048E00001D100F03DFF032816D128460C30079077
:1048F000284614300590287D0D9EC04678440079E6
:10490000400087440294A0C3D91C07980068059909
:104910009AE0072001F013F828460C301A902E4632
:104920001836287E4000C04678448088400087447E
:1049300004007B008A00F9062807286998E03046C1
:1049400016300E90B07DC046784400794000874410
:1049500002717A170700AC69E869296A0D9BD9E0F2
:104960002078400078448088400087440700690030
:104970006C00FC022A003A00FE05FC022C6DFCE0F3
:10498000099801460A311191807A40007844808864
:104990004000874404005200580007001D06AC6B1D
:1049A000099B54E122461F32E07F002828D019924B
:1049B00003280C98F54E01D100F09BFFF44813F04A
:1049C0004FF80B9A10461B301990D07E00281FD04C
:1049D00003280C98069EED4C00D143E2ED4813F0FD
:1049E0003FF828466C3023461A34997E002917D0A8
:1049F00003290C9901D100F09EFDE74813F030F82F
:104A00000B9841780378686F1790AE6F00F032FF13
:104A1000517F147F9368D068566915460246FFE1BE
:104A20001A7EE96F00F082FDDC4813F019F8DC48CB
:104A300013F016F8DB4813F013F8DB4813F010F806
:104A4000DA4813F00DF8FEDE05912861FE21415C85
:104A5000002910D001202875002028766868D449E4
:104A60004031E960286129460C311A912E461836EA
:104A7000686100F04EFE002129770D9E31720146DB
:104A8000A0312962432189004018A8610C9804686C
:104A9000304621460BF0B8FCC0B2052807D1287F6C
:104AA00000280FD0032810D0C24812F0D9FF0021EF
:104AB000717030702869E86128461830FCF720FCD6
:104AC00000F095FEBC480299016006CCBB4813F08B
:104AD000E0FCBB48006D0399084200D1A6E30846FC
:104AE00000242194209420AA0821064620460B4643
:104AF000FCF7CCF8B2480665A448046044602098EE
:104B000021990D9B9C752C69AC61E86129621A465C
:104B100016320E926862A962020A9A74E985020C42
:104B2000AA85C2B2D2095A754206920F1A75090CAB
:104B300029861F210140042900D304210D9AD17434
:104B400029462C3140B2002866D420AD28460A30D0
:104B50000A221BF0F8F91BA81A901426294632469F
:104B60001BF0F1F90F9D2C65284654301A993246F6
:104B70001BF0E9F90020109908702C642846543085
:104B800029465E310A221BF0DEF9002640210998F1
:104B9000008B2A46443243C24121890061184C6887
:104BA00084420ED2874813F003F8686C12F0F4FFC9
:104BB000204612F0F1FF13F0EBF8002043218900AA
:104BC000CCE10968804B2246FBF7A2FEAA6C002AC2
:104BD00001D100F07DFD0123109C2377A261A8671D
:104BE000E96730460026EE66012802D12C6F6A6F15
:104BF00005E07835284611F089FD04460A46002C68
:104C000078D01098017F06770F9DE86E01281A91E1
:104C100000D0E3E0286FECE020A8021D28C928C2DC
:104C2000098811801BA90A4668C868C200881080DC
:104C30000F9EB46330463C302CC92CC00022099B27
:104C40009A720988018018460A3011903546EC6343
:104C50002120C00020581790412080002158587A08
:104C60001490DA799879189098881A905888169044
:104C70001888159020469C301D7A0B46022D129103
:104C80001992139539D0002D3AD11999002900D1E4
:104C9000B9E1012900D192E1022931D11898002807
:104CA00001D000F08DFC169841B28020002900D47C
:104CB000842016990907490E08184449405819904C
:104CC0000225434B2846129C2146179E3246FBF78D
:104CD0001FFE199A1205D30F20AA13803D4B009393
:104CE0002B461AF00BFB2346012E33D8002002215D
:104CF000394B83E20F9DE96CE6E0002A00D14BE1DD
:104D00005C340068C500002D01D100F059FC216819
:104D10006068C66A27AA149850721398107219987E
:104D2000D071189890711A989080169850801598A4
:104D300010801798009020A8B0472098002803D131
:104D4000083D0834129BDEE7229D219B002B01D1F8
:104D500000F036FC40200F9C206600206065A365B3
:104D60000121E164109A11721A9AAA4200D32A46CC
:104D7000E2653F2313405A425A411A9B9D4200D399
:104D8000014611402165254600F034FD8000105099
:104D9000143C0210243C0210D43B0210C81F021025
:104DA000F81F0210D81F0210E81F0210282002105E
:104DB000B03C0020E43B02109020115084310020D0
:104DC00000001150310000000820021000001050B7
:104DD000F81E0210081F0210181F02102846783013
:104DE000199211F093FC0122EA66199A2867696703
:104DF0001A990B9B1977DE769C60DA60414241413B
:104E0000597743208000264614462A6C1D46101808
:104E100022461A9C33460646686128461B30199084
:104E200069762C762B606A60DC4C201D28616068F6
:104E3000089A104041424141A9763188D84B194027
:104E40000143514061600C201AF06BFA3088D4495C
:104E50000840A97E49030818069E30432969086066
:104E60000F9D0C98006806C8CE4813F012FB6468CA
:104E7000344200D068E1701E04400B9E7268A2426A
:104E80000CD20A9819990870C74812F091FE0020B8
:104E900016F0AAF912F07CFF109C5EE33168C34B58
:104EA0002046FBF735FD02460B4640210498FBF7F0
:104EB000EDFE0A98F076E86C0119E964A86C84426A
:104EC00002D3686C814278D1099E2B6C2120C000EE
:104ED0001A58914201D900F0F7FB41208000185880
:104EE0001A469C321690A8631791E963707F15905B
:104EF000F17EB57E308B1490F08A1990B48A307FA1
:104F00001390002834D0129118945C331068C400B8
:104F10001195002C00D1FEE003CB896A1A9120A9DB
:104F2000159A4A72139A0A72129ACA718D71149A5A
:104F30008A80199A4A80189A0A80169A083B1D4658
:104F4000179B1A9EB0472B46119DC1B2083C0833EF
:104F50000229DED0C00700D1D3E2DCE02A6C511870
:104F6000E9662867109C28466C300EF025FEF4E2B6
:104F7000002900D1C0E001291998C6B259D00229F0
:104F8000C1D1012D00D1E4E0032D00D0C3E0002CFD
:104F90000A9800D0BFE0DFE0256C002D00D1AFE61D
:104FA000214644310978189A8A4200D0A8E6169919
:104FB000072900D0A4E6E36BCCE6E86E12E6A16D0B
:104FC000169A914200D8FBE218990A2900D131E1E2
:104FD000002900D094E60225754B28461299179CAB
:104FE0002246FBF795FC20AA00231380714B009307
:104FF0002B461AF083F9129B012C00D9AAE6002057
:1050000002216D4BFAE02146FF31189A002A00D1A7
:10501000D7E0062A00D1B0E0082A00D0D0E21798E5
:10502000002800D15FE3C878001F41424141197058
:105030000AE11894986DB0426DD90B2D6BD17000B8
:105040001C184834189DE8B26178814200D8D8E035
:105050001A9616922570D86A196B26912590159389
:10506000A03317930026354620A825A913F0F8FA97
:105070002098012800D0C8E0229900293AD020A821
:105080000079239A28922791022823D0042814D04B
:105090000528E9D127A813F013FBC0072AD1F0B2E5
:1050A0001A9A9042E0D1E8B22278101A4242424164
:1050B00017980BF051F9199ED6E727A813F000FBBB
:1050C000C00717D10E4627A813F0FAFAC00711D16E
:1050D0000D46C9E727A813F0F9FB80B2002809D1D3
:1050E00027A813F0EDFAC00704D127A813F0E8FAB7
:1050F000C007B9D0DD488CE1681E08280BD81E46D1
:10510000FF3602A1085C40008744C0460A05BA0584
:10511000A0050505CF000020432189000F9D1DE754
:10512000012CF8D1002030705C331068C400002CD2
:1051300000D1E6E103CB0A6A0021083B1D469047F7
:105140002B46083C0833F2E7032019990870042025
:1051500019E20020002CDED10F21199A0A40199281
:1051600074B200D101E184238022C149002C00D413
:105170000C4900D5B5E11A46B3E11599090A4A1E52
:10518000052A00D900E152007A44928852009744DF
:1051900015009E015901170217029A018000105054
:1051A000FF0300008431002032000000343C021074
:1051B000B81E0210C81E0210D81E0210E2341225BA
:1051C00083E1487819900C780225AA4B2846129959
:1051D000179E3246FBF79CFB6200D3B2199A134329
:1051E00020AA1380A44B00932B461AF087F8129B39
:1051F000012E00D9AEE500200221A04B179A12F033
:10520000E9FA9F4812F0DFFC85E7159D5C3516989A
:105210000068C400002C00D173E103CD4B6A1999DA
:10522000189A083D9847083C0835F3E7032028778B
:10523000059980E31798002800D157E2169840009E
:105240002018483000781870012583E5601E80B270
:105250007F2800D35FE70320F0700120B070347125
:105260005C331068C400002C00D14AE1317905CBD1
:105270005269083B1D4690472B46083C0833F2E72D
:10528000012C00D047E7012434705C331068C5005E
:10529000002D00D135E103CB0A6A2146083B1E46AA
:1052A00090473346083D0833F2E7002C72D0012CBA
:1052B00000D030E716920420F070D86A196B26915E
:1052C00025901846483019901D46A0351593986DC5
:1052D0001A900026344620A825A913F0C1F9209879
:1052E000012800D09CE0229900293CD020A8007918
:1052F000239A28922791022825D0042816D0052821
:10530000E9D127A813F0DCF9C0072CD1E0B21A9A32
:10531000824200D8E3E14000199A105CF2B2801A90
:105320004242424128460BF017F8D4E727A813F071
:10533000C7F9C00717D10C4627A813F0C1F9C00759
:1053400011D10E46C7E727A813F0C0FA80B2002893
:1053500009D127A813F0B4F9C00704D127A813F086
:10536000AFF9C007B7D0474853E047498B6E002CD0
:1053700000D5AFE0411E02468A415100022293430C
:105380000B4342498422AAE00F2900D018E1636B45
:10539000A56BDFE4F078022800D1B2E0169203207A
:1053A000F070D86A196B269125901D461C46A034D2
:1053B00020A825A913F054F92098012800D0E6E090
:1053C0002299002924D020A80079239A2892279195
:1053D00002280DD0042811D00528E9D127A813F000
:1053E0006FF9C00714D1002220460AF0B5FFDFE7AD
:1053F00027A813F06BFA80B2002809D127A813F070
:105400005FF9C00704D127A813F05AF9C007CFD01D
:105410001F4800901F482B212AAA1F4B12F0F2FAB6
:10542000159B5C3316980068C5000124002D68D0D8
:1054300003CB8A692146083B1E4690473346083D08
:105440000833F3E71599C9B2032900D9C5E0042050
:10545000890002A2515822468F46C0469D54001032
:10546000B9550010AB550010B3550010481F02107D
:1054700004310020781E0210881E0210981E0210AF
:105480002F000000281F021000001150843100205E
:10549000381F021080370210AC370210179900290C
:1054A00000D12AE104251D70012900D128E1032043
:1054B0005870022900D826E109209870032900D1EC
:1054C00024E1DD7046E4F4340A25234642E4E36A2D
:1054D000256B3FE401218B431B18F1498022F14CDD
:1054E000A366431E9841C002199BDB009A18EE4C3C
:1054F00015590126F602B54305431551C81812F097
:10550000ABFF432081000F9D286C4118FF2202321F
:10551000835C002B25D0801882780020109B987621
:105520001A76E96728466C301C461A34E9665A76C2
:10553000002119740C9909680EF00EFB00281FD188
:10554000109C607E7F210140D64801600A98A076B9
:10555000286CFF210231002242540E990120207054
:105560009AE10020109C2074E9660C980168284696
:105570006C300EF0F1FA00280E99EFD0062003E00F
:10558000032020700520109C20700420CFE15C35A2
:1055900016980068C400002CB3D003CD8A6900219E
:1055A000083D9047083C0835F5E7224608320C20B4
:1055B00002E022461032142021581268002A1DD120
:1055C0000020432189000F9DEA6B5118E96428658A
:1055D00028464C300EF0F0FA5AE15C340068C50001
:1055E000002DEDD003CC0B6B1599169A083C98470B
:1055F000129B083D08340028F2D002461798012873
:1056000079D9032058701892501815900225002659
:105610001696002E02D01698199025E0189C159821
:1056200084424ED0002019902056C6B2002801D4E2
:10563000641C18E062783F210A401F203040E02EB1
:105640000ED3A3780B409201D218F02E22D3E37828
:105650000B409101C9184007C00A0E18241D1CE018
:1056600080018618A41C18942846AD1C179CA542DE
:1056700033D2C349009129461A462346FBF7B7F8AF
:1056800020AA1680BF4B0093022319F037FE129B0D
:10569000199EBEE700031618E41C1894029886426F
:1056A000129BE1D33046A7490840372189024018B0
:1056B0001990FF2000043018800A1B21CE020643F7
:1056C000D2E71D70FFF746FB0020A24B12F082F8D4
:1056D000A1483721A14A11F0A1FCA84883E09C4AC7
:1056E0001A9912F0BDF800209E4A01E000209C4A61
:1056F000014612F0B5F8A04875E000209D4AF7E792
:1057000001209B4AF4E70220974AF1E70320974AD9
:10571000EEE7FE21415C002920D000210D9A117195
:10572000A030E8610C98046828461C3021460AF035
:105730006BFEC0B205281ED1032030701A98056890
:1057400092480068C0054DD12868002129600228D0
:105750001DD1904812F037FA0F9D01E00120307002
:10576000002028756868E860294614312A460C3202
:105770000792FFF769F900210D9A5171107168695C
:10578000286228461C30FBF7BBFD6869C1E700288A
:1057900006D121686068096888472291219009E054
:1057A0006A68AE682168606886420AD18A4208D178
:1057B000229621920120209020A9284609F06EF916
:1057C0000DE009681446884722912190012020901D
:1057D00020A9284609F062F961683046884704200C
:1057E0000F9DAAE06A4812F0EEF912F013FA286948
:1057F000FFF72CF900246C662E464C36012803D1A5
:10580000AA6EE86E1A9004E03046FAF7D6FF024618
:105810001A91002A0E990AD01098017A19910472EF
:105820000F9D686E012804D1A86E18900BE00F9DA3
:105830002FE030461646FAF7C0FF01226A6632466C
:105840001890A866E96617926A671A98A86710996F
:10585000CC770C460B9B199E1E7043218900EA6B86
:105860005118A161189A5142514159703346064668
:1058700022461F3261772377402E17D901201070FE
:10588000414812F095F9002015F0AEFC12F080FAB4
:105890000E99119A0120107001200870A7E7C046E8
:1058A00004310020000011500000105019924021D6
:1058B0000498179A3346FBF705FA32461A96224E99
:1058C000EE6730680899084041424141A177104392
:1058D00005214903414031600C2019F022FDA07FD1
:1058E00040031A990843212189020143E86F0160AE
:1058F0000C98006806C8154812F0CBFD3068069970
:105900000842199E0FD1607F012808D108980E4CDB
:1059100060600C2019F005FD092080026060012004
:105920003070686E66E70320307011990870059931
:105930000E9A1070052008700320287206202BB0E4
:10594000F0BDC046FF03000080001050043100206D
:10595000581F02103820021034370210182002108D
:10596000E81E0210A81E0210881F0210981F0210C5
:10597000781F0210681F0210720000007100000002
:10598000A81F0210B81F02103000000004ED00E054
:105990007800000027000000F0B503AF8BB0039142
:1059A0000068056803CD083D01431ED02846193024
:1059B00001902C466434287C002818D0032832D16A
:1059C0002946143126460D36607B002818D003285E
:1059D00026D10491201D05902079002812D002962E
:1059E00003286ED0714812F03BF80720D7E006A8D4
:1059F00013F04CFE069EF00708D10798E8601AE005
:105A0000E86E20E06869AA69E96929E0724812F045
:105A1000CFF8300A13F0EAFE12F0BAF912F0FAF8F1
:105A2000634812F01DF8039801682846203012F0F0
:105A3000ADFD002822D100206073A868E8662946E1
:105A4000143126460D36049100232373006801218A
:105A500022460C326861AA61E9612371231D059316
:105A600028626A62A96200290AD00189E962006895
:105A70000068BFF35F8F6863286306E004208CE052
:105A8000544812F0A0F812F0C5F86A6AAB6A4949A6
:105A900000910121FAF7ABFEEA6A002A00D180E00A
:105AA0002B46383307C32846383010F02FFE002825
:105AB0002FD00296002222702A6A121D6A64A864FE
:105AC000E964039802682946443106AE3046FAF785
:105AD0002BFF30780228029E5BD006A9C00709D0B0
:105AE0004878296A0968BFF35F8F00220A600121A4
:105AF000014015E00799686B40186863EA6A9142B3
:105B000001D301283FD1286A0068BFF35F8F0021CD
:105B10000160286B6A6B002AB7D0002822D00221CE
:105B200001233370059E3370030C019E7370030ACA
:105B30003370030EB37028766961EA611E4812F073
:105B400037F804980AF00EFB12F022F906A81B4A57
:105B5000002312F0DBFC08980699079A29626A6212
:105B6000F07360E7012020716073267B144812F007
:105B70002AF81448067006A9134808808E70E86851
:105B800014F0DEFA57E7296A0968BFF35F8F0860EF
:105B900089E70320307005990870287406200BB03F
:105BA000F0BD0A4837210A4A11F038FA482002109D
:105BB000F0390210582002108D00000040420F0002
:105BC00018000000A83C00207D08000034370210B7
:105BD000682002106D000000A5000000F0B503AFC2
:105BE00093B006910068056803CD083D014322D0BB
:105BF0002C461934284608300090A07A800002A173
:105C00000858039402958746475E0010515C0010C7
:105C1000515C0010255C0010415C00103B5C0010E2
:105C2000435C001021461331E07C00280CD003288F
:105C30000BD1AC6A0DE0072016E106980668D6E0A5
:105C4000A6E006980268E7E004E18F4811F008FF3B
:105C5000FEDE8F480068C00500D007E120680028FC
:105C600000D008E108912646B4360021C8432246F8
:105C700001C2079225461435307A012804D1204606
:105C80000C3012F0C5FB317A05CE083E904201D1AE
:105C9000C9070DD0421C0021102A0B4600D0134624
:105CA000336031720A2141436E5CF0B2042807D19F
:105CB0000698006806C8079812F0B5FB042605E0B0
:105CC0006818411C09A809221AF03DF9029D2068B4
:105CD000401C2060F2B203200121042A0246089BE6
:105CE00000D00A461A70039C00D1BBE02E7601203A
:105CF000607209A9092220461AF025F96748807ABE
:105D0000BFF35F8F002800D19DE068690890287E6E
:105D10000790C0467844007940008744011018205D
:105D200020780590294666781B310EA807221AF0C4
:105D30000AF93002059941180591000A0DE0687FC3
:105D40000EA98870E87E2A7F120210180880207839
:105D50006178090208180590080A019001E020788E
:105D600005900CA804900EA9072632461AF0EBF80D
:105D700001986074059820740798E0730898686229
:105D800028462B30049932461AF0DDF80020607660
:105D900006980668294624310EA832460DF0CEFC3E
:105DA0000E980A285BD009284DD010990F9AA86048
:105DB000EA6029613A4811F0FBFE00980AF0D2F936
:105DC00011F0E6FFA86803283DD1287B01283AD1CD
:105DD0003248403013F012FC0EA8324A002312F071
:105DE00095FB10980E990F9AA962EA62E075314608
:105DF0002E4628363046089112F0C8FB002830D1D4
:105E00000020607269696962294618310CC90CC6A4
:105E1000607608883080089A294624310EA80DF053
:105E20008DFC0E980A2818D009280CD010990F9ACA
:105E30000F920E9010911C4811F0BAFE0EA80AF0B5
:105E400091F911F0A5FF00206072E0746869686242
:105E5000214613310D4CAC62FBE6062002E0042023
:105E600000E00520A072062013B0F0BD094811F033
:105E7000AAFE11F0CFFE084811F09AFE0AF02AF9A6
:105E800011F086FF11F0C6FE843B0210E83B0020B3
:105E900004ED00E07800000069000000B03C002044
:105EA0007E000000400D03007D000000F0B503AF50
:105EB000BBB02291006800680368002B6CD0012001
:105EC000196820900140184608300029024600D188
:105ED0000A46299206221092002900D161E3092581
:105EE000289305260B21279103216922249245231B
:105EF000209C240213956D010196B601279A520148
:105F000026920F91C901259124998A00DB002899D6
:105F100009191991289949192791289989191291D4
:105F2000289E269971181E91259971181F91B118F4
:105F30001491F21834466C343146B8310E9149212F
:105F40008900299B591811912B21C90059181791C3
:105F50005F21890059181B916B21890059181891EC
:105F60001946B0312491F8331693117A002915920D
:105F70001C9413D0032900D0B2E01C980078400094
:105F800078448088400087440500C000C00031008C
:105F9000A2027602B36D25E0072040E231464C3183
:105FA000259113682393516826913365B1691D913A
:105FB000F169219133462033194674C874C1289E73
:105FC00000201D993163219A7263B06334463C34DA
:105FD00007C42399B16425990880B3652699716532
:105FE0001C990870F3653146299A8FE00E9B18784A
:105FF0003146703121912393249D4000784480885C
:1060000040008744050070008200300087010800CE
:10601000219A146882E01498014614312691007D7B
:10602000002843D0032861D11498014610312591EE
:10603000007C002842D003281F9D5DD168780E9A0D
:1060400023924000784480884000874404005B002D
:106050005E005B0278021E9B1E695D69D8690E991D
:106060002391259C9BE11A1D1E980146083126911B
:10607000007A00281ED00328199D3AD11E98011DD0
:10608000259100790028179E1A921FD0032836D137
:106090001E9B18780028289E1CD003280E98239059
:1060A0001D9300D191E0FA4811F0DAFC58681D9078
:1060B000239349E114683146179E3BE01E9B5868C4
:1060C0009E68DD680E992391259C61E105CD2968C4
:1060D000239341E0E8682A6969690E9C239443E0B0
:1060E000EC4811F0BDFCEC4811F0BAFCEB4811F0A3
:1060F000B7FCEB4811F0B4FCEA4811F0B1FCEA48F7
:1061000011F0AEFCE94811F0ABFCFEDECC6D0020D6
:10611000249D2870946668322B460E46219274673F
:1061200000203146179E307234346C60304608309F
:1061300026902A1D1A9223930846C030402119F058
:1061400010FD20682021299AD832199D05C52960A3
:1061500000233371331D2593083DE8602A6169618E
:10616000002333703346289EA861EA61279A1160A4
:106170001F2909D91D930189516000680468BFF384
:106180005F8FD460946001E0C94841E127980368BB
:10619000EA69C848009020212046FAF728FB279B8F
:1061A0005A68002A00D12DE1103307C313200001E3
:1061B000301810F0ABFA002836D00022129B1A7764
:1061C00003C3A869001D2799C8614F2080003118BA
:1061D0002298026839AC2046FAF7A6FB20780228FC
:1061E000159A209B00D106E139A9C00709D04E7845
:1061F000A8690068BFF35F8F002101601E402198ED
:106200001DE03A99119A106840181060279A526858
:10621000914202D3202800D0E3E0A8690068BFF3D0
:106220005F8F0021016000E0209B27988468C1688F
:1062300000290BD00226002C219809D01A911D9913
:106240000B7025990B7026990B70EAE0199D9DE75C
:106250001D980370259803702499887A38AEB07021
:10626000087A497A0902081830800E9CE07A259055
:10627000207B1D90607B0D90A07B0C90E07B0B90B1
:10628000207C0A90607C0990A07C0690E07C0590C0
:10629000207D0490607D0390A07D02902899CF31ED
:1062A0002AA80890312207921D4619F04CFE269824
:1062B0000570299D703503222846314619F043FEAA
:1062C0001C9802998176289E03994176049901765B
:1062D0000599C17506998175099941750A990175E4
:1062E0000B99C1740C9981740D9941741D990174B5
:1062F0002599C173304687300899079A19F023FE13
:10630000706F016B1A9A1060249885600546002012
:106310002074E1602C1D2046229901F077FA0028B4
:10632000189D64D1204608F0E1FA706F34301D905A
:1063300020603046C03031467831402219F003FEEB
:1063400000202871281D2690C0364025169C204626
:1063500031462A4619F0F7FD2720C0002999081870
:1063600020262590314619F0FCFB1D9A03E0217888
:106370006155761E641C002EF9D120251E9B1D60E0
:106380001068DD60259E9E6058600021189C217079
:106390001E615D6100211F9A51701030D8619861B3
:1063A000212D34D22146344625918688202D09D1CD
:1063B00000201F990870002E0ED181483721814A94
:1063C00010F02CFE002E27D0284631461AF0E8F8AF
:1063D000484248411F990870081D70C0289E0D460C
:1063E00083E0A9690968BFF35F8F0860DEE60420D7
:1063F000159A239BCFE00F991D9801700846239BA7
:10640000259EC5E06E4837216F4A10F007FE6648AA
:1064100011F0D9FB11F0FEFB644811F017FB3BB003
:10642000F0BD23990B70054608F0A8F9092E2899AC
:10643000299A00D16AE696654C661A9888665C4887
:10644000807ABFF35F8F00280E4635D0144658344B
:10645000584811F0ADFB204609F084FE11F098FC7D
:106460002AA8554A002312F051F82C982A992B9A01
:1064700006C51C990873229801683046703012F0E6
:1064800085F800283146299A00D13FE605202AE008
:10649000482002107827021028290210703C0210B0
:1064A000603C0210C8200210B82002109820021090
:1064B0006D000000582002102AA8404A002312F064
:1064C00025F82C982A992B9A06C51C9908732298AE
:1064D00001683046703012F059F800283146299A88
:1064E00000D113E60420159A57E01B980DF076FCB6
:1064F000002817D00022149B1A731E9A92692A61F1
:106500006861A96119200001301822990968FAF719
:106510007DF9C4B2022CE8D0032C32D0209B219804
:10652000259E1DE02878012820D11E9880691B999E
:10653000086000202099A960E86014990870612023
:106540008000301822990968FAF760F9C4B2022C69
:10655000159A0F99209B2198259E0AD0032C0ED0C6
:106560006B70337026990B70032607E0209B2198EF
:10657000259E6B70337026990B70139E51E7042093
:1065800003E00320159A0F99259E68700198239BBC
:106590003170269C217018700320032111721C9900
:1065A000087010983BE7C0466F000000782002108A
:1065B000B03C00208C0000008096980040420F0004
:1065C000343702108820021068200210F0B503AFA3
:1065D000B34EB544B34A6A442E920068006803681B
:1065E000002B00D1AEE0184604C82790002A00D145
:1065F00027920620012A01D000F0FDFE269122906C
:106600004325852483213091184693265F222B92BF
:106610000322AB00ED002F95E4002D9409012C918D
:1066200035012B994E01059294021A46C1181D910D
:106630002F9941181A919C49411806912D9941189A
:1066400019919A49411818919949411817919949F6
:10665000411816912C994118159141191C91964990
:106660004318964941182391954941181F9195491E
:1066700041181E9194494118299194494118289133
:10668000934941182D9193494118219181192091E5
:106690002A9000191B902799881811902120149096
:1066A000000108181090C520139080000818099068
:1066B0003098C00008180F90874808180E903120B5
:1066C000400108180D90854808180C908448081857
:1066D0000B9048190A90834808182C908248081893
:1066E0002B908248081812900920049040013090A5
:1066F0002F93D87B269D40007844808840008744B3
:106700001B005C005C005000A70128000E019A03EA
:106710002E002F04FF063300B806700545070C0253
:10672000A7022A002A032C00C80430005704530093
:1067300037012600350224002F9908682A9A5060F4
:1067400008463BE0072000F056FE2A6855E22A681A
:1067500056E12A68B7E12A68CAE22A6844E32A684F
:10676000A3E32A6800F0E3FC2998001D24902D98EB
:1067700001460D312591407B800002A108581299F5
:106780008746C0468F720010B5670010BB670010C7
:10679000EB7200109D670010AF6700102A6800F0D0
:1067A000D6FD2F9806690BE02A6800F04DFC2A6898
:1067B00000F0FAFD4E4811F053F9FEDE4D4E066131
:1067C0003098DF304C490968014201D000F0FFFEEB
:1067D0003068002801D000F001FF484834182C9898
:1067E000801C25900021C843324601C224923546C0
:1067F0001435207A012804D130460C3011F008FEFF
:10680000217A05CC083C904201D1C9070DD0421C29
:106810000021042A0B4600D0134623602172412137
:10682000890041436C5C132C07D12698006806C888
:10683000249811F0F8FD132406E06818411CFF228B
:10684000043231A819F07FFB3068401C3060132CF3
:1068500001D100F08BFC27980471401DFF22043207
:1068600031A919F070FBA01F052C00D80520C0B27B
:106870000C2801D900F0A2FE4000C0467844808870
:10688000400087443D00C5019B06C900BC021D03B2
:106890002C01CA014D02EB037A035A005701C0468E
:1068A000C4F5FFFF300A00001903000024050000B2
:1068B000340600003A070000380A0000580A0000B9
:1068C000780A0000990A00004C0B00006C0B0000D5
:1068D0008C0B0000AC0B00001C050000240700001E
:1068E00028080000420A0000480B0000950B000039
:1068F0003C2302103835002004ED00E024040000A1
:106900002520C0002A99496808180A684968259B0B
:1069100018602F9842618161002023990873FA481A
:106920002A990918F4A8FDF73BFFF49E0C2E01D11B
:1069300000F014FCF59D00F038FE2A9948892F9C40
:10694000A081486806C8259B1960F0492523DB0013
:106950000838C3181F9D6B612C9BAB61E96108303F
:10696000286030986860626100201E990870269D3A
:106970002A682C98851CE64C6C44204629462492B3
:10698000FBF74EFF20780C280B9C00D1DCE3412064
:106990008200DF496944204619F092F9284608F040
:1069A0001BF82078082801D000F008FE2A9A5668C3
:1069B0003468706825902F99888908831598006835
:1069C0004861D4481018D44951180A2219F0BBFA6A
:1069D00008202870299A146030460830289B1860D7
:1069E000309858602520C0003018C8492D9C22C41A
:1069F00098612C98D8612598506000206070249A86
:106A0000F4A82B9C2146FCF73DF8F49E0C2E00D0F8
:106A100095E3192200F0ECFC2A99C8681D9A1060D1
:106A2000486806C8259B1960BC492523DB00083847
:106A3000C3181F9C63612C9BA361E1610830206037
:106A4000309860602F98426100201E990870269D42
:106A50002A682C98851C72AC204629462592FBF7A3
:106A6000DFFE20780C28119C00D179E341208200C0
:106A700072A9204619F024F9284607F0ADFF2078C6
:106A8000072801D000F09AFD2A98406806C81D9C8E
:106A9000237B2F9E33762368736107232B70299BFA
:106AA00006C32521C90008384118289A91612C99FC
:106AB000D161083010603098506000202D994872E4
:106AC000964821C1259AF4A82B9C2146FBF7DAFFB2
:106AD000F49E0C2E00D032E3052200F089FC2A98A7
:106AE000406806C8279B5B792F9C63740923259C0B
:106AF0002370299B06C32521C90008384118289A0C
:106B000091612C99D161083010603098506000205C
:106B10002D994872F44811C1269D2A68F4A82B9C2F
:106B20002146FBF7AFFFF49E0C2E00D007E30F22A7
:106B300000F05EFC2A99C8681C9A1060486806C874
:106B4000259B196071492523DB000838C3181F9C59
:106B500063612C9BA361E161083020603098606024
:106B60002F98426100201E990870269D2A682C9853
:106B7000851CDE4C6C44204629460892FBF750FEEB
:106B800020780C280A9C00D1EEE241208200D749EF
:106B90006944204619F094F8284607F01DFF207834
:106BA000082801D000F00AFD2A9A50680168259152
:106BB000416824911C990B682F994B61CC4BD318D9
:106BC000A5242401141946CB46C40821297029990B
:106BD000259A0A60249A4A602521C9004118289AFA
:106BE00091612C99D161083010603098506000207C
:106BF0002D994872454821C1089AF4A82B9C21463A
:106C0000FBF740FFF49E0C2E00D098E21B22EFE32E
:106C1000B84810F0D8FF00F0D1FC2A9948892F9C81
:106C2000A080486806C8259B196038492523DB00E9
:106C30000838C3181F9D6B612C9BAB61E96108305C
:106C4000286030986860626100201E990870269D57
:106C50002A682C98851CFFAC1C34204629460892D3
:106C6000FBF7DEFD20780C280F9C00D174E2412058
:106C70008200FFA91C31204619F022F8284607F0AF
:106C8000ABFE2078082801D000F098FC149843014E
:106C90002A9EF458706801682591416824919649AC
:106CA000745019990C6849682A462F9DEC61296235
:106CB000A988698390497118F3189B888B800821F3
:106CC000134611702999259A0A60249A4A60252151
:106CD000C9004118289A91612C99D161083010603F
:106CE0003098506000202D994872084809C1089AD0
:106CF000F4A82B9C2146FBF7C5FEF49E0C2E00D079
:106D00001DE2112274E3C046480A0000802D0210E3
:106D100028080000520A000036080000842D0210E6
:106D20002A9948892F9CE080486806C8259B1960ED
:106D300072492523DB000838C3181F9D6B612C9B0B
:106D4000AB61E961083028603098686062610020BA
:106D50001E990870269D2A682C98851C684C6C44E6
:106D6000204629462492FBF75BFD20780C280E9CD8
:106D700000D1EFE14120820061496944204618F0CA
:106D80009FFF284607F028FE2078082801D000F051
:106D900015FC2A9B5E68346870682590189903C9B1
:106DA0002F9A50619161D08890835648181856499F
:106DB0005918062219F0C7F808202870299A14607B
:106DC00030460830289B1860309858602520C00055
:106DD00030184A492D9C22C498612C98D861259876
:106DE000506000206070249AF4A82B9C2146FBF789
:106DF00049FEF49E0C2E00D0A1E11322F8E2279860
:106E000040792C9D28702A98406806C8259B1960F7
:106E10003E492523DB000838C3181F9C6361A56128
:106E2000E16108302060309860602F984261002056
:106E30001E990870269D2A682C98851CB3AC2046A4
:106E400029462592FBF7ECFC20780C28109E00D1F7
:106E500088E141208200B3A9304618F031FF28466E
:106E600007F0BAFD3078072800D0A7E32A984068D9
:106E700006C82C9C23782F9E33761A9B1B6873615F
:106E80000723A370299B06C32521C9000838411890
:106E9000289A9161D46108301060309850600020C9
:106EA0002D994872194821C1259AF4A82B9C214696
:106EB000FBF7E8FDF49E0C2E00D040E1082297E29B
:106EC0002798011D41208200099C204618F0F8FEF9
:106ED0002078400078448088400087441900D80218
:106EE000A501900249011E03882D02102C09000003
:106EF0003C090000190000004C0A0000802D02101F
:106F00001C050000560A00002E050000842D02100A
:106F1000BB4810F058FE2A994C682068249060689D
:106F200008900025259E3570B648081801210A02F0
:106F300031A919F008F8299824990160089941604D
:106F40002520C0002018289988612C98C861083431
:106F50000C60309848602D994D72AB4841C1269D18
:106F60002A68F4A82B9C2146FBF78CFDF49E0C2E7E
:106F700000D0E4E02298049A3BE22A9948892F9CA9
:106F80006081486806C8259B1960A0492523DB005D
:106F90000838C3181F9D6B612C9BAB61E9610830F9
:106FA000286030986860626100201E990870269DF4
:106FB0002A682C98851C964C6C44204629460792DA
:106FC000FBF72EFC20780C280C9C039500D1B9E02F
:106FD000412082008E496944204618F071FE2846FF
:106FE00007F0FAFC2078082800D0E7E289482A9BBD
:106FF000191889481A185868036825934368249318
:107000002F9B5B890893169B1D8858C958C22399EA
:107010004D80089A0A800821039B19702999259AA6
:107020000A60249A4A602521C9004118289A916172
:107030002C99D161083010603098506000202D9953
:107040004872724809C1079AF4A82B9C2146FBF7A5
:1070500019FDF49E0C2E72D11722C9E12A99488994
:107060002F9C2081486806C8259B19606749252305
:10707000DB000838C3181F9D6B612C9BAB61E96175
:107080000830286030986860626100201E9908709E
:10709000269D2A682C98851C604C6C442046294605
:1070A0000792FBF7BDFB20780C280D9C03954FD071
:1070B0004120820059496944204618F001FE2846C3
:1070C00007F08AFC2078082800D077E252482A99F5
:1070D0000D181398C0000A18486801682591416886
:1070E00024911799096808912F990E8918CA18C513
:1070F000CE832399089B0B6012882A800821039B6A
:1071000019702999259A0A60249A4A602521C90094
:107110004118289A91612C99D161083010603098FB
:10712000506000202D994872384809C1079AF4A888
:107130002B9C2146FBF7A6FCF49E0C2E06D0204685
:10714000F59D30E2162253E1182251E115224FE15C
:1071500014224DE112224BE1102249E1062247E1BF
:10716000042245E1072243E11A2241E103223FE1E3
:107170000520000306990978079108182A994D6897
:10718000296824916968089125990860F4ACA01CCD
:1071900031A9C91C2C2218F0D6FE04202C9EB071F7
:1071A0002F98079941751E482A9908182E222146C2
:1071B00018F0C9FE2998249941600899816025201A
:1071C000C00028182899C86108354D60309888603B
:1071D00000202D994873B01D0E60259A4A60886082
:1071E000269D27980F4944182A68F4A82146FBF7E2
:1071F00049FCF49E0C2E00D0D3E10D22F8E0C046ED
:107200001F000000490A0000782D0210802D021096
:10721000240700002C0700004C0A00002006000094
:107220004E0A00004C0B00001D200699085A2490BD
:10723000F3482A9D2818CC7E0E7F31A9C91C18223C
:1072400018F081FE23982499C181467304730220AB
:10725000259E30700120800320182B9C20606868D8
:1072600006C861602521C90008384118289BD961EA
:1072700008305860309898602D982C9952C0299801
:107280008260002012990870201D24902591002012
:1072900008902D9A10732898C1690791C1602499AC
:1072A0000E6829998D6816615561146853680393B7
:1072B0009268029282614361426883680461CE6091
:1072C0000D614A618B61D04E219802614361029940
:1072D00081611299269DC6612098079A8261C461D6
:1072E0001B98039A0260089A42712E68CC1CF4A87D
:1072F00021463246FBF7ECFFF4980C2874D00120AD
:107300002D990873F4982B9DE861F5982862204622
:1073100007F0C2FA2946E8690B2855D0062853D150
:10732000299BD8680890196958699B693246289E3C
:10733000F568366925602D9C6661A061E36121983E
:10734000089B036041600020209908701299CC1CB2
:10735000F4A821460392FBF763FCF4980C2841D073
:10736000F59DF49E204607F033FA0B2E2ED1289877
:10737000C168079102694169089183692999CD68BB
:107380000E694869896925609F4C219D10351BC590
:107390002D984661209807998161C26100201B9950
:1073A000487108980860039A984827990C18F4A81F
:1073B0002146FBF78DFFF4980C2811D0F59DF49E23
:1073C000204607F069FA01E0CE690D6A00202D9988
:1073D00008730120259908700C2E08D02498E2E04B
:1073E000052002E0042000E00598259908700B2292
:1073F00022982F99CA73FE1F053EB546F0BD0320A3
:1074000007900003069909780391081825990860E8
:107410002A9845682868249068680890F4ACA01CF5
:1074200031A9C91C402218F08EFD2C9E0798B0711E
:107430002F980399417573482A99081842222146CA
:1074400018F081FD299824994160089981602520D0
:10745000C00028182899C86108354D6030988860A8
:1074600000202D994873B01D0E60259A4A608860EF
:10747000269D27985E4944182A68F4A82146FBF700
:1074800001FBF49E0C2E00D08BE00C22B0E7279875
:107490005749441831A8C51C1026204629463246B3
:1074A00018F051FD204602F0BBFA25990860F4ACB3
:1074B000E01C2946324618F046FD01202C9EB07192
:1074C00053482A9D28181322214618F03CFD68686D
:1074D00006C8299B59619A61083801460831289AE3
:1074E00051613099916100212D9B5977B11D252261
:1074F000D2008018D8601E61259858619961269D38
:10750000444827990C182A68F4A82146FBF7BAFAD0
:10751000F49E0C2E45D10A226AE707200003069943
:107520000978079108182A994D6829682491696893
:10753000089125990860F4ACA01C31A9C91C382217
:1075400018F001FD05202C9EB0712F980799417508
:107550002C482A9908183A22214618F0F4FC299858
:1075600024994160089981602520C0002818289935
:10757000C86108354D603098886000202D994873A7
:10758000B01D0E60259A4A608860269D279818498C
:1075900044182A68F4A82146FBF774FAF49E0C2ECE
:1075A0001AD0F59D204607F02CFA0B2E06D02E9807
:1075B000066045601848684402F042FA3098DF30AF
:1075C0000C49096801422F9801D1FFF7F7F80A48E2
:1075D00010F0F9FA10F01EFB0E2209E7074810F030
:1075E000E7FA08F077FD10F0D3FB10F013FBC0466C
:1075F0004C0B000004ED00E0780000006900000082
:107600004C0A00004E0A00004C230210980B0000A8
:107610004D0A00005C0B0000300A0000F0B503AF1B
:1076200091B004910068066803CE083E014311D072
:107630003546283530465030039028780795029615
:1076400078440079400087440217173B0C07306AE2
:10765000706212E00720C8E0287FC00706D1336CB3
:107660009AE0287BC00704D1356B73E0624810F0C4
:10767000F7F9624810F0F4F9FEDE10F045FDB06055
:10768000F16010F05BFF00245D4A101A22468A4127
:107690002146614101234B40002B234600D1134674
:1076A000224600D102460CA810F030FF0E980C992B
:1076B0000D9AB164F2642C7703990870706A306394
:1076C0000498056830464830294610F05FFF494A63
:1076D0000A323146303106910028144629D00799E4
:1076E000087F0028019206D0032802992A4608D074
:1076F000444810F0B5F9002008760299086B4863F9
:107700002A4634310CAD2846FAF7A6FB394A0A322C
:107710002C8803200121944200D00846079908775D
:1077200060D00CA8811C08A80E2218F00CFC029E48
:10773000019A059434823046123008A914460E226C
:1077400018F001FC756A0598A0421AD1002006992C
:107750000D604860E87D401CC1B2052900D30521B9
:10776000E975AA7D002A28D0000640D00C2050439D
:10777000AC8A4A1ED2B26243101880B218F048FC9C
:107780001EE0304610300595069D1EC81EC5059B9F
:107790000020079908773364308E16498842079A8B
:1077A00005D2107DC00702D1987D401C987501203C
:1077B0001077B068F168154663E70020E875AC8A79
:1077C00081B2A14208D0A8820A490A1D0CA90A80E8
:1077D0004880286912F0B4FC0020A8750120079D9C
:1077E00028734AE703200870062011B0F0BD064850
:1077F00010F022F975080000743B0210C03C021022
:1078000040420F00643B0210B03C0210F0B503AFE1
:10781000FFB0AEB005464524A0002A1859208000CC
:10782000281817902846203018902E466036287B5E
:107830000B464000784480884000874407000F0EC4
:107840002F0EB20269027D025A0142000E96119279
:10785000109328680F9068681695A96812912022E5
:10786000855C0146203115900E46149218F06BFB92
:10787000681E14284BD84000784480884000874414
:107880001400D90265029C02D8013F034103D202D1
:1078900043035102080E4503BD004501C9004C03D6
:1078A0003A0353037701B0004A03012403224E4BED
:1078B0001598214607F07CF9092208F0A3FC01F095
:1078C000B6FD18994878169510351395491C1491F2
:1078D0004000C04678448088400087440E00CB0DAD
:1078E000DF0DE0075F0C8C0CB005040B400B950D11
:1078F000B20B810B7D09730D3D0011921093169B05
:10790000196958690F9098690D90DD6916E0FE2D90
:1079100000D05FE30020189A50700F980546183584
:10792000169B1599196158610D959D61129DDD6138
:10793000501C14901846103013900E9E2120159163
:10794000085C0146FF39F022D243914200D30E2059
:107950000E280DD001460CE01898083019460FF09B
:10796000A5F9002801D101F05CFD0E2001F054FDC5
:10797000FF21119A1693189B19700D2801D901F057
:1079800050FD1295159D2135109B4000784480884C
:10799000400087440D008C0569056005AA04E604D3
:1079A00098059D054E06E40564040805460DBA04D5
:1079B000002104240D4B159D2846224607F0F8F8B7
:1079C000062208F077FC0C22094B2846214607F0D6
:1079D000EFF80F9B0CCB074C009417F08FFC01F0D5
:1079E00020FD05489AE2C046A82702103829021057
:1079F00048290210582902103E0000000026159860
:107A0000867001244470024810F0DDF801F010FD8A
:107A1000410000007078B1780902081841BA169D3B
:107A200069821896F2782A748E18002810D10F985F
:107A3000006BFE4907F050F80C46006B8121C9002D
:107A400040180121090218F08CF82068401C2060C1
:107A5000F74810F0ADF8688A12F02EFA287C10F082
:107A600051FC10F095F90F98006BFE4907F034F8BF
:107A70001591006B8121C90017914018698AB2B233
:107A8000FC4B07F0A0F806460C46287C021D04219A
:107A9000F94B189807F07DF802460B46F74800901E
:107AA0003046214617F02AFC15990868401C0860EA
:107AB0000F98006BF24907F00FF80E46006B17990C
:107AC00041180120040220AD2846224618F0F8F89B
:107AD0003068401C306000201699087516981530E3
:107AE0002946169D224618F02EFAE648119948605C
:107AF000109B2846143019460FF0D8F8002801D002
:107B0000062457E1E04810F05EF889E23046F67846
:107B10001D2E00D376E244788578321D0421DB4B9C
:107B2000159807F045F8189017912802001900BA27
:107B3000040C0F98006BD64906F0DEFF23460D4675
:107B4000311901242202914201D901F07BFC006B22
:107B5000D0490091C0188121C9004218189817997E
:107B6000334617F0CBFB2868401E286001F05FFC0D
:107B70007078B17809020818119041BA60A8109184
:107B80000180F57804247C94C349129E304606F0A7
:107B9000B3FF6D940A208E900868401E0860BF49AC
:107BA000304606F099FF0A91C16A2C950026299665
:107BB0002796259623960F204001189008181290BA
:107BC0002290179121910122209220AC002D01D109
:107BD00000F0FBFE20461C30149020461430089024
:107BE00020460C3013902B9611980028099400D150
:107BF0001AE206921098451E01200202179C1146B7
:107C0000E031B14200D135E2129880192490A019D8
:107C10002390149829461546139AF9F7EDFA2A4647
:107C20000D46C1079619E036A0190029E7D021902A
:107C300031E27078169D2874B0786874F078A87472
:107C400024201599085C243149780902081841BAA2
:107C5000A98200BA010C2E461836304611F0DEFF1C
:107C60008F480FF0A5FFA88A12F026F9687C8D4C8A
:107C7000A047A87CA047287CA047304617F0BCF856
:107C800010F086F88849129806F026FF2B7C002B0E
:107C900001D001F0F2FB6B7C042B01D301F0EFFB70
:107CA00017912C46AD7C0A2D01D301F0EDFB324635
:107CB0000C26754378215943C06A40184019114673
:107CC0001392324618F03AF917990868401C086078
:107CD000607C1790A07C1590207C14901CADE81C53
:107CE0001399324618F02FF90120189E3071204662
:107CF00025300F22294618F026F91498B0751598EA
:107D00007075179830755F48119948612546109B2A
:107D10001898001D19460EF0C9FF002800D17FE118
:107D2000042447E061480FF04EFF5648119908605F
:107D30000620169D2874109B2846103019460EF018
:107D4000B5FF002800D16BE1052433E03346747899
:107D5000601EC0B20528204600D30020010600297D
:107D600000D00446169D00D150E1E0B20026012467
:107D7000052800D179E1022801D001F05AFB587999
:107D800019799A78DB7809242C743E4C119E346062
:107D90001B029A18090400064018801800BA68618E
:107DA000109B2846103019460EF080FF002800D1A5
:107DB00036E10324012601F03CFB3046F678857855
:107DC0001795447818943A49129806F085FE149154
:107DD000816AC26A0094280233041B1819AC204639
:107DE00001F0A8FC14990868401C0860204611F0B6
:107DF00007FE05462F480FF0DBFE284612F05CF820
:107E00002D4C1798A0473046A0471898A0470FF070
:107E1000BFFF04210622294B159806F0C9FE2A4609
:107E200008F0F0F97CE0264878E0C04668280210A7
:107E3000250000007478601EC0B20528204600D3DB
:107E400000200106002900D00446169D00D1DFE085
:107E5000E0B2401E0026012403A14000085A400061
:107E60008744C046782802103000FD030904F4035B
:107E7000E70AC0468828021098280210A828021095
:107E8000B8280210383500201600000028280210FB
:107E90003828021058280210D8280210E8280210AA
:107EA0002300000005830110182802104E00000076
:107EB000F827021017000000997B01100828021013
:107EC0003600000010F020F91890179102210622C8
:107ED000F64B159806F06CFE054615917D20C20004
:107EE000002618981799334618F03AFB02462846A0
:107EF000169D1599BBE301241598447001F097FA7B
:107F0000EB480BE0EB4809E0EB4807E015981499C3
:107F10004170EA4802E0EA4800E0EA480FF053FE08
:107F20000026012401F084FA304671781391B67866
:107F3000C57804208E90E449129806F0DDFD099181
:107F4000002429942594239401210E912091C26A42
:107F500068082C9021920F2149011891179251180D
:107F60001491229120A90891002801D100F050FD20
:107F70003102139A891809BA490C089A13461C331E
:107F800013931346143307930C3212922B94401E12
:107F9000119000294BD027944D1E0E980202179E77
:107FA0001146E031A14200D1DAE014980019249082
:107FB00030192390139829461546129AF9F71CF99F
:107FC0002A460D46C1071419E03430190029E7D0BC
:107FD0002190D6E0DB480FF0EBFDDB480FF0C2FD4F
:107FE000DA480FF0BFFD2024169D159E402C04D0CA
:107FF000305D0FF0C0FD641CF8E70FF0C9FEFF20F4
:1080000030700DE0FF201599087089E7EF4800E017
:10801000EF480FF0CDFD204610F074F90FF0B8FED8
:108020000026012401F005FA0E9200F058FC8EA8FB
:108030009E90159E9D9600202790219C002C00D19B
:10804000FCE0229DAC4200D1F8E02394189824185B
:10805000249421949DA81399119A129BF9F732F94F
:108060001191C007EED100F0D3FCE4480FF0ABFD56
:1080700001F0DFF92190002623962598002801D1F0
:1080800000F084FC14982946089AF9F7B5F8C0075F
:1080900001D100F07AFC259C279812902899401A6B
:1080A000424242411092249A26980B90229D209899
:1080B0000E902198239E05910C910D940492179097
:1080C0003346079403900146204602963446129E9A
:1080D000002E11900AD00C3600200F901098C00787
:1080E000002800D10F9603D100F0EDFB00200F9087
:1080F0000E98002800D1F1E220460E46002806D056
:10810000044678340023904200D023461ED1002E2E
:1081100008D0AE4208D0189832181792334611464C
:108120003046EAE7002100E03146119E002E00D1E2
:1081300084E234467834129400240B988642304608
:108140000D9401D0129E0D9603D177E23146119E17
:108150001296064678300C90002010901298B7E7DF
:108160002190002623962598002801D100F032FCAA
:1081700013982946079AF9F73FF8C00701D100F094
:1081800028FC259E279810902899401A4242424187
:108190000F92249A26980A90229D20980C9021985C
:1081A000239C05910B910D960492179023460696F9
:1081B00014960390014602942646109C002C0E98BB
:1081C00000D00F98C00700D1A5E20C98002800D17C
:1081D000BBE230460C46002806D00646783600231F
:1081E000904200D033461ED1002C08D0AC4208D0BB
:1081F000189822181792234611462046EAE70021D4
:1082000000E02146149C002C00D11BE2783410942D
:1082100000260A98149C844214980D9601D0109C54
:108220000D9403D10EE22146149C1094044678303C
:108230000B9000200F9010981490BFE70024239417
:108240002598002809D09DA81399119A079BF9F742
:1082500039F81191012800D0DAE32594A5E2159EA2
:10826000701C1F21FF221790189217F065FD002047
:10827000119030706878A9780902081816F0B8FFD4
:1082800080B201461239092900D99CE2159E4900A5
:108290007944898849008F441900A605010901091C
:1082A000B805900501090109F805CA05B8270210AB
:1082B00038000000370000003500000042000000D8
:1082C0003F00000043000000C82802104C491298EB
:1082D00006F012FC006B4B4A845A0868401E086086
:1082E00001210322484B00F08BFD68781899087132
:1082F000A8784871E87888714449129806F0ECFB38
:108300000868401C086001F08CF81192F720C14306
:1083100068780246FF3A8A4200D30720072800D136
:10832000FF20062801D900F07BFC02A14000085A7A
:10833000400087440D0097048F035C0473033805E5
:108340003A05C04628000000020000000D000000B1
:1083500001201599C877002088700820487000F027
:10836000A5FD2021FF22159D284617F0E5FC0D985C
:10837000017D297001F0C6F868700F9801694069A5
:10838000420000239A4201D101F04BF8981C1E2BA9
:1083900001D101F066F8EB180C789C704C78DC7019
:1083A000891C0346EEE7119210936878A9780902B8
:1083B000081816F01DFF80B201461239092900D9AC
:1083C00013E2880003A10858119A8746850000002F
:1083D0008400000011840010B98E00109D940010DC
:1083E0009D940010FB8E0010658E00109D9400106F
:1083F0009D940010F58F00109B8F00104F0000001F
:10840000982A02101C050000A82A021088290210D0
:10841000E878297909020C18F6491298154606F0F1
:108420005BFB109B006BF44A84520868401C086098
:108430001698C484F54868610F2018990871189837
:10844000001D19460EF032FC002801D100F0E9FFB2
:10845000062000F0E1FFEE49129806F04DFB086897
:10846000401E086000F0A4FC2220159C205C400106
:10847000214622314978490308180F9AD168814270
:1084800001D800F0CEFF9268034620338B4200D320
:108490000B461118181A0022202A01D100F0E5FF1E
:1084A0008B5CA354521C9042F6D100F0BAFF00211D
:1084B0000422D84B159806F07BFB0F9AD26807F080
:1084C000F9FE00F0AEFF0D9801F032F800F0A9FFC0
:1084D0000D9C204601F02CF8207D159D287020462B
:1084E00001F010F86870E168002900D1E3E1080AA2
:1084F00001D000F0ABFF129148000D998C68201854
:108500001890086917901898844200D1D8E01798FD
:10851000C14906F0F1FA0E46A51C2178032902D8BC
:1085200062780A2A03D3BD480FF04DFB0AE03C30C5
:108530000723134009011143C9B2C908405CD84060
:10854000C00704D13068401E30602C46DBE730683D
:10855000401E30601298401E12902C46D3E7202116
:10856000FF22159E304617F0E7FB6878A9780902CC
:108570000818092801D300F054FF00210224A84B59
:10858000A84D30462246A847A74B224698470425C7
:10859000A64B304621462A46A24CA0470624224636
:1085A000A14B9847A24B3046294622469D4DA847ED
:1085B00007229D4B984708259E4B304621462A4668
:1085C000984CA04712221892974B984734460A2697
:1085D000994B204629463246924DA8471322924B8A
:1085E00098470C25954B204631462A468D4EB0477C
:1085F00016228D4B98470E26914B2046294632462F
:10860000884DA8471722884B984710258D4B204648
:1086100031462A46834EB0471A22834EB0478A4BD2
:1086200020462946189A7F4CA0471B22B04700F0ED
:10863000F8FE00200D99087500F0F3FE0C990D98D6
:10864000179C50E00B990D98179C83E0022106229D
:108650007E4B159806F0ACFA0124224607E0022171
:1086600006227B4B159806F0A3FA0026324607F047
:10867000E1FD00F0DEFE2C200F99085C002801D1FE
:1086800000F0D7FE086B734906F036FA1891022500
:108690002295082121913C30209020A80BF09EFBD0
:1086A000002800D16BE1401E0029F6D0202D05D016
:1086B000425C159B5A55491E6D1CF5E7149DECE76D
:1086C00012990806159C00D0FAE00D99487D002209
:1086D000012801D1012088821146F1E0079805990F
:1086E000049A039C029B23930F9B27932891259028
:1086F0002492219429980028099C00D165E1014623
:108700000C3100222A9B984200D00A462992069AF0
:1087100000D0E4E059E123930B9828900D98259020
:108720002492179821900C3427948EA99E91159E1F
:108730009D963046119A139BF8F796FD11910128EA
:1087400000D065E120980C901BE006980599049AEA
:10875000039C029B2891259024922194239329988D
:10876000002800D154E101460C3100222A9B984296
:1087700000D00A46299200D14AE18EA89E90159E0B
:108780009D96002027900C9800280ED02398002852
:1087900000D152E49DA81399119A129BF8F792FD0B
:1087A0001191012800D148E432E100202790299856
:1087B000002800D12CE1089B24338EA93046119A61
:1087C000F8F752FD24E1189A159D400078448088FE
:1087D000400087440700630643046306630663069C
:1087E0009704CE032A7000F01CFE04A14000085A32
:1087F00040008744682B02101C0500001606530633
:108800003100530653065306DD04AB04383500200F
:108810007829021068290210282D02104500000056
:10882000A8290210B1EB001089020110B82902102A
:10883000C8290210D8290210E8290210F8290210CC
:10884000082A0210182A0210282A0210E82702100B
:10885000C8270210D8270210E878297909020C18D5
:10886000A0B27D21CA0000210B4617F004FA05468C
:108870000E46EC49129806F02FF9109B006B11225E
:1088800052018550801846600868401C08601698A0
:10889000C484E548119948610D2018990871189809
:1088A000001D19460EF002FA002801D100F0B9FDB2
:1088B000032000F0B1FD2C46DC480FF084F90121C3
:1088C000A17000F0AEFD23930F9827900C9828908C
:1088D0000D9825902492179821900022099C2046FB
:1088E00030300025A3958EA9A2916DA9A19160A910
:1088F000A0917CA99F9115999E919D90002A07D1E6
:108900009DA81499F8F79EFB00285ED120980E9040
:1089100027950E98002828D02398002806D09DA8D7
:108920001499139AF8F783FC00284ED1219C002C4F
:108930000FD0229EB4420CD023941898241824946B
:1089400021949DA81499139AF8F771FC0028F1D08E
:108950003BE023952598002806D09DA81499089AF5
:10896000F8F765FC002830D125952795299800282F
:108970002BD0099924319DA8F8F764FB25E01899BC
:108980000868401E086000F053FD0D460796299CBC
:10899000002C13D02A98001B0C210E4617F038FB30
:1089A0008542294600D301464E43A21985422992A9
:1089B000079C204601D8FFF770FB6D1A002429940C
:1089C000002D204601D1FFF768FB0A990868401C7A
:1089D00021E00D46299C002C13D02A98001B0C2165
:1089E000179117F015FB8542294600D30146179AC7
:1089F0004A43A21885422992304601D8FFF7C3FBAB
:108A00006D1A00262996002D304601D1FFF7BBFBD9
:108A100009990868401E0860FFF782FA1093002445
:108A200015980470AD788249129806F055F8072D14
:108A300000D965E40E960D91129515992031179184
:108A4000006B0C907B49302C00D1DEE37CA80153F5
:108A50000C34F8E710930021159811910170AD784E
:108A60007549129806F038F8006B8D229400005971
:108A70000A68521C0A601895A84201D800F0D1FC7F
:108A80000E966E49129806F027F80D91056B0F941B
:108A900028591899884261D92420159C205C2146C8
:108AA000243149780902091861A80990644EB04739
:108AB0002620205C2146263149780902091864A83D
:108AC0000C90B0472820205C2146283149780902C3
:108AD000091867A80890B0472A20205C21462A314F
:108AE0004978090209186AA80A90B0472C20205C2E
:108AF0000B903820189948432D1807952C3460782E
:108B00001590504E0998B04702464720C000099082
:108B10002D1802214C4C2846A0470898B047024621
:108B200004212846A0470C98B04702460321284656
:108B3000A0470A98B047024605212846A047079E4D
:108B4000099BF05841490140159800020B9A801882
:108B50003F4A0240100408188018F0500D9E3068FB
:108B6000401C30603B49129805F0C6FF0C46006B74
:108B70000F994158189A9142169D0CD93821189A8C
:108B8000514340184721C90041182846283007F0B2
:108B9000BDFB01201190119868622068401E206082
:108BA000686A012801D000F03CFC6DACA01C169D49
:108BB00029462831382217F0C6F918980E9E707091
:108BC00005203070284662303A22214617F0BBF962
:108BD000154817990860109B304619460EF066F844
:108BE000002801D100F01DFC0C2000F015FC002035
:108BF000159E3070AC781849129805F07DFF0D462F
:108C0000072C09D844216143006B42180948801D94
:108C10001188814200D051E301210B220F4B1EE34A
:108C20000F48C3E0282B0210383500204600000012
:108C3000D82C02106F080000682C0210782C02104B
:108C40001D9C0110096F011021A0011000C000C07F
:108C5000FF3F0000882C0210982C0210C82C021034
:108C60003B0000000020159E3070AC78FA49129845
:108C700005F042FF0D46006B8D2189004158A1424D
:108C800000D8E9E217953821614340184721C9000F
:108C9000441801210322FB4B304605F089FF0546AD
:108CA0000E4602211894204611F03AFA81B2F64C91
:108CB000A142214604D09DA94880000C8880A11CB7
:108CC0009DA8018010F09CFE02462846314607F020
:108CD000DBFA03260522ED4B1598314605F068FFB7
:108CE00012900D461898314611F01AFA81B2A1423D
:108CF000214604D09DA94880000C8880A11C9DA815
:108D0000018010F07DFE02461298294607F0BCFA59
:108D100005210722DE4B159805F04AFF06460D4651
:108D20000421189811F0FCF981B2A142214604D027
:108D30009DA94880000C8880A11C9DA8018010F08E
:108D40005FFE02463046294607F09EFA07210922B7
:108D5000D04B159805F02CFF06460D4605211898B6
:108D600011F0DEF981B2A14204D09DA94880000C27
:108D70008880A41C9DA8048010F042FE0246304664
:108D8000294607F081FA1898048809210B22C24B62
:108D9000159805F00DFFC14A224000D1FA2207F0D4
:108DA00073FA179D60E2BE4800E0BE480EF00BFF6C
:108DB0002021159817F0CCF833E3BB49129805F041
:108DC0009BFE006B232212018058800FC000B74A1F
:108DD000C240D0B2012826D10120179A107008682D
:108DE000401EFFF78FFAB249129805F085FE006B1E
:108DF000B04A845A0868401E086001210322AE4B25
:108E0000304605F0D5FE22469DE1AC49129805F0AA
:108E100073FE006B232212018058800FC000A34A0A
:108E2000C2401006D8D00868401E086040E0A4493F
:108E3000129805F061FE006BE200835818938018C9
:108E400045680868401E0860012103229D4B30469A
:108E500005F0AEFE06460C467D20C20000231898A1
:108E600029466BE1EE789849129805F045FE006BB3
:108E70002322150144590868401E08609348012EBA
:108E800000D00DE20121C907AAE29149129805F02C
:108E900033FE006B2322120180580A68521E0A60BA
:108EA000C0430004800F03D1012017990870B8E275
:108EB000179811990170B4E2E878297909020C1821
:108EC00084491298154605F007FE109B006B824AF4
:108ED00084520868401C08601698C4847F48686102
:108EE0001020189908711898001D19460DF0DEFE23
:108EF000002800D195E207208EE2ED78784912989B
:108F000005F0FAFD006B2322140100590A68521E75
:108F10000A60810FCA006549D140CBB25E1E724221
:108F20007241002B00D10221012D00D00A46910789
:108F3000664A891810400818451C6A49129805F0BD
:108F4000CBFD006B05510868401C086016988562CF
:108F5000624811994861122018990871109B18985D
:108F6000001D19460DF0A2FE002800D159E208208C
:108F700052E25D49129805F0BFFD006B23221201F9
:108F800084580868401E086001210322574B284678
:108F900005F00EFE414A2240D5E0E8782979090221
:108FA0000E18B0B27D21CA0000210B4616F063FEF8
:108FB000054617914E49129805F08EFD109B006BE7
:108FC000E20085508018179A42600868401C0860CB
:108FD0001698C68441481199486111201899087162
:108FE0001898001D19460DF061FE002800D118E206
:108FF0000B2011E23F49129805F07EFD006B232201
:10900000140100590A68521E0A6003218903EA7894
:10901000012A0A4601D00122D20388431518364995
:10902000129805F059FD006B05510868401C086056
:10903000169885622948119948611220189908717B
:10904000109B1898001D19460DF030FE002800D125
:10905000E7E10A20E0E1C046F82B02102749129808
:1090600005F04AFD006B11225201835818938018B5
:10907000406817900868401E086001210322204BB9
:10908000284652E0082C02106F080000182C02102D
:10909000282C0210382C0210482C0210FF3F000030
:1090A000390000003A000000E82A02100300010223
:1090B000B82A02101C050000C82A0210D82A021083
:1090C000082B0210182B0210A82B0210FFFFFF3FE5
:1090D000F82A0210782B02101E05000038350020F7
:1090E000882B0210982B0210782A0210882A02106E
:1090F000E82B0210C82B0210D82B0210382A0210BD
:10910000482A0210F549129805F0F6FC006B01267A
:10911000B202835818938018406817900868401E60
:1091200008600322EE4B2846314605F041FD064615
:109130000C467D20C20000231898179917F010FAEA
:1091400002463046214607F09FF86AE1E87817901A
:109150002D79DE49129E304605F0CEFC006B2322AD
:10916000140100590A68521E0A60A906890C179A50
:109170008918D74A02408D18D649304605F0ACFC14
:10918000109B006B05510868401C086016988562AA
:10919000C848119948611220189908711898001D43
:1091A00019460DF083FD002800D13AE1042033E197
:1091B000E878297909020C18A0B27D21CA000021A3
:1091C0000B4616F058FD05460E46C349129805F0A9
:1091D00083FC109B006B0122920285508018466030
:1091E0000868401C08601698C484B2481199486108
:1091F0000E20189908711898001D19460DF056FD9B
:10920000002800D10DE1052006E100240F94600044
:10921000851D042C2CD0A91E17982A46A34B05F0B7
:10922000B8FC07F01FF8014688AE304610F0F6FC97
:10923000AD1C641C30889C498842EAD00F9E042EE5
:1092400000D1FCE00C2070437CA9081888A92CC927
:109250002CC0761C0F96DAE701210B22984B304682
:1092600005F0A6FC16F074FE2868401E2860D8E0C1
:109270002C201599085C2C314978090209188BA813
:1092800010F0CCFC0B20C443894D242C4CD00C3462
:109290007CA80019294615F05BFE0028F5D14CE0AA
:1092A000A10FCA008749D140CAB2032A00D192E077
:1092B000012A00D091E00321890791E0119503254F
:1092C000109214460B2D159817D0A91E2A467A4BDA
:1092D00005F06EFC179012919DA801462246189445
:1092E00058CA58C1189C10F08BFB02461798129967
:1092F00006F0CAFF0C34AD1CE4E709210B226F4BCA
:1093000005F056FC18900D46109830309DAC214663
:109310004CC84CC1204610F073FB024618982946F1
:1093200006F0B2FF119D9FE78BA8614915F010FE72
:10933000002802D05C48841D0DE07CA80488811CB4
:109340008EAD2E22284616F0FEFD2E358BA90C225E
:10935000284616F0F8FD4420129948430C9E3452DA
:109360003518A81C8EA93A2216F0EDFD40200026E3
:109370002E523C2017902E549DAD7CA930222846B9
:1093800016F0E1FD0D990868401C08602846303051
:109390008BA91CC91CC020ACA01C2946179A16F02A
:1093A000D2FD18991298487103200871169826303A
:1093B0003E22214616F0C7FD0E9806713D481199D0
:1093C0004861109B1898001D19460DF06FFC00288D
:1093D00027D00D2020E0002102E089074118491C18
:1093E00004400C433849129805F076FB006B445159
:1093F0000868401C0860169884622E4811994861DC
:10940000122018990871109B1898001D19460DF02C
:109410004DFC002805D00920149908700724012666
:1094200006E0012414980470139805F061F80026F2
:10943000169D2C733046FE1F053EB546F0BD0D99B6
:10944000FEF75EFF18462C4B0EF0C4F9254800903D
:1094500025482B21ACAA254B0EF0D4FA11480EF06A
:10946000FFFA2021224A0EF0FBF92020214A014672
:109470000EF0F6F90A480EF0F3FA012100E004219B
:109480001F4A18460EF0ECF90A211D4A28460EF034
:10949000E7F91A480EF097FB10F0D6F9FEDEC04649
:1094A000F82C0210F82802106F080000E82C0210B7
:1094B0003046021038350020B82C0210A82C0210BB
:1094C000582C021003000102B82B0210482B021086
:1094D00000C0FFFF582B0210382B0210582A021030
:1094E000682A0210182D02108037021070370210FF
:1094F00098290210082D021048280210340000009C
:10950000F82E0210D0B502AF0446006861680FF073
:1095100015F80022054B181A1046884101D26275D1
:1095200000E0627D01201040D0BDC046A086010051
:10953000D0B502AF0446012060750EF0E5FD03C40E
:10954000D0BDF8B504AF0C460646C17820460AF0F7
:10955000CDFBC0B20225102812D1B17820460AF006
:10956000C5FBC0B210280BD10020305EC2134100F1
:10957000514020460AF09EFBC5B2102D00D00225B6
:109580002846F8BDF0B503AF89B005460079002440
:109590002146F7F799FA2A480068039029490220E2
:1095A00005900860284A1069029010680190012314
:1095B0005E04264806960660281D049007909B06C8
:1095C000234D042C09D007AE36593678F606B60D71
:1095D0001E431661D560241DF3E7029810610198BF
:1095E0001060039884071B4E0C4600D5344605983E
:1095F0002060134C24680394086014690294146872
:109600000194069C114E3460049C08940026042E9C
:109610000BD008ACA4592478E406A40D1C431461B3
:109620002C467F34D460361DF1E7029B1361019B09
:109630001360039A920700D50649086009B0F0BD8F
:109640000000205000302050E4002050E430205032
:1096500001E0000000202050F0B503AF89B0304990
:10966000096803912F4A012111602F4B1C69029454
:109670001C6801944C042D4D05942C600690001D2F
:1096800004900790072044038D06002004280BD087
:1096900007AE36583678F606B60D2E431E612646BE
:1096A0008136DE60001DF1E70298186101981860AC
:1096B0000398C0071E4E104600D03046016018487F
:1096C000006803901160186902901868019005986D
:1096D000164E3060049808900020042809D008AE87
:1096E00036583678F606B60D2E431E61DC60001D36
:1096F000F3E702981861019818600398C00700D03A
:109700000B4A116006994879002801D1042000E035
:109710000620085C0321F7F7D7F909B0F0BDC04671
:109720000000205000302050CC002050CC30205081
:1097300000202050B0B502AFDC07BC6806D000297D
:1097400001D0002C25D117490180B0BD002C16D1C5
:10975000190ACDB2042D14D2FF21090419400C0CB2
:109760007F2149041940490C05290FD20C2161437E
:1097700078236B43D21851181CC91CC0B0BD0121FD
:1097800005E00421054A28460EF06AF80A21034A3A
:1097900001E00121024A20460EF062F8D82E0210A4
:1097A000E82E02106F080000D0B502AF0C46090683
:1097B0000BD009480EF0FCF920460EF0A3FD012065
:1097C0000EF0EAF90EF0E4FAD0BD5B21012242541A
:1097D00000F01EF8D0BDC04648000000D0B502AF72
:1097E0000C4609060BD009480EF0E2F920460EF0AF
:1097F00089FD01200EF0D0F90EF0CAFAD0BD5B2130
:109800000022425400F004F8D0BDC04647000000DA
:10981000DFB506AF0446A320C000216B0A5C012A15
:109820000DD109184878002814D15B20205C00284D
:1098300002D08878002815D1C87800280ED120469B
:1098400000F01CF869460C4A0A808870A06B10F082
:1098500077FCDFBD0121054A0EF002F80121054A1F
:109860000DF0FEFF0121024A0DF0FAFF282F021031
:10987000382F0210482F021077080000B0B502AF51
:1098800002465A20105CC0B24142414113465A334D
:109890005C780C430F214901D26A5518094BE40743
:1098A000AA4206D0ED18954204D1002C1546F7D0F7
:1098B0000020B0BDA81A16F0ABFB0121024A0DF042
:1098C000CFFFC04620FEFFFF582F0210F0B503AFB8
:1098D00089B00446100E0390100C160A08915A31F4
:1098E0000792D30706D00294F2070BD04B48029997
:1098F000088067E00306F50746D008780790039DC7
:10990000089853E00C22039B5A43C3B27820069375
:109910005843089BDD6A2818801805900878C0B263
:1099200042424241497811430F20400101902818DA
:10993000052252060492344CCE078542D6D0001937
:10994000A84241D1002E2846F7D00698042843D2D9
:1099500004980799814244D205982E4915F0F8FAE7
:10996000002828460899E8D107980002800E46D1C1
:109970000A20069A504308180021039A8154029B3A
:10998000059C07CC07C31DE00294C0B29D0E2DD1EB
:10999000079A540E052C039D2CD20A2444430898A0
:1099A0000419625D079209786155029CF1B21A0CA4
:1099B00089182A048B18816AC26A07980090204689
:1099C000FFF7B8FE09B0F0BD401B019916F020FB6F
:1099D00001210E4A0DF044FF04210D4A06980DF0B6
:1099E0003FFF0A210A4A03980DF03AFF0421054A75
:1099F0000DF036FF0A21034A28460DF031FF0421FD
:109A0000054AEBE7682F021020FEFFFF782F0210B7
:109A1000882F0210982F0210182F02106F080000D4
:109A200080B500AF017B0A224A43817B28234B4348
:109A30009918407B081801210903401880BDD4D42F
:109A4000BFB506AF0468032C01D8052100E0211F33
:109A50007944097949008F44031E1A1C12202F00F3
:109A6000007901A90870029125480EF0A1F8254857
:109A70000EF078F802A824490EF0B2F82EE04468FF
:109A80001B480EF095F820460EF086F826E01A489E
:109A900013E0184811E019480FE0456812480EF02D
:109AA00087F812480EF05EF87C4424796400A744DD
:109AB0000112070900200FE00A480EF084F8BFBD2C
:109AC000022009E003200EF056F8039503A80421B4
:109AD0000EF08EF902E001200EF04DF80EF058F96C
:109AE000BFBDC0468600000088000000C600000020
:109AF0007A0000007900000093000000940000004C
:109B00007F0000000B000000943B0210F8B504AF8A
:109B10000C4A8618B07F012803D0002811D10220FA
:109B20000EE0C8070DD1F47F3068074904F0D4FF78
:109B30000D462146FFF752FE2868401C286003208E
:109B4000B077F8BDC405000024310210FEB506AFA1
:109B50000291164904F0C0FF0191066B08253446B6
:109B6000403430881249884217D0304610F0DCF972
:109B7000002812D0207800280FD13046029905F035
:109B8000AFF8002809D00B480EF012F8304606F066
:109B900031FA0EF0FDF800202080261D6D1EDED16A
:109BA00001990868401C0860FEBDC04634310210AF
:109BB000750800001D000000F0B503AF89B00E4627
:109BC00004462220205C002804D003280CD0404802
:109BD0000DF046FF3F482060206120461830221DCE
:109BE00028C828C200881080237904212171042B01
:109BF0005ED0256838480068C0055BD1049605939F
:109C0000286800285BD1631D2E46B43600200190E1
:109C1000C0432A4601C50295307A0028039312D02A
:109C20001E4604990B6848680490154610460C308F
:109C30001946049A0EF0F7FB06A80922314616F0E1
:109C400082F9059A1CE0049170680A214143154687
:109C500050180599017515300922194616F073F947
:109C60007068401C1028019900D00146716030686E
:109C7000884201D10120307202980EF0C9FB049A8B
:109C8000264622362868401C2860042A09D0227102
:109C900006A914460922039816F055F92246032016
:109CA00000E001203070101F411E884109B0F0BD56
:109CB0000C4800E009480DF086FF0DF0ABFF0848A6
:109CC0000DF076FF06F006FA0EF062F80DF0A2FF36
:109CD00044310210E83B002004ED00E07800000071
:109CE0006900000067000000F0B503AF85B0124BBB
:109CF0000B40E02B16D10F4A8518B922D2008618E6
:109D0000084615F085FA044668782043687001A972
:109D10000A4A0A808870306810F012FA28782043C6
:109D2000287004E08BB2E82B01D201F05BF805B09B
:109D3000F0BDC046EC050000F80F000078080000F8
:109D4000F0B503AF8FB00E46054620200190285C89
:109D500043214901059101210791090208912C46EF
:109D60002034800002A10858099606948746C04610
:109D7000B99D0010219E0010279E001057A40010CE
:109D800087A4001049A2001071A2001095A2001033
:109D9000D1A20010F7A200101DA3001043A30010D1
:109DA00067A3001099A30010B3A3001025A400100E
:109DB000D3A40010F9A3001029686868A860E960BE
:109DC000C90731D166787D4940587D4904F094FE39
:109DD0000391006B8121C900421800200490FF28E4
:109DE00001D8049900E001213306079B00D00B46FF
:109DF000002B05D1115C002900D1761E401CEEE736
:109E0000039A1168491E11600899884203D16D4870
:109E10000DF0D9FE08E0002128616961099E0AE081
:109E200069480DF01DFEFEDE002007900120207025
:109E300007980FB0F0BDA86860494058634904F026
:109E40005BFE2B696A69D318FE2B29D80292039115
:109E5000006BC0188121C900425C002A23D0012A6E
:109E600026D142185078461E0020062E014600D901
:109E7000B6E176007E44B6887600B744CB00D400C5
:109E8000AB00B40006000600060051480DF09BFE32
:109E9000059C231D029A121D00200490099EA9E131
:109EA000059C2346A7E1059C23460399029AA2E15B
:109EB000083A00210846772A00D991E15200C046AD
:109EC0007A449288520097447700250115018B014E
:109ED0008B018B018B018B018B018B018B018B0122
:109EE0008B018B018B018B018B018B018B01360167
:109EF0008B018B018B018B013A011B012701290189
:109F000046013E0103011D011101FB002E0130013C
:109F10004C014801F70013015401F9000F01010140
:109F20002101FD00620160010B01170134011901DB
:109F30006A0105014A016801F1003C01EF00EB00F4
:109F40000D0123015201DF00F3002C0138016C01E7
:109F50003201E700E10078016601E50040015001AF
:109F6000E3005E015601800170017A0158015A0137
:109F7000FF006401D3006E0174011F017C015C01CC
:109F8000D700F5004201DB008201D1000901C900C0
:109F9000CD00ED004401D500E900C70076010701BE
:109FA000D9004E01CB008401C500CF00DD00C30005
:109FB0007E018601720189012A2110E1C405000099
:109FC00064310210870000007431021084310210E5
:109FD00054000000FE2B099E28D0907815F03EF822
:109FE000059CE31C2FE0FD2B099E22D290780121D5
:109FF0000128059C00D80846D278012A00D80A46D4
:10A00000FF214A431018C94340180490231D029AA7
:10A01000121DEFE0FE2B099E08D0907815F01EF877
:10A02000059C631C0FE0FE2B099E07D1029AD21CEF
:10A0300001E0029A121D059C2346DBE0907815F0A2
:10A040000DF8059CA31C029AD21C80B20490D1E0AA
:10A050002F21C1E01B21C2E01421C0E00E21BEE08F
:10A060001921BCE00F21BAE01C21B8E00C21B6E0B8
:10A070002321B1E01221B2E00721B0E01721AEE0C8
:10A080000A21ACE01D21AAE00A21A5E01121A3E0EC
:10A090001721A1E014219FE010219DE013219EE0F3
:10A0A000062199E010219AE0052195E01F2193E017
:10A0B0000B2191E0082192E0372190E01E218EE0F3
:10A0C000272189E022218AE0312188E0002026E052
:10A0D000242181E02E2182E0162180E00D217EE006
:10A0E00025217CE0072177E01F2178E0262173E01D
:10A0F000382174E0282172E0262170E033216EE0DF
:10A100001E2169E034216AE0042168E0212166E033
:10A11000082161E02B2162E034215DE0079801997C
:10A120005EE00C2158E0252156E02E2154E00F215D
:10A1300052E0332150E0292151E00D214CE02C2147
:10A140004DE0042148E0222146E0152144E00921A8
:10A1500045E0112143E021213EE02D213FE0372160
:10A160003AE036213BE0182139E0162134E009219C
:10A1700032E0272133E019212EE01D212CE02F2190
:10A180002DE006212BE0182126E0242127E02321C1
:10A1900025E0302123E013211EE038211CE0362188
:10A1A0001AE00E2118E02D2116E01B2114E03521C4
:10A1B00012E0352113E0152111E012210CE01C21E1
:10A1C0000AE005210BE0312106E01A2104E00B2111
:10A1D00005E01A2103E03021079801E04C2100201E
:10A1E000FF22049B93431B180493029A521C099E5E
:10A1F000059C0B460399AA610868401E0860601E12
:10A200008342069C50D9BD48181880B24000C04611
:10A210007844808840008744510105000E012701E1
:10A22000F90047000498A883A868BD21C90000264A
:10A230004654EA68A98BA868FFF756FD0120A07272
:10A240006672099EA868686228462430314603F089
:10A2500057FE002800D02DE17D2002010AA800232E
:10A260000EF054F90C980A990B9AA962EA622074CC
:10A270002846283031460EF089F9002800D017E131
:10A28000A868EA68A98B00F095FC0020A0726072B3
:10A29000A868686228462430314603F031FE002861
:10A2A00000D18DE00720C2E5EB8301200499014035
:10A2B000A170A968BD22D2008854A968A278904BE9
:10A2C000CA54002A1FD0A07200206072A868686279
:10A2D00028462430314603F013FE0028854A00D07A
:10A2E000DAE00AA800230EF011F90C980A990B9AEB
:10A2F000A962EA6220742846283031460EF046F9F9
:10A30000002800D0CCE0A868EA68E98B00F06AFD7C
:10A310000120A07200206072A8686862284624307C
:10A32000314603F0EDFD002800D0B7E00AA8002375
:10A33000704A0EF0EBF80C980A990B9AA962EA623F
:10A3400020742846283031460EF020F9002800D02D
:10A35000B2E0A868EA68E98B02F062FB0020A07214
:10A360006072A868686228462430314603F0C8FD50
:10A37000002800D098E0A078012821D1A868604981
:10A38000002343540AA85B4A0EF0C0F80C980A99BF
:10A390000B9AA962EA6220742846283031460EF0F2
:10A3A000F5F8002800D081E00020A0726072A86853
:10A3B000686228462430314603F0A2FD002871D19E
:10A3C000AE696E61A8684C4940584E4904F094FB50
:10A3D0000868401E08600898864200D924E57D2060
:10A3E000C2000AA800230EF091F80C980A990B9A63
:10A3F000A962EA622074099E2846283031460EF090
:10A40000C5F8002800D116E5112010E5049882B2A5
:10A410000AA80023F7F783FE0C980A990B9AA96201
:10A42000EA6220742846283031460EF0AFF8002842
:10A43000C6D00F20FBE4A868BD21C9000026465401
:10A44000EA68A8680499FFF74FFC0120A0726672C1
:10A45000099EA868686228462430314603F050FD02
:10A460000028ADD00320E2E4A868BD21C900002681
:10A470004654EA68A868049900F09CFBA6726672CC
:10A48000099EA868686228462430314603F038FDEA
:10A49000002895D00420CAE40820C8E40A20C6E4B5
:10A4A0000920C4E40E20C2E40C20C0E40D20BEE468
:10A4B0000620BCE40520BAE40B20B8E4BD20C100AE
:10A4C000A868415C002900D1AEE40021A17261724C
:10A4D000686228462430314603F012FD002801D07E
:10A4E0001020A4E4A868BD21C900002207924254AC
:10A4F0009CE4C046E02E0000C4050000A0F7FFFF6A
:10A50000E905000094310210F8B504AF0C4641682B
:10A5100009780025C9072DD026463C363179002917
:10A5200028D101683278012A04D1806800787278D5
:10A5300082421FD120460FF0CBFCC00713D007206A
:10A540000140012088407179014371710A480DF082
:10A550002FFB204605F04EFD0DF01AFC20460FF0B3
:10A56000CFFC054606E020460FF0DEFC002801D1B6
:10A570000025B5802846F8BD29000000F0B503AFDE
:10A58000ADB005460446343403466033007F0126EF
:10A590004000C04678448088400087440500EE02B1
:10A5A000F4022100D2029B0011930D910B9603CD72
:10A5B00029606860134808581349083D04F08CFA74
:10A5C0002E460D46717B00290F9436D1B17B0329AD
:10A5D00002D8F27B0A2A22D30C480DF0F4FA2CE0C0
:10A5E00020792A4620320992221D0A920F944000B7
:10A5F00078448088400087440B00C302C602820072
:10A600000902C046C40500001432021044000000D4
:10A6100011930D910B96296A686AAE6A42E03C304C
:10A620000723134001249C4009011143C908425CDF
:10A63000A243347B9C40144344542868401C286047
:10A64000307B00280BD0B468F5680DF05DFD0090FC
:10A650000191012200232046294600F09FFBB068AB
:10A66000F5494058F54904F037FA03460C46F268BC
:10A670003546103630461946FFF728F92068401C49
:10A680002060A868E968EE4A835C29626862AE626D
:10A6900000220F9C2271002B19D0221D0A922A46FB
:10A6A00020320992E8622E636963E3494058E54924
:10A6B00004F022FA0C46FFF7E1F80F994871206880
:10A6C000401E2060087800280ED00C4626E06271FB
:10A6D0000B9E0D992C462034204601F0C9F9002824
:10A6E00000D137E205203AE20020119908702A468D
:10A6F0002C3207CA2A646864A9640B9E0D992C4603
:10A70000403420460D9102F0D3F9002801D00320F7
:10A7100085E10B96204603F0F2FE0F9CE86AC649DD
:10A720004058C94904F0D8F908912946393119919E
:10A730000F941894296B1791016B11200790430116
:10A74000C818169015A80830002211930E95BF4C1A
:10A75000164693422ED08B5B32464432A342119B65
:10A76000F6D08A1815928919FFF7CEFE10901AAC10
:10A7700015A91422204615F0E6FB1B981A9D854268
:10A7800016D008340C94401B442115F041FC0446BB
:10A79000AE492888884208D00C982946FFF7B4FEB5
:10A7A0001099814200D81090FA494435641EF0D1C6
:10A7B0000E9D119B08990868401C08600F9800784E
:10A7C000B3427DD000287BD0109800280B9E00D18A
:10A7D00012E10B966A6BE96A1AA800F0B5FA1D98A7
:10A7E00008901C980C901A9803900DF08DFC029123
:10A7F0002B462C330ECB05931AAB0693143370CA39
:10A8000070C3039AD207002A00D10C9001D102989C
:10A810000890DF4D04914859E34904F06DF90E4664
:10A82000006B079949014258401843680C9D28461F
:10A83000089C21460DF058FE1D911C901B941A9502
:10A84000DA48229005981E906520C000089004996F
:10A85000081806990FF08AFE3068401E30600E9886
:10A86000C06ACB494058D24904F036F90C91056BC7
:10A87000C84A119C002C00D1A3E02E4640362888FF
:10A8800090421AD028460FF04FFB002814D03078A1
:10A89000002811D128460FF033FB109988420BD1C4
:10A8A00011941AAC204629460FF05AFB2188119CBE
:10A8B000B848814200D056E1B64A351D443CD9E73C
:10A8C00000280B9E00D097E0B3480DF071F90F9867
:10A8D0000FF012FDB1480DF045F9286B14F098FA0D
:10A8E0000DF056FA27A8AB490180E86AA8494058FC
:10A8F000AB4904F0F1F8A74B0891016B00240C94CC
:10A9000010911198A0426BD0085B984209D00D19A4
:10A910000E98016B284604F0E3F910999D4B00282E
:10A9200001D14434EDE74020285C0B909D480DF0A8
:10A930003FF9284605F05EFB0DF02AFA0E98016BF0
:10A9400028460FF0C5FAC0070ED04122A85C079038
:10A9500007200140334601268E40FF2070401E46EE
:10A9600007990840A85401E04120285C0C99443420
:10A970000B9A11430C910028864B1099C1D128469F
:10A980004030412100226A54017802700029109958
:10A99000B7D00B9630351AA908464CCD4CC027A825
:10A9A00002887C4B9A4200D0014615AA13460790B4
:10A9B00061C961C3079D0BCA0BC50B9E754B1099EE
:10A9C0009FE711460C9B1868401C186091420E9D31
:10A9D0003ED101200A990870002011900B9E90E052
:10A9E00008990868401C08600C98C0070E9D03D0A9
:10A9F00027A8811C048876E000200F9908772A4652
:10AA00002C3207CA2A646864A9640D992C46403424
:10AA100020460D9100F0F4F8002803D004200A9994
:10AA200008706CE0204603F04BFD286B811C048805
:10AA30000020119058E0C046C405000024320210E6
:10AA4000EA050000B4310210D4310210750800008C
:10AA50001091E86A0899435811930026465041180E
:10AA60000C913521090141183446119BA3420AD0AB
:10AA7000641C0A882831474B9B1F9BB29A42454A67
:10AA8000F3D1012600E0119C2821614308183321ED
:10AA9000090145181198A04212D0288C911F89B243
:10AAA000884201D1761C08E02720C0437043281853
:10AAB0002822294615F047FA364A2835641CE9E76A
:10AAC00011981D901C961B900C981A901AA803F0D0
:10AAD0005AFC0E9DE86A296B2D4A8058FFF736F81C
:10AAE00024A9109C0B9E11962AA80A2215F02BFA75
:10AAF0000A9806702748401C8442224601D1032050
:10AB00002DE02AA812A914460CC80CC100880880A0
:10AB1000099803F0A9FC1F4884421ED02C842846C3
:10AB2000223012A90A2215F00EFA00200F9948755A
:10AB300011980875A868E968296368630998A8638B
:10AB40000D992C463034204600F092FF002801D0A9
:10AB5000042004E0204603F0C2FC002601202877F0
:10AB600030462DB0F0BD1AA80C46811C24A80A223C
:10AB700015F0E9F92146074A24E704480CF070FF74
:10AB800001480CF06DFFFEDEC431021034320210B9
:10AB9000C4050000750800001B000000C300000091
:10ABA000043202102B000000E43102106F08000094
:10ABB000F4310210BFB506AF0F4B0B40E02B12D1A2
:10ABC0000C4A8418B922D2008518084614F020FBDC
:10ABD0002278824322706946084808808A70286873
:10ABE0000FF0AEFABFBD8BB2E82B01D201F018FF17
:10ABF000BFBDC046ED050000F80F0000780800005A
:10AC0000F0B503AF87B00E460446383021465831C0
:10AC10000291217C012201920396C0467944097970
:10AC200049008F44021B1E0A7A000021017007CCE4
:10AC300021600C3C2346183307C3254618352846A7
:10AC4000314601F035FF002802D00321019809E0C8
:10AC5000284603F054FC0020606106E037480CF001
:10AC6000FFFEFEDE217407B0F0BD6521CA00E16879
:10AC70008D18334A8A18059228230693434304917A
:10AC80005B18352636019B192B492E68B04206D237
:10AC90001A888A421ED0401C60612833F5E7059867
:10ACA0000068284903F018FF006B0822224B9B1D07
:10ACB000058840309D4204D00378002B01D1002349
:10ACC0000380001D521EF1D10868401C086000205E
:10ACD0000121C7E7069A504333210B010499C91893
:10ACE0000591091804912046183015F02CF9069AA0
:10ACF0005643059881192839049814F081FF286873
:10AD0000401E286020462C300021029A1180E16804
:10AD1000A26A22646164A064039E254640352846E9
:10AD2000314600F0A5FE002804D1284603F0D7FBE9
:10AD300060699AE7042189E76F080000D4320210A5
:10AD4000C4050000E4320210D0B502AFD30514D41C
:10AD5000130E540E042C14D8120CD4B2042C15D299
:10AD60009A01891822018B5889184A688C68C96829
:10AD7000036042608460C160D0BD00210160416019
:10AD8000D0BD0A21044A18460CF06AFD0421024A8B
:10AD900020460CF065FDC046F4320210F8B504AF51
:10ADA000CC0511D40D0E4C0E042C0ED8090CCCB2CF
:10ADB000042C0FD2F968BE68AD014019240102517C
:10ADC000001943608660C160F8BD0A21044A284624
:10ADD0000CF046FD0421024A20460CF041FDC0461D
:10ADE00004330210F0B503AF87B0019103920692CD
:10ADF000312109010490441806A8401C0590002642
:10AE000018250294002D0CD02078022805D0611C52
:10AE1000059805F084FA002815D1241D2D1F761CF5
:10AE2000F0E7B720C000049908180B21C943002699
:10AE3000002915D042189289002A02D0891C761C5C
:10AE4000F6E7710006E0062E0CD27000049908188F
:10AE5000B721C900019A4252B0000399029A1150D9
:10AE600007B0F0BD0621024A30460CF0F9FCC0469E
:10AE700064330210F0B503AF8DB007910446054668
:10AE800019350346393306465C36007D4000C0461E
:10AE90007844808840008744090020054C056800FC
:10AEA00082003000A2009900AE004C000593A0681B
:10AEB000E26805C4A4494318083C0494618AA34C81
:10AEC0000C19A4B2022C00D3A2E0072000027730B4
:10AED00001268142314600D00221186802F0F4FFB9
:10AEE000049C206898494058994903F0F5FD08688A
:10AEF000401C0860002500F089FD204618300690AF
:10AF0000059318784000C046784480884000874404
:10AF10000700FC0410050401B30414012F055405B7
:10AF2000E18E0846CD3880B2132800D22EE10022EF
:10AF30002DE1687AC00701D000F0D8FC0935207EE9
:10AF4000C00700D111E1E069218C824A914200D111
:10AF500006E1814A914200D1F2E07522120191424C
:10AF600000D002E17D490122ECE019461931587EFA
:10AF7000002872D0032801D000F0BEFC06912E46B6
:10AF80000F36E87B4000C046784480884000874404
:10AF90000400B904D0047D018D01206A6BE12E46C6
:10AFA0000936687A4000C04678448088400087446B
:10AFB0000400A604C004AC01BA01218C0846A538DF
:10AFC00080B2022800D9B9E1E0698EE1687AC00751
:10AFD00001D000F08EFC0120687200F0FAFC1846E7
:10AFE00015300690587D002842D0032800D182E019
:10AFF000F0480CF035FD04942046183034461634E1
:10B00000B17D002949D003295DD0EB480CF028FD23
:10B01000032424020694792900D1B2E0E74B994237
:10B02000049C00D1A5E0F24B994200D0ABE0002592
:10B03000D10701D100F0E1FC0699441820780126DF
:10B040000128304605D10DF05FF8A060E1600020D6
:10B0500060702070049C00F0D9FC17201A5AA83A9E
:10B0600090B21A2800D931E106910593E069F2E027
:10B070001320195A28786A7812021018AA78120434
:10B080008218267EE06912020596F3072BD0012371
:10B090001A430646FEF728FE28E00593B18A2646A5
:10B0A000049C1F220B46934305221202934200D0B8
:10B0B00044E10022EA77059A1170A16EE26EA16167
:10B0C0000494E26134460799FEF73AFE082603210C
:10B0D0000125002800D129462170049C01D000F0F0
:10B0E00095FC00F076FC0646FFF764FD0598687352
:10B0F00000202873266220462030079902F000FFC6
:10B10000062603210125002800D129460698017052
:10B1100001D000F07BFC00F05CFC059AD01D039090
:10B12000D079400078448088400087440400FF03C1
:10B13000020432034203E06B0AE3E06B00F0FCFB25
:10B1400006490022425410E0C405000089F8FFFFC0
:10B15000B43302105207000051070000EA05000056
:10B16000B749425C0123534043540120287000F04A
:10B1700030FCB449411809780029059B0AD03521D3
:10B1800009E0998B049C2182059B05E00122E06A7D
:10B19000236BE6E029212182D2074ED0DF2915D882
:10B1A0005B2004010CF0B0FF049A126810511019D2
:10B1B000049C41602068218A792906D1069A815C25
:10B1C0000029059B38D1821834E0059B2F225201BB
:10B1D00081522068069A815C00292DD18218208A2C
:10B1E000042827D31E2802D3282800D365E1039022
:10B1F0009068D16806920DF0A1F90024924A101AC5
:10B200002046884113D30CF07FFF069B9860D960DD
:10B21000039A11462D3948424841111F1A291946EF
:10B2200000D20124059B04434C70049C04E0049C60
:10B23000059B069A01201070218A0A46A83A1B2A0B
:10B2400046D2172019520020587603CC2161606144
:10B2500019330693083C237E0021DB070B4603D0FD
:10B2600092B25200794B9B5A794A8352E973206219
:10B270002E460F36059B60627549415A19730022AC
:10B280005A750222DA722064080A58731335284668
:10B290000799FEF791FC002803D00320307006992F
:10B2A00011E0606A6A49002242522A7020462C301E
:10B2B00007990CF017FE04210122002800D1114645
:10B2C0003170069902D003260E709EE301207FE3C1
:10B2D0000846A538032834D221840020687205CCA2
:10B2E000226160612E460936083C227ED20715D0C5
:10B2F000A722D2430B461343A53293421ED32439CF
:10B30000544A81540021E974606220462430079930
:10B3100002F070FD002811D003200CE04D490022FE
:10B320004254EA74606220462430079902F062FDBC
:10B33000002803D004203070042666E3012030701A
:10B3400047E30846CD38132800D38DE0E18600207E
:10B35000187009CC6062A362083C2246183206923B
:10B360000122A18620626362002A00D12EE33A4ABC
:10B370008218CD39DB0732D01229059B00D9B7E1FD
:10B38000059349007944898849008F441900430195
:10B3900003012901E6005F017B013D019101FD00F0
:10B3A0008B01E000EC006501CE001501C8005901D9
:10B3B0008101C046A4310210D434021016070000E7
:10B3C00002215156002902DD0020D071206A02F0CE
:10B3D000D1F85F210901226AC0B2404227E1122957
:10B3E000059B00D96EE1880002A108588746C04637
:10B3F000730700005DB4001033B60010AFB5001045
:10B40000FBB5001061B5001053B600108BB60010EC
:10B410000FB60010BDB600108FB50010ABB600100F
:10B4200055B500107FB5001077B6001045B5001077
:10B43000D3B5001025B5001047B600109BB600101C
:10B44000EA050000ED0500003F4B4C00143E0210E1
:10B45000E6050000F3050000EE050000022010568E
:10B46000002800D5E9E02DE1E8290BD2132019527C
:10B470000020587541CC266160611533083C320AC2
:10B48000069300E68809202805D9218403CC216190
:10B490006061083C9FE51F200A46824305200002A8
:10B4A000824214D10020B075B18205CC226660665C
:10B4B000083C204618301636F3E52A2800D196E6D7
:10B4C0002D2800D193E64C2800D190E6B2E6FD4845
:10B4D0004018273080B203280BD2218400206872E4
:10B4E00003CC216160610935083CC90700D02BE518
:10B4F0003BE67F2042011E320A40072000028242C2
:10B5000000D0E1E16268D20700D062E2F44A9142E1
:10B5100000D10FE2814200D05BE20EF095F9907904
:10B520000121B7E09079FE21B9E0042151560029AC
:10B5300002DD00201072206A02F0E8FB216AC0B22E
:10B54000404244E004201056002846D4BAE0107867
:10B550008021AFE010787F21B2E010780121A9E0CE
:10B560001078FE21ACE003215156002902D50020BD
:10B570001072206A02F0CAFB216AC0B278E0032090
:10B58000105600287BDC9DE01078202192E0107896
:10B59000DF2195E001215156002902DD0020D07104
:10B5A000206A01F0E7FF216AC0B2404223E0012097
:10B5B0001056002825D485E004215156002902D5D3
:10B5C00000201072206A02F0A1FB216AC0B2C54AB5
:10B5D0004FE004201056002874DD0020107171E047
:10B5E00001215156002902D50020D071206A01F0B6
:10B5F000C1FF216AC0B2BC4A3BE0012010560028BE
:10B6000060DD002050705DE01078082152E0107875
:10B61000F72155E002215156002902D50020D071B2
:10B62000206A01F0A7FF5F210901226AC0B25054CD
:10B6300042E002201056002844DD0020907041E0D6
:10B640009079022126E09079FD2128E010780221EE
:10B6500030E01078FD2133E003215156002902DD4E
:10B6600000201072206A02F051FB216AC0B24042F1
:10B67000F44A885420E003201056002822D50020E8
:10B68000D0701FE01078042114E01078FB2117E03F
:10B6900090790421014391710EE09079FB210140E2
:10B6A00091710FE01078402104E01078BF2107E08D
:10B6B0001078102101431170059B19E01078EF21DB
:10B6C00001401170206ADE49425C002A06D141180F
:10B6D0004A78002A02D100208871206AD949425C48
:10B6E000002A05D140184178002901D1002141717B
:10B6F0000494226AD249505C002805930DD0541856
:10B700006178002909D002F0AFFB2070049B186A11
:10B710005F22120181541A6A059BCA49505C0028B5
:10B720000BD054186178002907D002F09DFB059BCF
:10B7300020700498006AC44A8154049CA08EDD38AD
:10B74000032846D30020D871206AE063D91D0391F5
:10B75000BA494218D378049393780293415C0191DB
:10B7600053781279A06508A90A7101203070180277
:10B77000019A8018029A1204049B1B069A1810184A
:10B78000089020465D30052214F0DDFB0020B072E9
:10B79000059A059216460B3630460799FEF70CFAC5
:10B7A000002803D00321039801702BE100203070A2
:10B7B000059A05922046443007990CF093FB03212B
:10B7C00004220123002800D11A460398027000D0F9
:10B7D00018E1E87A002800D1F8E0A28E1646CD3EA6
:10B7E0000F2E00D9F2E00120B0409849084200D164
:10B7F000ECE00492206A8F494058954903F07CF9A7
:10B800002346226A934C1219006BA124E40000190C
:10B81000042E04D21278541EA241520005E0527840
:10B82000002A01D0062200E004221C46049BD93BDA
:10B83000825A0868401E0860042E08D2216A854892
:10B84000085CFF2803D0834E8919401C0870042B24
:10B8500007D2206A804BC15CFF2902D0C018491C66
:10B86000017008A80023F6F75AFC0A980899099A6B
:10B87000216462640599C8732046403007990CF032
:10B8800085FE002801D00421BCE074480068C00592
:10B890003ED17448016800293FD15C21415C0029F8
:10B8A00001D0102107E0416D826D8A4202D2511A07
:10B8B000103100E0511A00220260A261E161EA77D2
:10B8C0006AE0C04689F800005B480CF071F9208AF4
:10B8D00010F0A4FF0CF05CFA7BE055480CF0C0F8C7
:10B8E00001070000F2050000EF05000049480CF0D8
:10B8F000B7F849480CF0B4F84C480CF0B1F8494896
:10B900000CF0AEF848480CF0ABF845480CF0A8F83D
:10B9100053480CF058F90CF07DF953480CF048F9F5
:10B9200004F0D8FB0CF034FA0CF074F93B480CF03E
:10B9300097F8FEDE0DF068FF0799F4F73BFE064628
:10B94000C0B202285BD0EE73300C6874300A2874E1
:10B95000300EA874284610302146253102F00CFD27
:10B96000002801D1F0070AD13E48A16AE1632064B2
:10B9700020463C3007990BF067FA002841D1204659
:10B9800029302146253104F0CAFC002804D0E87B88
:10B99000002801D10120E8770698016840688142BB
:10B9A00004D23048E063491CA161C5E7E87F002864
:10B9B0000CD12C48616AE163206420463C30079931
:10B9C0000BF042FA002801D007211BE00120059965
:10B9D000087020682549425C012A03D0002A08D15A
:10B9E000022203E06268D20703D1032240180270EA
:10B9F00020686168FEF78AF80025012606E0052127
:10BA000000E00621059801700526012526752846C7
:10BA10000DB0F0BDC434021054310210A433021032
:10BA2000E4340210643602109433021074360210AB
:10BA3000C4330210C405000053000000EE050000EE
:10BA4000EF050000F1050000F20500000FF0000016
:10BA5000F4340210F5050000F605000004ED00E0E6
:10BA6000780000006839002069000000E40500004B
:10BA7000F0B503AFFFB0B8B00646492080003018DB
:10BA800017905120800030181990592080003318E9
:10BA90003120C000301813906B25A8003018129088
:10BAA000344634343046783016903046A030159005
:10BAB0003046C8301490707E1896400078448088D4
:10BAC000400087440600DC02E602520059077C076A
:10BAD000AB060D930F9106CE306872601A90B0607D
:10BAE000F160307CB074AC91002364936520C00099
:10BAF00016185B20000110180C91C9070B911094C7
:10BB000011930A901B9258D04069244902F0F4FF27
:10BB1000006B7F22D200805C0A68521E0A600222FB
:10BB2000002872D01A9800881D49401880B21D491B
:10BB300088426AD80A9C03CC083C0CF0FFFC0990B0
:10BB40000E916069184902F0D7FF006B4522D200C0
:10BB500083185B6880580A68521E0A600999081A9F
:10BB60000E98984150D302224FE0304620301A9070
:10BB7000199D681D119068794000C04678448088FE
:10BB8000400087441300830286023E0001043B000C
:10BB9000A1039505B104E105C205C0464435021074
:10BBA0008DF7FFFFFBFF0000543502100D9310943A
:10BBB0000F91A9791798C26943E20E96306828243C
:10BBC00044436120C0001618002C14D030463C308D
:10BBD0001A9913F0BDF9FC49283C28360028F3D007
:10BBE000308C0222884204D99043891C88420E9EE0
:10BBF0000BD00C92F9E102200C90F6E10D9300F0CD
:10BC0000D3FC0D9300F01EFD0422099233200001A5
:10BC10001B9A10180E903168022900D31EE230469C
:10BC20000C9B1C0C3F218A041A40514251415B0E6F
:10BC30000122052B134600D3119B0C9E350E039554
:10BC40000B400493110231400591016828224A43B8
:10BC50000E9B98181B90E0B20290ACA8401C079075
:10BC600064A8001D069011980890099C0C94DB4A6A
:10BC700021461B98834200D1B4E11D461C8C283319
:10BC80009442F6D92046D64E3040961CB042F0D1B0
:10BC900009910B9800280E9322D1284614301A9946
:10BCA00013F056F90E9BCD4A002819D003240898AA
:10BCB0000F280C94DCD8687CA97C09020818E97C60
:10BCC00009044018052109064018089DA9002646C8
:10BCD000069C605034466D1C089564950C96C7E729
:10BCE000A88AFC49401881B2FB48814219D3B4426A
:10BCF00017D108980F28099E3446B9D8687CA97CCA
:10BD000009020818E97C09044018072109064018AF
:10BD1000089DA900069C60506D1C089564953446EA
:10BD2000A6E72846113001900C46079902F024FB43
:10BD30000E9BAA4AF0498C4209990C4698D20028D9
:10BD40000C4695D00A984069EC49144602F0D4FE9E
:10BD5000AA8AA24201D8042202E0E94B9A18121DD5
:10BD600092B2042A0FD0052A15D18D229300026BBE
:10BD7000D458AB7D9C420ED938245C43121947231A
:10BD8000DB00D25800E0EA69920FD200DD4BD340CD
:10BD9000DCB2032C0BD123221201006B8058800FE0
:10BDA000C000D84AC240D4B2032C00D10224086893
:10BDB000401E08600B9800280999C8B221D00428B9
:10BDC0002BD120352888B04227D1042408980F2889
:10BDD000824A0E9B00D94BE72646019C2078617869
:10BDE00009020818A17809044018012149064018E1
:10BDF000089DA900069C605034466D1C089564950A
:10BE000036E700900A984069BF4902F075FEAA8A99
:10BE1000724B9A421BD804221CE0002C6F4A0E9BE6
:10BE200038D0012C0C4600D022E7002408980F28B7
:10BE30000C9400D91CE72646019C20786178090201
:10BE40000818A1780904401801218906B8E0AC4B14
:10BE50009A18121D92B2042A15D0052A30D18D22CB
:10BE60009300026B2646D458AB7D9C42344627D9BA
:10BE700038245C4312194723DB00D35EA34A934264
:10BE800015DB022214E01C22AB5EA04A934204DBC5
:10BE9000022203E001240C94EAE600229BB29B0BF1
:10BEA000022B00D90122022A0AD0264615E00022E0
:10BEB0009BB29B0B022B344600D90122022A0CD1E3
:10BEC000264623221201006B80580A68521E0A601F
:10BED000C0430004800F56D104E00868401E08608B
:10BEE000D00750D00798019902F046FA00284AD0AE
:10BEF000032400980328394A0E9B099900D1B7E61C
:10BF00000598002847D101980078C00743D1A87C44
:10BF1000EC7C05460A9840697D4902F0EDFD406BD6
:10BF20000022092C134606D8032D134603D80A23F2
:10BF30006B43C3181B5D049C002C05D00A22029C95
:10BF400062438018039A825C93423FD1002B3DD01C
:10BF5000089C0F2C10D8019B18785A7812021018E0
:10BF60009A7812048018012212068018A200069BFB
:10BF70009850641C08946494184A0E9B0868401EEC
:10BF80000860099C74E6032400980328134A0E9B5A
:10BF9000099900D16CE6002E0C4600D068E600241A
:10BFA00008980F280C9400D962E62646019C207858
:10BFB000617809020818A1780904401803210906CC
:10BFC0004018089DA90083E66E0800000868401E1E
:10BFD0000860024A0E9B0999DDE7C0466E08000022
:10BFE000FD0F00001898C0681B901CA8C51C64A910
:10BFF00044262846324613F0A6FF64AC2046C030E3
:10C000002946324613F09FFF092045011CAE3046F9
:10C0100021462A4613F03FFF189C204620301A90F4
:10C0200031462A4613F037FF199D0C9AAA711198D0
:10C03000687117981B9BC361691D119126461146B3
:10C040001A4600246C70297002603146E0314422A7
:10C050001A9813F020FF74661A981BE0152911D264
:10C06000E800141828254D43283D002D0E9800D1D6
:10C07000D5E5214602F041FF283D2834F5E7254863
:10C080000BF0EEFC0E9803F019FAC8E522480BF00D
:10C09000E7FCFEDE01688C4200D390E1A10071183C
:10C0A0004A6A1A90611C7166D1B202291A9800D1AD
:10C0B00085E1AA70110C2971110AE970100E401E59
:10C0C000062800D9DDE2A91C1B91800003A10958B4
:10C0D0001A988F468DF7FFFFFCFF00001DC100106E
:10C0E0001DC1001055C1001055C10010CBC100107A
:10C0F0008FC700108BC10010FCFF000064350210D8
:10C100008DF70000030001027435021000C0FFFF2C
:10C1100084350210543402104432021033200001DE
:10C12000179909680C186520C0000A180E92085863
:10C13000282545430026002D00D174E1204611300A
:10C140001B9904F0ECF8002800D0CBE0283D761CC9
:10C150002834F0E733200001179909680C1865208E
:10C16000C0000A180E920858282545430026002DC5
:10C1700000D158E1204611301B9904F0D0F8002876
:10C180003FD1283D761C2834F1E72978002900D0DA
:10C19000FDE233200001179909680C186520C000E2
:10C1A0000A180E920858282545430026002D00D174
:10C1B00039E1204611301B9904F0B1F8002800D075
:10C1C00026E1283D761C2834F0E73320000117993A
:10C1D00009680C186520C0000A180E920858282516
:10C1E00045430026002D00D1E7E0204611301B9981
:10C1F00004F095F8002800D0D4E0283D761C2834BF
:10C20000F0E7ACAC20460E9932460EF0A3FFF148A1
:10C21000401D218C814200D105E118989030ACA9D5
:10C22000282213F090FE179D2868EB494058EB49EF
:10C2300002F052FC03460C46159E3268281D1B90E6
:10C240001946FDF743FB2068401C2060A888E4499C
:10C25000401880B2E349884200D3E4E0E248318AE2
:10C260004018001DDB4A9142109C324600D8042041
:10C2700080B20128189E00D16CE1022800D163E150
:10C28000032800D0D0E0508A199DA8811798006833
:10C29000D1494058D54902F02FFC0C46006BAA89C1
:10C2A0001B9901F025FF2168491E21600121159A83
:10C2B000117000210D9B1973179909681268686144
:10C2C000AA61E9610F99109C0D9310942B20C00076
:10C2D00030180F9100F00EFD00281A9800D156E298
:10C2E000062057E2ACAC20460E9932460EF032FFE3
:10C2F000B84E701D218C814200D194E018986830AE
:10C30000ACA9282213F01FFE16988088B449401863
:10C3100080B2B449884200D385E016990A1DB2481C
:10C32000098A4018001DB14200D8042080B20128BB
:10C33000189E109C00D15DE1022800D106E103287F
:10C3400072D11698408A199DA88117980068A24951
:10C350004058A7491B9202F0CFFB0C46006BAA89FC
:10C360001B9901F0C5FE2168491E21600121169A22
:10C37000117000210D9B1973179909681268686183
:10C38000AA61E9610F99109C0D9310942B20C000B5
:10C3900030180F9100F0AEFC00281A9800D1F6E199
:10C3A0000420F7E1ACAC20460E9932460EF0D2FEE6
:10C3B0008848401D218C81420AD1189EE3E11A90E1
:10C3C00002F0A8F80120687128462D784478E4E14D
:10C3D000189D2846B830ACA9282213F0B4FD19984E
:10C3E0004078002822D0179E30687B494058F34996
:10C3F00002F072FB03460C464D2080002818149969
:10C400000A681946FDF762FA2068401C206015E0B2
:10C4100064AC20460E9932460EF09CFE6D48401DDD
:10C42000218C81426ED1189E199D2AE14D208000F9
:10C430002818ACA914311CC91CC0179E308A684941
:10C44000411889B2674A9142109C0D9A30D2354604
:10C4500010356548149A118A4018001D5D4B9942A9
:10C46000344600D80420411E89B2022900D30CE1D1
:10C4700080B2401E41424141508A8840199EB0819D
:10C48000206855494058CE4902F036FB0C46006BF7
:10C49000B289294601F070FE2168491E216081B2EF
:10C4A0004C4A521C914200D03AE1189E179C5CE124
:10C4B000C4498842199D00D1E9E0C3498842189EC9
:10C4C00000D08FE2002010711046179B19681B9155
:10C4D000149909685A8A9B8A1B049A180346EA60D1
:10C4E00029611B9868610F990D9310941520000124
:10C4F00030180F9100F0FEFB00281A9800D144E19B
:10C50000082047E10B204001189E301864A928221A
:10C5100013F019FD199D6878002800D1D5E017980F
:10C5200000682D494058A94902F0D6FA03460C4646
:10C530001520000130180D99CA681946FDF7C6F993
:10C540002068401C2060C7E0508A06E01B921698C5
:10C55000408A53E0508A4000401C199DA881012068
:10C560006870179800681C494058994902F0C4FA4D
:10C570000E46006BAA891B9901F0BAFDE881000CF8
:10C5800028823068401E306000200D99087217988C
:10C59000006815990968EA892B8A1B049A186A6150
:10C5A000A961E861189E0F9910942B20C0003018E3
:10C5B0000F9101F041F80028179A159B08D1E889DE
:10C5C000298A0904081818611568314690314CE031
:10C5D0000520DFE06E080000C40500007432021080
:10C5E0008DF7FFFFFCFF00008DF700009432021072
:10C5F000643202101B921698408A4000199DA8814F
:10C6000017980068FA494058724902F075FA0E46C8
:10C61000006BAA891B9901F06BFDE881000C288250
:10C620003068401E306000200D990872179800682D
:10C63000189EB16FEA892B8A1B049A186A61A96156
:10C64000E8610F9910942B20C00030180F9100F072
:10C65000F3FF0028179A169B15D1E889298A090447
:10C660000818186115683146683164AC28222046E4
:10C6700013F069FC6520C0002818199D21460DF0B3
:10C68000EBFE1A9883E0032084E0189E6DE0002002
:10C6900010701646179B1868149909685A8A9B8A65
:10C6A0001B049A183346EA6029616861189E0F9945
:10C6B0000D9310941520000130180F9100F0BCFF6D
:10C6C00000281A9861D0072064E015200001301876
:10C6D00064A914311CC91CC0A889C649401880B27D
:10C6E000C5498842109C00D27AE128460C301B9044
:10C6F000002112980170179909680D9BDA68139848
:10C70000026041601B9981600F990D9310941398FA
:10C710000F9100F04BFB00281A9838D00A2039E01E
:10C72000199DE88100220D9C2272000C2882179A24
:10C730001268149B1B68000440186861AB612346B3
:10C74000EA61189E0F99109C0D9310942B20C00045
:10C7500030180F9100F070FF0028179C149A18D120
:10C76000E889298A09040818106125683146B8311A
:10C7700064AC2822204613F0E6FB6520C000281890
:10C7800021460DF069FE199D1A9800212970746EDA
:10C7900080E40920119908700224E0B2022801D136
:10C7A000032013E11A9801F081FEE8B27844007981
:10C7B00040008744117EBF111900C046A432021008
:10C7C000B43202107108000072080000C432021076
:10C7D0008432021054320210E00703D0B07E0028E9
:10C7E00000D1AEE03569BEE0F06884494058864922
:10C7F00002F082F90C46006B3169022201F078FCEC
:10C80000F0612068401E2060002010990870F068D8
:10C81000B06270697062F06930620F993046203002
:10C8200000F00AFF0125002801D00620D2E00BF01D
:10C830006BFC044619901B91F0687049405873498D
:10C8400002F05AF90E46006B189909692A4601F060
:10C8500013FC024600231A9320461B990BF044FE5A
:10C86000169015913168491E31601898C06817906C
:10C870001898046918984069149064AA11461431F4
:10C8800049CC49C1189E15986790169866901B98D8
:10C8900065901998649014986890F0696C90652080
:10C8A000C0001799081811460DF060FE28461A9D21
:10C8B00090E00BF029FC0C4633691A884D49511859
:10C8C0008AB24D498A421B90214615D2F0684B49E5
:10C8D0004058504902F010F90D46006B31690122B1
:10C8E00001F0CAFB024600231B9821460BF0FCFD19
:10C8F0002A68521E2A603369F2681A927269179286
:10C9000064AA199214321694054651CB51C2189E4E
:10C9100067916695169865901B9864903E486C9058
:10C92000179868906520C0001A99081819990DF099
:10C930001DFE4DE0E00702D0B07E002824D035690E
:10C9400034E0F0682D494058344902F0C5F80346F8
:10C950000C46726935461C3528461946FCF7B6FF69
:10C960002068401C2060002010990876F0687169EA
:10C97000B162F06235630F993046283000F016FA44
:10C98000002825D0042021E0F0681C4940582049A7
:10C9900002F0A2F803460C46726935461C3528465B
:10C9A0001946FCF793FF2068401C20600020109976
:10C9B0000876F0687169B162F06235630F993046AC
:10C9C000283000F0F3F9002802D00520012501E00D
:10C9D0000025012070762846FE1F053EB546F0BDB5
:10C9E000074800E007480BF0EEF80BF013F9C046DB
:10C9F000C40500008DF7FFFFFCFF0000C405000028
:10CA00009C0000009F00000094340210A434021027
:10CA1000743402106434021070080100843402106F
:10CA2000F0B503AF85B0049231221201029086184E
:10CA300004A8401C039088B2019000241825009699
:10CA4000002D0CD03078022805D0711C039803F01B
:10CA500066FC002816D1361D2D1F641CF0E7B72098
:10CA6000C000029908180B21C9430024019B00292A
:10CA700015D0421892899A4202D0891C641CF6E7AC
:10CA8000610006E0062C0CD2600002990818B7215C
:10CA9000C90000224252A0000221009A115405B0A0
:10CAA000F0BD0621014A20460AF0DAFEB434021035
:10CAB000F0B503AF91B0064603463033451CE87F1E
:10CAC000784400794000874402EBEE819C00059396
:10CAD00006917068B168F060316129786A78120255
:10CAE00051180395AA781204891800916F4940588B
:10CAF0006F4901F0F1FF0291036B1120450101968E
:10CB00003069079000246B4AA54200D18BE01919C7
:10CB1000961D0888B04201D1002109E007980896C7
:10CB20002E461D4600F0CAF82B463546089E614A3F
:10CB300044340029E8D00491AC421CD008901D195F
:10CB4000443C77208000001B80B2442113F060FA3F
:10CB500004462888B0420BD00798294600F0AEF86A
:10CB6000002905D0089A824200D8049100D8089084
:10CB70004435641EEDD109AC204604990DF0F0F95E
:10CB800002990868401C08602088B0424FD0019D7F
:10CB90002946143109A807911CC81CC16520C10091
:10CBA000E868425808920026465044183521090189
:10CBB000411835463F4B0494089AAA423DD06D1C5B
:10CBC0000A8828319A42F7D1012637E00593344686
:10CBD000283420460691FEF74BFF002801D00321A0
:10CBE00016E0204601F07BFC0CA8334A00230BF032
:10CBF0008DFC0E980C990D9AB162F262059908703D
:10CC00000699304628300BF0C1FC002802D00421E0
:10CC100001200FE0F0683169244A8058FCF796FF44
:10CC20000020012106E002990868401C08600020ED
:10CC30000121039DE97711B0F0BD089D28216943CA
:10CC400008183321090144180898A84210D0208CF4
:10CC5000984201D1761C08E02720C0437043201879
:10CC60002822214613F06FF9124B28346D1CEBE794
:10CC700008980F900E960D9004980C900CA801F057
:10CC800082FB00980002401C0121059A1182019E3E
:10CC9000F168B062F16207983063039D069996E7E8
:10CCA00001480AF0DDFEFEDE24350210C405000056
:10CCB000143502106F080000204E0000F8B504AFD4
:10CCC0000C46064608460DF02FF90025002803D033
:10CCD0004020205C002801D02946F8BD204631467E
:10CCE00001F0FEFF0028F7D020460DF009F9254697
:10CCF000F2E7D4D4F0B503AF87B00E46044605463C
:10CD00002835007E01210191784400794000874454
:10CD10000244470F233506CC2068083C23460C33D9
:10CD200007C3D30734D021626262A0620020287357
:10CD300020462030314600F07FFC002801D003213E
:10CD400024E002A8184A00230BF0E0FB04980299A3
:10CD5000039A2162626228702046203031460BF02F
:10CD600015FC002801D0042110E000202075287354
:10CD700022460C3207CA21626262A062204620303D
:10CD8000314600F059FC002802D00521019801E04D
:10CD900000200121217607B0F0BD02480AF060FEB4
:10CDA000FEDEC0463435021010270000F0B503AF98
:10CDB000A5B00646054640350346703304461A348E
:10CDC000A07A400078448088400087440500A3038F
:10CDD000AE03F0014C02DD000D93109114951394F5
:10CDE00031CE346075600E90B0607348205873493E
:10CDF0000F900C3E01F080FE006B2922520111922F
:10CE000080580A68521E0A606D4915961836002827
:10CE1000129600D1C9E016950520C0012018179080
:10CE20000E98C00700D1D5E0634820180690651819
:10CE300001262046314600F0CBFF0B906148007878
:10CE40000E900995E8780C900020199018901AAA75
:10CE5000169938C938C204460E9800020C99090484
:10CE6000081807905849594D0C9408960A960E9444
:10CE70000F98059401F040FE0F91006B4219119933
:10CE800040582C264643179D002E00D1C7E0082CA1
:10CE900000D137E318A8005D00280CD14C48C01D14
:10CEA0002988814207D11AA91046169212F050F82B
:10CEB000169A002804D12C32641C10352C3EE3E76E
:10CEC000154624350B98C6B2079806432620105CF9
:10CED0000002263251780904081869780291401836
:10CEE00031460EF09BF90C220002039510D0A88861
:10CEF000A97909044018314615460EF08FF92A46E3
:10CF00000104159E169907D1000204D00C2203E0FB
:10CF1000159E169900E0182288181AA92CC82CC151
:10CF20000398C079029D29468143099B1A788A4358
:10CF30001A705A78AA4302435A700A98C007002808
:10CF4000089800D10E98224600D1049A0C9B0B43FE
:10CF50000C93039B1B78002B00D1C5E2C94318AB8F
:10CF600001251D550F9C23685B1E23600B9B0B4006
:10CF70000B9306990346086800210A9104920E93C8
:10CF8000059C1149114D75E7287840007844808848
:10CF9000400087440400C702CA024302B8010D934F
:10CFA0001091B26AF16A306B92E030460ECD0EC03D
:10CFB000159B354660E0C046C405000014330210DE
:10CFC000EB050000A83C00204433021024050000BB
:10CFD0006E080000F7490F9801F08EFD0F91006B6D
:10CFE000F5494618119940582C2545430024002D39
:10CFF00016992DD0304611F0ABFF002808D0072C31
:10D0000000D982E2ED48C01D17990988814229D1D3
:10D010002C36641C1798103017902C3DE7E70F99B9
:10D020000868401E08600E98C007159E09D0049835
:10D030000001179908181AA9024638C938C20C9974
:10D0400001731AA8129D29461CC81CC1334613E05F
:10D050000F9A1068401E1060129D28460C460ECC98
:10D060000EC008E0129D2846179C0ECC0EC00F99EA
:10D070000868401E0860159BD868D14A815C002969
:10D0800006D0197D002903D0801800210170D868CE
:10D09000596917911AA92B460C4664CB64C4159E96
:10D0A000179A1D92B922D20080580DF049F8308BA2
:10D0B000C449411889B2C44A914261D20020149DEA
:10D0C0002870F1687269B262F16212983063139C41
:10D0D00013947163B26312900088BA4BC01880B287
:10D0E000B94B984200D318E21495B44CD00715966A
:10D0F00066D01AA8FDF728FE1D9D1C9817901A9857
:10D10000C4070BF001F8002C00D1179000D10D4698
:10D11000706BAE494058AE4901F0EEFC0C46006B16
:10D120000122129900F0A8FF024600231798294611
:10D130000BF0DAF9169011912068401E20606520EE
:10D14000C000716B0C181399C87F1F314A78120206
:10D15000101889780904411820460DF063F9002859
:10D160003FD0169CF44B191D028C8A4200D073E10B
:10D17000179922C0046011994160991C01836BE1E9
:10D18000F14941180229139C149A00D269E1EF4930
:10D1900088425CD100201071F06871692288638830
:10D1A0001B049A18B26232637163B06310993046FF
:10D1B000303000F041FA002800D152E1032136E17D
:10D1C000120A6520C600881911460DF02BF90028B7
:10D1D00000D141E11599C863018CA14219D80421FD
:10D1E0001AE0B06B10901AA90A4614320F94129CE0
:10D1F00049CC49C211981D9016981C901B95179800
:10D200001A90D948229010981E900F980DF0AEF900
:10D2100022E1CF4A5118091D139D1F3589B20429F7
:10D2200055D0022928D0012900D015E1408C14994D
:10D2300088800AF069FF159A10655165D26B936872
:10D24000D268C01A914116966FD200206EE000207D
:10D250001070F0687169228863881B049A18B262A2
:10D26000F1623063109930462830FFF743FD002803
:10D2700000D1F6E00421DAE02146448C0D1D0AF0CD
:10D2800043FF159EF26B15845484F26B03C2706BDE
:10D29000A8494058F16B0A68179249681691AF493E
:10D2A00001F02AFC0C46006BF16B143100252A4674
:10D2B00000F0E2FE0246179816992B460BF014F97F
:10D2C000F26B9060D1602068401E2060C4E0046A68
:10D2D000A1480AF078FC159A506B811916462878F7
:10D2E0006A7812021018AA78120482181AA80DF08F
:10D2F00013FD0020149D2877706BB16BB464F1644A
:10D300003065139C10993046483000F095F900289C
:10D3100001D0042089E014951394706B1596B16BBD
:10D3200000221346FDF73AFD96E00120149EB188D5
:10D3300049000818F080159C606B7E494058884968
:10D3400001F0DAFB1791006BF288E16B143100F009
:10D3500013FF179A1168491E116081B2764B5A1C4F
:10D36000914237D1159EF06B1499C9884184191DDB
:10D370000184F06B316D0160716D4160706B6D49BE
:10D380004058784901F0B8FB0D46006BF16B143141
:10D390000024224600F070FE02462868401E2860E5
:10D3A000F16B03C923460BF09FF8F26B9060D160DC
:10D3B00052E0C04624330210240500006E0800002D
:10D3C000EB0500008DF7FFFFFCFF0000C405000027
:10D3D0001437021014998860159E706B16994118C5
:10D3E00028786A7812021018AA78120482181AA8EB
:10D3F0000DF092FC00200D990870706BB16C2A78CA
:10D4000012026B781B049A18AB781B069A18521CF0
:10D41000B165F2653066139C149D10993046583002
:10D42000FFF768FC002804D00320287005210120A4
:10D4300057E014956520C0001596716B0918E07FC0
:10D44000139422461F3253781B0218189278120444
:10D4500082181AA80DF060FC012014990870139C22
:10D46000159E726900200121D2073AD111AA13C278
:10D47000F468306915902F4820583C4901F03CFB76
:10D4800010910521C9016218006B2C49431829210C
:10D49000490140582C2141437F20C5431492002963
:10D4A00019D0002D29D056198020305A224CE41D65
:10D4B000A0420CD0184616911599179311F048FD0B
:10D4C0001699179B149A002801D0803634802C338B
:10D4D00010352C39E3E710990868401E086011AC3C
:10D4E00013CCA17225B0F0BD0F9B1968491E1960BD
:10D4F000C007049200D09AE5A3E508201C4A014623
:10D500000AF0AEF908200F4AF9E708210C4A204634
:10D510000AF0A6F906480AF0A3FA0E480AF053FBEF
:10D520000AF078FB01480AF09BFAFEDE243702106D
:10D5300094350210C40500006E08000024050000A8
:10D54000343302105433021091F7FFFF71080000CA
:10D550008DF700009E0000001A0000000437021042
:10D56000E4360210F4360210700801007433021021
:10D5700084330210F8B504AF05462C4E2C482858C9
:10D580002C4901F0B9FA0C46006B512109014318EE
:10D59000A85D41072BD481072BD4C0072BD1A81934
:10D5A0004278002A33D099788A4232D200930846D2
:10D5B000504345002E0C0023D843002E064600D1D0
:10D5C0002E46B5B25243AA1A00D21A46009B1D78C5
:10D5D0005B785B1E6B439BB253431A0C00D1184619
:10D5E00080B2494312F014FD4019009B14E014204E
:10D5F00002E00C2000E004209979884200D308461C
:10D600002168491E21607F2800D37F20F8BD18784B
:10D6100002E019785878484382B2012A114600D8AE
:10D62000012198798242EAD9EAE7C046F405000070
:10D63000C4050000A4350210F0B503AF8DB0064656
:10D6400004462034007D0A464000C0467844808865
:10D650004000874409002B0331039100EA02F401E2
:10D660000503CC023D0018000ACE306870600693B6
:10D67000B3600791374B8DB26D09083E422D03927E
:10D6800034D8042534E025460835207A4000C046C9
:10D69000784480884000874404000C030F0307018E
:10D6A0009D010495B369F069617A05913062029633
:10D6B0007362294D41191E46435D0696F60700D157
:10D6C000CDE0032B00D068E10023029E059A68E1BB
:10D6D0003546183521461A31A07E0028049155D0D0
:10D6E000032800D18CE01D480AF0BAF91C4D4D19F1
:10D6F00032461C4E86190296C3180193ABB20D0E2A
:10D7000000950D0C05950025049501259B0002A6AA
:10D71000F3581646049A9F4679DC001079DC001015
:10D7200069D70010A1DA0010CDDA001053DA00102A
:10D730001DDA0010DFDA001079DB001087DA001044
:10D740001BDB00102FDA001061DA001003DB001081
:10D750000BDA0010EB050000E405000014340210A1
:10D76000A0F7FFFFC4050000059971853062069897
:10D77000706200202073039A304618301146FDF77E
:10D7800079FB002800D175E2032571E20392E07E67
:10D790000690227E706B059262763063F5494118DF
:10D7A0008B7F069AD20705D0032B00D0A2E0002180
:10D7B000059BB4E0022B00D3D7E0029601268E77BA
:10D7C0000298006BF9494058F94901F095F9069122
:10D7D000006BB102029E42584018436808A80AF044
:10D7E00095FE0A9805900899099A069803685B1EA9
:10D7F0000360B161F26105982070EE48B062039A4F
:10D800002846114606F004FBC1B2022906D00329BE
:10D8100016D1032004990870082529E2306BE349EA
:10D820004058E54901F058F90D46617EFBF7D6FFF7
:10D830002868401C2860306BE049032242547FE096
:10D84000336BDF4C1A59032A00D9A0E01919940050
:10D850001B195D2424011851501C086070E0022B34
:10D8600000D3A5E0012006900870029E306ACF49DF
:10D870004058D449039201F03FF90D46006B0699D8
:10D88000890242584018436808A80AF03FFE0A98E7
:10D890000899099A2B685B1E2B6031637263039AA7
:10D8A0002076C4483064049D30463030114606F07E
:10D8B000AFFAC1B2022903D003290BD1032091E0B2
:10D8C0000495306A716AFCF721F9306AFB4903223A
:10D8D00042548BE0336ABA4C1A59032A049500D992
:10D8E0008DE0191994001B195D2424011851501C56
:10D8F00008607BE0C87F06900868FB4901F0ECF8FF
:10D900000D460699FBF76AFF2868401C2860306BBB
:10D91000F349415C4A1E022A00D30021637EEA4D8E
:10D92000EF4A815480184370306B4059EF4901F041
:10D93000D3F80D46617EFBF737FF2868401C28604E
:10D94000049801250570F068E249425C0023012A31
:10D9500003D0002A07D1022203E03269D20702D1A4
:10D960000322401802701A4686E1E9D10320887725
:10D97000306BD54A8058CD7FD84901F0ADF80C46C0
:10D980002946FBF72BFF2068401C2060D8E70229BE
:10D99000D6D0D4480AF017F9D2E74878059A02435E
:10D9A000029E4A700B70306A716AFCF7AFF81DE096
:10D9B000029E1BD106991546FCF7A8F82A46306A44
:10D9C0000321C44BC15400206074306AF062207996
:10D9D000A074049D30462C30114600F091FA0028C6
:10D9E00003D004202870092542E1049501250498FC
:10D9F0000570F0683169FCF789F800223CE10229E2
:10DA0000F4D0B5480AF0DFF8F0E7B1480AF0D0F8F2
:10DA100007A811F03FFA0AF0BBF945E10698C007E4
:10DA200000D1D1E0019A907800990843D0E006999E
:10DA3000B161F0610598607600202076039A304647
:10DA400018301146FCF77CF9002800D112E10525B9
:10DA50000EE1029800680599069A00F035FA23E174
:10DA6000069BE3760021A176059A22767063190E53
:10DA7000A177190C6177190A2177354618352146A7
:10DA80001A31049187E6029800689C4901F024F855
:10DA90005A22059B8354049A0868401C0860EBE0F6
:10DAA0000698C00700D1ABE0019DA878059C2043F3
:10DAB000A870864A193208A90A80887002984068BE
:10DAC0000CF03EFB687820436870A7E00698C0071A
:10DAD00000D1B8E0019B1878059A1043B7E006988A
:10DAE000C00700D1C8E002980068874900F0F4FF41
:10DAF0000C460599FBF772FE049A2068401C2060D2
:10DB0000BAE0069BB361F061059961720021217250
:10DB1000214608310491039AC8E50698C00700D150
:10DB2000AAE002980068724900F0E6FF5A22805C81
:10DB30000A68521E0A60002863490ED0F0684058F7
:10DB40006C4900F0C9FF0C465B2100224254FBF7F0
:10DB50005FFE5D492068401C2060F06840586649BF
:10DB600000F0BAFF0C460599FBF71EFE2068401C2A
:10DB7000206099E0C40500000698C0077CD1029897
:10DB800000685F4900F0A8FF044606910599080661
:10DB900076D05C480C460AF00BF820460AF0B2FB3F
:10DBA000012009F0F9FF0AF0F3F879E0C40500005C
:10DBB000D43302106839002024340210E20500003A
:10DBC000CC05000034340210019A90780099884303
:10DBD00005993D4B9070F0683269C05800F074F9B7
:10DBE00000207077307CB077F068B061039A3046DF
:10DBF0001830114600F084F900283BD0072537E0A3
:10DC0000019A9078059988439070304A193208A992
:10DC10000A808870029840680CF092FA00207077B1
:10DC2000307CB077F068B061039A30461830114606
:10DC300000F066F9002801D0042519E0F068316988
:10DC4000FBF764FF16E0019B1878059A9043039A4E
:10DC50001870718500202073F0683169306271623C
:10DC6000304618301146FDF705F9002802D0062588
:10DC7000012201E000220125357510460DB0F0BDEE
:10DC80005B20215C01224A4022542046FBF7F6FD2E
:10DC90000E4A183208A90A808870A06B0CF050FA5E
:10DCA00006990868401C0860049AE5E7054809F0F1
:10DCB000D7FE034809F0D4FEFEDEC046E4050000AE
:10DCC0004434021014360210C40500005F0800003E
:10DCD0004A000000E405000052000000E433021096
:10DCE000E205000051000000F43302100434021079
:10DCF000E435021004360210F4350210D435021057
:10DD0000C435021049000000B4350210F8B504AF64
:10DD100005462B4E2B4828582B4900F0EDFE0C46AB
:10DD2000006B2A494318A85D41072BD481072BD4E7
:10DD3000C0072BD1A8198278002A33D099788A425B
:10DD400032D200930846504345002E0C0023D8439E
:10DD5000002E064600D12E46B5B25243AA1A00D272
:10DD60001A46009B1D785B785B1E6B439BB2534346
:10DD70001A0C00D1184680B2494312F049F94019F3
:10DD8000009B14E0042002E0022000E00120197949
:10DD9000884200D308462168491E21607F2800D3AD
:10DDA0007F20F8BD187802E019785878484382B28D
:10DDB000012A114600D8012118798242EAD9EAE7FE
:10DDC000F4050000C405000024360210130500000D
:10DDD00080B500AF064A835C8218507A002902D0D1
:10DDE000032B02D103E0022B01D15178084380BDFF
:10DDF000E4050000B0B502AF0D4604462430217A98
:10DE00007944097949008F4402272A0C1B002168B4
:10DE10006160144A8A5C2162002181724270032190
:10DE2000017020460C302946FBF7C6FE002802D0C0
:10DE3000012003210EE060680A4900224254227347
:10DE400020460C3029460AF04DF8002801D1012166
:10DE500000E004212172B0BD014809F001FEFEDEA0
:10DE600034360210F3050000FCB505AF0191002126
:10DE7000C94342B20123012A084600DB1846009339
:10DE8000B5235A43FF2580355619B4B22E46803645
:10DE9000B44206D3803210B2C00DC0B2101880B2A6
:10DEA000000A019A52B2012A00DB009953435A1921
:10DEB00092B2B24206D3803319B2C90DC9B2591811
:10DEC00089B2090AFCBDD4D4B0B502AF0C46D10763
:10DED00007D00A4900F000FE0D462146FBF764FC1E
:10DEE00006E0054900F0F8FD0D462146FBF776FCFB
:10DEF0002868401C2860B0BD443602105436021019
:10DF0000F0B503AF8DB004460246203240790D468D
:10DF1000784400794000874402A0A36D7A00A1797B
:10DF200021712668BD20C0003318305C0028079599
:10DF3000069203D05878400002902DE0039303200E
:10DF400000023018049030460191FFF741FF029023
:10DF50000520C00100210591434B01460A460146B8
:10DF6000803191420AD0B55A114610319D42F5D008
:10DF7000B218127B059D15430595EFE70598C04340
:10DF8000039A1179014302980840D5780543049912
:10DF90000878002848D00295354809F009FE039416
:10DFA00020790DF02FF9B720C0003018049009F047
:10DFB000EFFE30480078059008A90A46049C29CC59
:10DFC00029C20022079D062A05D008780BAB985479
:10DFD000521C891CF7E7069A0598D07000209070B3
:10DFE000029951701070039CE6610B9961620C9963
:10DFF000218590722646083630462946FBF7DCFD1F
:10E00000002802D0012003210BE0002030702046C0
:10E010000830294609F066FF002801D1012100E0FF
:10E02000042161710DB0F0BD8868C9680AF086FAF4
:10E0300000220E4B181A8A41ADD301980028AAD0AD
:10E0400004994878C00701D1284601E002202843FE
:10E05000097800299FD105469DE7024809F000FD97
:10E06000FEDEC04684360210750800003F4B4C00AF
:10E0700021000000A83C0020B0B502AF0B881A4C6C
:10E08000A34201D8042301E0164C1B199DB223239F
:10E090001B01C418154B042D0FD0052D0AD189780A
:10E0A00065688D4206D938254D4340194721C9007E
:10E0B000405803E0002A05D109E08868002A03D00F
:10E0C000184008D1206803E0000C184003D1608894
:10E0D000184000D1FA207D21CA0000210B4611F022
:10E0E000CAFDB0BD91F7FFFF6E080000FF3F0000C2
:10E0F000F8B504AF0B8843256C0126460E36B342B3
:10E1000001D8042601E01B4E9E19B6B2052E09D097
:10E11000042E27D190B2022825D0032825D1C88803
:10E120008C8822E08D239B00C6586C0125460F3554
:10E130008B789E4229460FD93821594340184721F0
:10E14000C900401811460BF0EBFF81B222460F3296
:10E150009142214600D0014688B2A84200D00C4628
:10E16000200C02E001E048881C46A1B200044018DF
:10E17000F8BDC04691F7FFFFFEB506AF15460E8805
:10E18000554A964201D8042301E0524BF3189BB242
:10E19000052B05D0042B41D1E80741D1488895E0F3
:10E1A0008D229200825889784C4E8A4200D88CE0A9
:10E1B00038224A4384188F208000201829460BF00B
:10E1C0009DFF002800D180E04720C0002018426851
:10E1D0000621514308302A04009524D0AAB25208DF
:10E1E0002A4393B29B0813439AB212091A4393B27B
:10E1F0001B0A1343DA435308394C1C40121B394B9A
:10E2000094081A401C4012191309D2180F231446FF
:10E210001C401B0213401A0AA21805E0561C55E0C8
:10E22000C8888E8852E01022019241180291002580
:10E23000821D831C0221029CA04200D01946064682
:10E2400000D0164638D00288002A1CD0500810434F
:10E25000830803431809184383B21B0A0343D843B6
:10E2600043081F4C2340C01A83081E4C2040234003
:10E27000C0180309C4180F23204618401B0223406E
:10E280001B0AC01800E01020019B1B1A3046CFD398
:10E290000F200340DA40009880B282423046C7D156
:10E2A000002D06D028460BF077FE00283046BFD060
:10E2B0000AE030460D46BBE7002D084E05D0288801
:10E2C000698809040E1800E0044E300CB1B2000455
:10E2D0004018FEBD91F7FFFF6E0800006F080000B8
:10E2E0005555000033330000FEB506AF00688A685C
:10E2F000930104D452010FD409F0C6FAFEBD02689E
:10E300000920114B0F2414401D5D841E01AEA5553C
:10E31000401E1209F6D10BE0026809200C4B0F24B5
:10E3200014401D5D841E01AEA555401E1209F6D194
:10E330000922101A009001A80319044C0222084671
:10E34000214609F051F9FEBD7C3E0210D440021076
:10E350004C3E0210D0B502AF006800788000044A3D
:10E360001358044A125803C9CC681946A047D0BDB7
:10E370008C3E02106C3E021080B500AF01F0CFFF62
:10E380000121484080BDFEB506AF06688568002DB6
:10E3900013D043682824214659430296029E08362A
:10E3A0007118C0680190C21A6243581B604330184C
:10E3B000029E11F025FC019800E0C068401B30600F
:10E3C000FEBDE0B502AF0068019001A8F8F7FEF8C5
:10E3D0008CBDE0B502AF0068019001A8F6F75CFAC9
:10E3E0008CBDE0B502AF0068019001A8F7F7F6FB1D
:10E3F0008CBDE0B502AF0068019001A8F9F70EF9F5
:10E400008CBDE0B502AF0068019001A8F7F74EFDA2
:10E410008CBDE0B502AF0068019001A8F7F7BCFA27
:10E420008CBDD4D4D0B502AF0C490A68002A04D000
:10E4300000220A6013210906096800780F210140B3
:10E4400001248C40F2F702FB05490A68054B134092
:10E450001A190A60C168C901FCD4D0BD18000014A3
:10E46000440400500000FFFF80B500AF017E032987
:10E4700005D0042906D1203000F022F880BD2030DC
:10E4800000F03DF880BD80B500AF017F032909D0C1
:10E49000042903D0052908D1203000E0303000F0F5
:10E4A0001EF880BD2030FFF7DFFF80BD80B500AFD4
:10E4B000FF212A31415C022901D900F02BF880BDEF
:10E4C00080B500AF017C032905D0042906D1403076
:10E4D00000F005F880BD183000F011F880BD80B55F
:10E4E00000AF417E032902D12030FFF7DFFF80BD5E
:10E4F00080B500AF407CC01EC0B20B2880BD80B587
:10E5000000AF2021415C032902D12830FFF7E7FF4B
:10E5100080BDD4D480B500AF0246406C11688842FB
:10E5200002D80020106080BD014B0A4609F052F964
:10E530002848021080B500AF2021415C032902D396
:10E540002430FFF76FFF80BDF0B503AF8BB00591AE
:10E55000049046480068C00500D082E04549104656
:10E560000AF0F7FF04460291B0202158491E2150BD
:10E570002068039065682646B836304605F034FBBF
:10E580000021039A101A8D41049A101A059AAA4183
:10E590005ED30191039083208000251803CD431A98
:10E5A000083D5A425A4104922B7A01220592059A5B
:10E5B0005340049A134006AA0092137407960991D7
:10E5C0000890039A0692002A0496324626461BD0EB
:10E5D0000098001D0399491E00F0A0FA002815D0EC
:10E5E000079A002A12D008AB0BCB0DE0142343434B
:10E5F000D3181C69641E1C61401C112800D1002026
:10E60000441A634263413446DB07EFD0019B059A0D
:10E6100003CD083D8842049900D12A7A120611D010
:10E62000142242438818006900280BD106AC20460A
:10E630000AF0A0FF2088104988420FD0059A13469F
:10E640003446E5E7D80703D04C342046F3F757FDAE
:10E6500002990868401C08600BB0F0BD074809F03B
:10E66000EFF8034809F0AFFA09F0D4FA04ED00E03E
:10E67000780000003C2202107F0800001C220210DB
:10E6800080B500AF2021415C032905D0042906D1C3
:10E69000283000F01BF880BD243000F00CF880BD5D
:10E6A00080B500AFFF218E31415C032902D13C309F
:10E6B00000F017F880BD80B500AF6B218900415C88
:10E6C000032902D1083000F0CBF980BD80B500AF3E
:10E6D000FF218A31415C032902D1383000F001F872
:10E6E00080BD80B500AF2921C900415C032902D15A
:10E6F0001030FFF71FFF80BD80B500AFDD2189001E
:10E70000415C032902D1001D00F066F980BD80B58F
:10E7100000AF2821415C032902D12C3000F043F8DE
:10E7200080BDD4D480B500AF4521C900415CC91E6D
:10E73000C9B2032905D88900024A5158401800F08F
:10E7400060F980BD5C3E021080B500AF4421415CA1
:10E75000042903D0032905D1482100E04C214018A9
:10E76000FFF7BFFF80BD80B500AFFF21E231415C04
:10E77000032902D11030FFF7E7FF80BD80B500AF5D
:10E780004821415C042902D14C3000F0AFF880BD33
:10E7900080B500AFDF218900415C032902D10C3034
:10E7A00000F01AF980BD80B500AF2821415C032933
:10E7B00002D12C30FFF7C8FF80BD80B500AF4021EB
:10E7C000415C032902D14430FFF7BEFF80BDD4D4A1
:10E7D00080B500AF4421415CC91E052916D8C0464A
:10E7E0007944097949008F44020A06110E12483013
:10E7F000FFF7E3FF80BD4830FFF7A6FF80BD48303C
:10E80000FFF7B1FF80BD4830FFF7CDFF80BD483036
:10E8100000F001F880BD80B500AF8021415C032984
:10E8200005D0042906D1843000F07EF880BD843004
:10E83000FFF726FF80BDD4D4D0B502AF04465034D4
:10E840006178C91E062914D87944097949008F4492
:10E850000303070B030307005430FFF784FF06E0B0
:10E860006430FFF771FF02E05430FFF7B1FF002082
:10E870002070D0BD80B500AFCB218900415CC91E9E
:10E88000C9B2042905D88900024A5158401800F03D
:10E89000B8F880BD644E021080B500AF6921415CBC
:10E8A000C91E0A2921D8C0467944097949008F44F4
:10E8B0000D05111C15050905190D09006C30FFF730
:10E8C00043FF80BD6C30FFF76EFF80BD6C30FFF7FB
:10E8D0004AFF80BD6C3000F01BF880BD6C30FFF744
:10E8E00016FF80BD7030FFF796FF80BD80B500AF8A
:10E8F000017BC91E042906D87944097949008F444F
:10E9000002020202030080BD1030FFF7F1FD80BD5E
:10E9100080B500AF1D210901415C032902D12C30D3
:10E9200000F09EF880BDD4D480B500AF6821415C72
:10E93000C91E082918D8C0467944097949008F446E
:10E94000040C080810140E0418006C30FFF7A8FE21
:10E9500080BD6C30FFF707FF80BD6C300AE070307F
:10E9600000E07C30FFF7F0FE80BD6C30FFF788FEE2
:10E9700080BD8430FFF7AAFE80BD80B500AF7A214C
:10E98000415C0A1F072A08D2836DC16D026E1846CA
:10E99000FFF7DAFD00F072F880BD0329FAD00029F4
:10E9A000F8D0F9E780B500AF39210901415C0329AE
:10E9B00002D1203000F010F880BD80B500AF017E9C
:10E9C000032905D0042906D11C3000F03AF880BD97
:10E9D0001C30FFF731FF80BDD0B502AF0446503484
:10E9E0006178032903D0042905D0052908D15430C2
:10E9F000FFF79AFF02E05430FFF7EAFE0020207094
:10EA0000D0BDD0B502AF044648346178032903D0A5
:10EA1000042905D0052908D14C30FFF73DFF02E05D
:10EA20004C30FFF7D5FE00202070D0BD80B500AF80
:10EA3000E1218900415C032902D11430FFF7CCFFAA
:10EA400080BD80B500AF017E032905D0042906D121
:10EA50001C30FFF779FE80BD1C30FFF711FE80BD32
:10EA600080B500AF0D214901415C032902D110306E
:10EA7000FFF716FE80BD80B500AF80BDB0B502AF18
:10EA8000044CA047044D01202860A04702202860C4
:10EA9000A047B0BD750A001000302050F8B504AF93
:10EAA0000246046840689368009368C968C2012CF4
:10EAB00002D1C16800988847F8BDD4D480B500AFB2
:10EAC00004490A6B002A03D10020C043086380BDBB
:10EAD00008F052FF0001002080B500AF0246006838
:10EAE000002805D10020C143104602C0114680BD58
:10EAF000084608F041FFD4D480B500AF0246006854
:10EB0000054B984204D2411C104602C0114680BDFC
:10EB1000084608F04BFFC046FFFFFF7FB0B502AFCD
:10EB20000446002907D00D46204607F001FE0028C4
:10EB300005D06D1EF8D1204607F0FAFDB0BD0020CB
:10EB4000B0BD80B500AF06C808388A4201D10020A8
:10EB500080BD4A1C0260490040180189012080BD27
:10EB600080B500AF06C808388A4201D1002080BDB8
:10EB70004A1C0260890040188168012080BD80B570
:10EB800000AF172900D280BD13460020162208F0DE
:10EB900021FED0B502AF8A4204D3212A02D2401806
:10EBA000511AD0BD202408461146224608F012FE14
:10EBB000DCB504AF044600932023084611462246E4
:10EBC000F1F715FEDCBDDCB504AF0446009301206F
:10EBD0000302084611462246F1F709FEDCBDD0B516
:10EBE00002AF13460446202208462146F1F790FE64
:10EBF000D0BDD4D4D0B502AF9A4204D3D21ACC1827
:10EC00001AC00260D0BDBA680148132108F006FAA4
:10EC100054460210D0B502AF9A4206D3D21A282425
:10EC20005C430C191AC00260D0BDBA6801481321B8
:10EC300008F0F4F954460210F0B503AF89B00D4660
:10EC400001460390224800906C0805A822462346FE
:10EC5000FFF7E0FF06980190059804901D4800908A
:10EC6000282675430398401961427143411805A84D
:10EC700022462346FFF7CEFF214666430598361805
:10EC8000049D283E06980390601E0290019C002976
:10EC900011D0002C11D0491E049103980299814291
:10ECA00010D20A22284631460AF084FD641E283517
:10ECB000283E0499EBE709B0F0BD084A01980146E7
:10ECC00008F0CEFD044A0498039908F0C9FDC04637
:10ECD00060460210704602109046021080460210F4
:10ECE000F8B504AF009106460B20C4432546242CFA
:10ECF00007D02C460C343019009910F029F900285F
:10ED0000F4D0243D681E85412846F8BDD0B502AF39
:10ED10009A4204D3D21ACC181AC00260D0BDBA6885
:10ED20000148132108F07AF954460210F0B503AFF8
:10ED300087B0082B1ED3DB080592A0251A465D4339
:10ED4000069141192323DE005643144682192346B7
:10ED500004941E4CA0470190069841198219049B07
:10ED6000A0470690059841198219049BA04706996F
:10ED7000024600E001901668059252680B68069101
:10ED80004D680121002004900296981B28460392AA
:10ED90009041084600D30498019C44CC083CD31A07
:10EDA0003346AB410D4600D3049D684001D106981F
:10EDB00005900298101A0398864100D304994D409B
:10EDC00000D1059C204607B0F0BDC0462DED0010D7
:10EDD000F0B503AF87B0082B1ED3DB080592A02542
:10EDE0001A465D43069141192323DE00564314461B
:10EDF0008219234604941E4CA0470190069841199D
:10EE00008219049BA0470690059841198219049B1A
:10EE1000A0470699024600E0019096680592D268E4
:10EE20008B680691CD680121002004900296981B02
:10EE3000284603929041084600D30498019CA2689A
:10EE4000E668D31A3346AB410D4600D3049D6840B3
:10EE500001D1069805900298101A0398864100D3B4
:10EE600004994D4000D1059C204607B0F0BDC04636
:10EE7000D1ED0010F0B503AF8DB00D46039088685A
:10EE8000C9682A46203A13685268C01A914132D2A2
:10EE900007CD02922A6801920B910A900C3D2946F7
:10EEA000103104A8182211F04EF8483D2C462E4689
:10EEB0004836203528223046294611F044F8039878
:10EEC000854208D02546283D03CC029A083C101AFA
:10EED00001988841EAD30A980B9920626162304612
:10EEE00020380299016001994160183E04A9182256
:10EEF000304611F028F80DB0F0BDF0B503AF8BB07F
:10EF0000019005C908390D46283D18CD083DC01AA5
:10EF1000A24122D2086800904C68083102A8202241
:10EF200011F011F82E46284628302822294611F0E3
:10EF30000AF80198854208D03546283D03CD009A4D
:10EF4000083D101A20468841ECD3009811C60036BF
:10EF500002A92022304610F0F6FF0BB0F0BDF0B54C
:10EF600003AF8BB00591026D436D846FC56F502167
:10EF700078260896A21A9D410A4600D3089A00D323
:10EF8000089108994118069103928118079118C8B1
:10EF9000056A426A012100260A960838EB1AA24146
:10EFA0000B4600D30A9B079A5268049200D20A9932
:10EFB000069C626828250A956943451809956D687D
:10EFC000039E8659415802960191711A049903953E
:10EFD000A94100D3099C0A994B43C5186E6808994A
:10EFE0004158C058081AB2412E4600D32646069B07
:10EFF00000D32B46099800D306980299019A891AE2
:10F000000499039A9141079C00D304462068089014
:10F010006568306804907068069001D3079809907D
:10F02000059819460A9A10F08EFF08980499401A1C
:10F0300006988541304600D32046089000D33446D8
:10F04000059D2846283021460A9C224610F07BFF69
:10F05000284650300899224610F075FF783528462A
:10F060000999224610F06FFF0BB0F0BDF0B503AF69
:10F07000754EB544754E6E444B0800D1DDE0054633
:10F0800028200A460B90099358430EA90C182818FB
:10F090000D900392072A0695029409D90EA92846D5
:10F0A000FFF75DFF0D982146FFF759FF04220CE0A2
:10F0B0000EA8282506992A4610F045FF20460D99EE
:10F0C0002A46069D10F03FFF01220021B160022078
:10F0D0007060059131600B980A9250430EA909188F
:10F0E0000891281807900999F1600398401A049034
:10F0F00056486844FFF734FD01281FD100290998BC
:10F100000D9001D004980D900B9841430898441835
:10F11000079846180EA840180C900A9D0D98854235
:10F12000E6D228222046314610F00DFF0C982146E9
:10F13000FFF7E3FE283428366D1CEFE70B980399A0
:10F1400048432838069D291808910EAA10180D90DA
:10F15000029E304628380A90099800284ED009901F
:10F1600030462830079011680C92506833687268F6
:10F170005C1A1446844100D3079600D30C9E591A9A
:10F18000824102D30C9828300C90284631460B9AC5
:10F1900010F0D9FE0A9E06CE0D9818C80120083E30
:10F1A000591A9441014600D205990491069500D35D
:10F1B00005980599CD4300282C4600D104463146D8
:10F1C00000D10D9908980B9E324610F0BCFE744396
:10F1D0000498002800D105460A9800190A900B9857
:10F1E00045430D9840190D900998401E08992839FB
:10F1F0000891069D2835079E0C9AAEE70A9928319A
:10F200000398C0070A9101D114460FE01446283430
:10F210008A4200D31446114600D331460A988242EE
:10F2200000D328362822284610F08DFE0A98844202
:10F2300007D10D982830864203D1FE1F053EB54602
:10F24000F0BD08F017FCC04634F8FFFFB807000017
:10F25000F0B503AF754EB544754E6E444B0800D102
:10F26000DEE0054628200A460B90099358430EA974
:10F270000C1828180D900392072A0695029409D9B4
:10F280000EA928460BF0C0FC0D9821460BF0BCFCE3
:10F2900004220CE00EA8282506992A4610F053FEF9
:10F2A00020460D992A46069D10F04DFE01220021B0
:10F2B000B16002207060059131600B980A92504352
:10F2C0000EA909180891281807900999F160039868
:10F2D000401A049056486844FFF742FC01281FD1A9
:10F2E000002909980D9001D004980D900B98414386
:10F2F00008984418079846180EA840180C900A9DC4
:10F300000D988542E6D228222046314610F01BFE99
:10F310000C982146FFF7AEFD283428366D1CEFE728
:10F320000B98039948432838069D291808910EAA7E
:10F3300010180D90029E304628380A90099800282F
:10F340004FD0099030462830079091680C92D068D1
:10F35000B368F2685C1A1446844100D3079600D360
:10F360000C9E591A824102D30C9828300C902846E2
:10F3700031460B9A10F0E7FD0A9EB168F2680D98CD
:10F380008368C4680120591A9441014600D2059946
:10F390000491069500D305980599CD4300282C4685
:10F3A00000D10446314600D10D9908980B9E324693
:10F3B00010F0C9FD74430498002800D105460A984E
:10F3C00000190A900B9845430D9840190D90099823
:10F3D000401E089928390891069D2835079E0C9AE9
:10F3E000ADE70A9928310398C0070A9101D1144664
:10F3F0000FE0144628348A4200D31446114600D345
:10F4000031460A98824200D328362822284610F036
:10F410009AFD0A98844207D10D982830864203D17C
:10F42000FE1F053EB546F0BD08F024FB34F8FFFF93
:10F43000B8070000FEB506AF0C468568C168026BD0
:10F440000290436B501B8B4101D3002000E0012050
:10F45000019000280ED0029930310222944218D037
:10F4600009C90D6A4E6A0839281A9E4119D22831F5
:10F47000521CF3E7029930310222944209D048C964
:10F48000086A4D6A0839C01AB5410AD32831521C9E
:10F49000F3E70198002803D002982146FFF7CCFB40
:10F4A000FEBD0120204310F0B0FB40003E2343404E
:10F4B00000220298214600F03FFBFEBDFEB506AFDC
:10F4C0000C4605684168826A0290C36A501B8B41F2
:10F4D00001D3002000E00120019000280ED0029905
:10F4E00028310222944218D009C90D6A4E6A08399F
:10F4F000281A9E4119D22831521CF3E7029928316B
:10F500000222944209D048C9086A4D6A0839C01AD3
:10F51000B5410AD32831521CF3E70198002803D0E3
:10F5200002982146FFF788FBFEBD0120204310F022
:10F530006CFB40003E23434000220298214600F02D
:10F54000B9F8FEBDF0B503AF8FB003904808461878
:10F550000091002E4ED0761E8E42019618D204A83D
:10F5600002902824039D2946224610F0ECFC2046F8
:10F5700070432E1828463146224610F041FB304693
:10F58000019E0299224610F0DEFC0099002000E066
:10F59000701AB1420A4600D33246029241004E1C14
:10F5A000964224D2891C91420DD228225143039CB9
:10F5B00061188B68C9687243A2189568D268EB1A03
:10F5C0008A4100D2761C282211467143039C61189F
:10F5D0008B68CD68504320188268C468D21AAC4149
:10F5E00005D20A220AF0E6F83046029AD6E70099D8
:10F5F000019EAEE70FB0F0BDF0B503AF91B00D4680
:10F600000390480846180091002E51D0761EAE4255
:10F61000019618D206A805902824039D2946224663
:10F6200010F091FC204670432E18284631462246A1
:10F6300010F0E6FA3046019E009D0599224610F032
:10F6400082FC002400E0741BB54200D335460295CD
:10F650006000421CAA4228D20594801CA8420DD208
:10F6600028214843039D2B185B6851436C1864683C
:10F6700028586958081A9C4100D2521C2820034679
:10F6800053431446039AD1184D680495059E46438A
:10F6900090194568D3589259D21A049A954104D2C8
:10F6A0000A220AF087F8029DD2E7009D019EABE78F
:10F6B00011B0F0BDF0B503AF9DB01C4607902129F5
:10F6C00000D217E2002C00D118E204922320C000DF
:10F6D000CB0858430D46079E3218A02058433118D6
:10F6E0000695402D2CD2059415680E92546848C991
:10F6F0000122002011900F950839581B15463046FD
:10F700001094A041104600D31198079C14CC0D9280
:10F71000D31A2346B3412E4600D3119E70400E9B50
:10F7200000D10B460F980D99081A1098844100D308
:10F73000119D6E400799084600D11846059C03E0CC
:10F740003046FFF7F3FA3146049B641E0594461ACF
:10F75000002B09D08D196868079989590CCB511A6B
:10F760000799834100D3B1E012A8119028240D46D7
:10F77000224610F0E8FBAE1928463146224610F02A
:10F780003FFA304611990F94224610F0DCFBE44812
:10F79000009012A801232946069AFFF73BFA139816
:10F7A000002800D1B3E1159D002D00D138E1149C53
:10F7B00012980D90206802906068039021460831ED
:10F7C00012A8202210F0BFFB0F9845436019089043
:10F7D000283D00230E9420462646283608998E425E
:10F7E0004FD210950F9C2146594311930E9A5518EC
:10F7F0000D990A680B9249680C91816A0991C16A56
:10F800000A912946224610F0FBF928463146224645
:10F8100010F099FB0B980999081A0C980A998141E4
:10F8200001D3119B01E0119B5B1C109D283D3046CC
:10F83000D3E71095064628360F9C214659430E9A69
:10F8400055180D990A680B9249680C91816A0991C3
:10F85000C16A0A912946224610F0D2F9284631465B
:10F86000224610F070FB0B980999081A0C980A9917
:10F87000814101D3119B01E0119B5B1C109D283D30
:10F880003046002D1193D4D10F9A14465C430E9D3F
:10F890002E190D990B680C9349681091314610F0A0
:10F8A000AFF9029828510546039C7460083612A9E6
:10F8B0002022304610F047FB0C98281A10988441FB
:10F8C00000D2B0E00698079C119DB0E012A81190FC
:10F8D00028260C46324610F036FB20462946324692
:10F8E00010F08EF928461199324610F02CFB8C4806
:10F8F000009012A801232146069AFFF78BF913986E
:10F90000002800D103E115990029119600D1C9E022
:10F91000149C12980D9020680490606808900D4621
:10F920002146083112A8202210F00DFB2946714310
:10F9300060180990283900230E9420462546283562
:10F94000099A954249D20F915E430E9A9619816A9F
:10F950000B91C16A0C910D990A680A924C68314664
:10F96000119A109310F04CF93046119E29463246F8
:10F9700010F0E9FA0B980A99081A0C98844101D200
:10F98000109B01E0109B5B1C0F9928392846D6E795
:10F990000F91054628355E430E9A9619816A0B91A0
:10F9A000C16A0C910D990A680A924C683146119A05
:10F9B00010F026F93046119E2946324610F0C3FA5F
:10F9C0000B980A99081A0C98844101D2109B01E007
:10F9D000109B5B1C0F992839284600291093D7D11A
:10F9E00032465E430E998D190D990C680C94496846
:10F9F0000F91294610F004F9049C0E988451089E3A
:10FA00006E60083512A92022284610F09CFA0C9846
:10FA1000001B0F98B04148D20699079D109C48E002
:10FA20000025079C05E0119D6D1C0698079C8542EA
:10FA300075D2119512A8109021460F9E324610F0F3
:10FA400082FA30466843251820462946324610F08F
:10FA5000D7F828461099324610F075FA33480090CE
:10FA600012A82146069A119BFFF7D4F8139C129D09
:10FA7000159A14992E48009012A80123FFF7CAF88E
:10FA80001398002846D0159E14980790129811904C
:10FA900028462146049A059C2346FFF70BFE314673
:10FAA000119A0CE60024079D06E0109C641C069940
:10FAB000079D8C42119E32D212A8109029463246E0
:10FAC00010F041FA6643AE1928463146119A10F0FB
:10FAD00097F83046119E1099324610F034FA601CA7
:10FAE00006998C420FD2091A4643AD190795002298
:10FAF000059CE4E50798FFF7B9FA02E00798FFF7DD
:10FB00007BFD1DB0F0BD074B0A4607F063FE0020E9
:10FB1000054A01E00020074A014607F0A1FEFEDE8B
:10FB2000A0460210C0460210B0460210D046021095
:10FB3000E0460210F0460210F0B503AF9FB01C463D
:10FB400004920790212900D225E2002C00D126E260
:10FB50002320C000CB0858430D46079E3218A02032
:10FB6000584331180695402D2DD2059495680E9274
:10FB7000D4688B68CE680122002011900F95581B25
:10FB8000154630461094A041104600D31198079CAA
:10FB9000A268E4680D92D31A2346B3412E4600D3DF
:10FBA000119E70400E9B00D10B460F980D99081ABC
:10FBB0001098844100D3119D6E400799084600D1EA
:10FBC0001846059C03E03046FFF702F93146641EF3
:10FBD0000594461A049B002B09D08D19A868E96882
:10FBE0009A68DB68101A8B41079900D3B7E014A814
:10FBF000119028250C462A4610F0A5F9A619204692
:10FC000031462A460FF0FCFF304611990F952A46DF
:10FC100010F099F9EB48009014A801232146069AA8
:10FC2000FEF7F8FF1598002800D1C1E1179D002DBF
:10FC300000D144E1169C14980D9007CC02922268E2
:10FC40000392139112900C3C2146103114A81822F3
:10FC500010F079F90F98454360190890283D00236A
:10FC60000E9420462646283608998E424FD210958B
:10FC70000F9C2146594311930E9A55180D998A6885
:10FC80000B92C9680C91016B0991416B0A9129464D
:10FC900022460FF0B5FF28463146224610F053F9B0
:10FCA0000B980999081A0C980A99814101D3119B64
:10FCB00001E0119B5B1C109D283D3046D3E7109559
:10FCC000064628360F9C214659430E9A55180D9921
:10FCD0008A680B92C9680C91016B0991416B0A917A
:10FCE000294622460FF08CFF28463146224610F066
:10FCF0002AF90B980999081A0C980A99814101D39D
:10FD0000119B01E0119B5B1C109D283D3046002D8E
:10FD10001193D4D10F9A14465C430E9D2E190D9960
:10FD20008B680C93C968109131460FF069FF1298E7
:10FD3000285113987060029DB560039CF4601036E2
:10FD400014A91822304610F0FEF80C98281A1098C2
:10FD5000844100D2B6E00698079C119DB6E014A835
:10FD6000119028260C46324610F0EDF82046294620
:10FD700032460FF045FF28461199324610F0E3F85D
:10FD80009048009014A801232146069AFEF742FFEE
:10FD90001598002800D10BE1179D002D119600D178
:10FDA000D0E0169C14980D9007CC0492226808921B
:10FDB000139112900C3C2146103114A8182210F017
:10FDC000C2F82946714360180990283900230E941F
:10FDD000204625462835099A954249D20F915E431F
:10FDE0000E9A9619016B0B91416B0C910D998A68D3
:10FDF0000A92CC683146119A10930FF001FF3046F9
:10FE0000119E2946324610F09EF80B980A99081A5E
:10FE10000C98844101D2109B01E0109B5B1C0F9950
:10FE200028392846D6E70F91054628355E430E9AB5
:10FE30009619016B0B91416B0C910D998A680A928E
:10FE4000CC683146119A0FF0DBFE3046119E2946F0
:10FE5000324610F078F80B980A99081A0C988441E9
:10FE600001D2109B01E0109B5B1C0F99283928469A
:10FE700000291093D7D132465E430E998D190D9902
:10FE80008C680C94C9680F9129460FF0B9FE12983E
:10FE90000E99885113986860049CAC60089EEE60CF
:10FEA000103514A91822284610F04DF80C98001BA4
:10FEB0000F98B04149D20699079D109C49E0002552
:10FEC000079C05E0119D6D1C0698079C854277D222
:10FED000119514A8109021460F9E324610F033F869
:10FEE0003046684325182046294632460FF088FEE2
:10FEF00028461099324610F026F83548009014A88C
:10FF00002146069A119BFEF785FE159C149D179AB3
:10FF100016993048009014A80123FEF77BFE15982F
:10FF2000002848D0179E16980790149811902846DC
:10FF30002146049A059C2346FFF7FEFD31461198A1
:10FF40000490FFE50024079D06E0109C641C0699C0
:10FF5000079D8C42119E33D214A810902946324638
:10FF60000FF0F1FF6643AE1928463146119A0FF0A3
:10FF700047FE3046119E109932460FF0E4FF601C98
:10FF800006998C4210D2091A4643AD1907950020F4
:10FF90000490059CD6E50798FFF75AF902E0079808
:10FFA000FFF7D0FA1FB0F0BD074B0A4607F012FC6E
:10FFB0000020064A01E00020074A014607F050FCF5
:10FFC000FEDEC046A0460210C0460210B046021037
:10FFD000D0460210E0460210F0460210E0B502AF33
:10FFE0000A46034901910090684601A906F0E0FF26
:10FFF0007C2D0210F8B504AF04461748174DA847EA
:020000041001E9
:100000001748A8471748A8471748A84725463C352A
:100010000026302E04D0A0190EF0FAFE0C36F8E7B8
:10002000303420460EF0E8FE104807F09BFD28789B
:10003000012807D1012007F09EFD0E4807F092FD30
:10004000681C00E00A4800780B4CA0476879A0477C
:100050002879A047F8BDC046B4000000657B0110B8
:10006000B500000009000000C30000000800000007
:10007000E80C02100D000000777B0110D0B502AF34
:1000800004460E4807F06EFD21780D487944097941
:1000900049008F440E02090B040D0D4809E00420AD
:1000A00007F069FD601C04E0084802E0064800E033
:1000B0000448007807F05FFDD0BDC046BD000000D9
:1000C000E80C0210264802100247021001470210F5
:1000D00000470210D0B502AF0348044CA0470448C3
:1000E000A0470020A047D0BD0C000000657B011098
:1000F000A8000000D0B502AF0348044CA047044854
:10010000A0470020A047D0BD0C000000657B011077
:10011000A9000000B0B502AF0C460546074807F03D
:1001200021FD012D06D1012007F025FD204607F015
:100130002BFDB0BD002007F01EFDB0BDAA000000E1
:10014000D0B502AF0446054807F00CFDE0B28000D0
:1001500003490858007807F00EFDD0BDB20000003A
:10016000784E0210F8B504AF0446214807F0FAFCB7
:100170002568A81E00D200207844007940008744FA
:10018000031511130F1C1E00002007F0F4FC194882
:1001900007F0E8FC002D14D0012D16D1012011E04C
:1001A00004200FE002200DE003200BE0012007F007
:1001B000E2FC20790BF018F8F8BD052002E00620DB
:1001C00000E0002007F0D7FCF8BD022007F0D3FCC8
:1001D0006568A4680848094EB0470948B0472846F2
:1001E00007F0DAFC204607F0D7FC0020B047F8BD46
:1001F000BE000000AF0000000C000000657B011095
:10020000AE000000BCB504AF15460A460146022404
:10021000064B2046F0F77CFB6BBA01AA1380044B17
:10022000009323460FF06AF8BCBDC046CC370210DD
:10023000DC370210BCB504AF15460A46014604245B
:10024000064B2046F0F764FB2ABA0192044A00925A
:1002500001AA23460FF052F8BCBDC046EC3702108D
:10026000FC37021080B500AF012904D9017840782D
:100270000002401880BD0A4600200221014B07F011
:10028000A9FAC04630380210BCB504AF15460A467C
:1002900001460224054B2046F0F73AFB01AA1580DF
:1002A000034B009323460FF029F8BCBD40380210E1
:1002B00050380210BCB504AF15460A460146042466
:1002C000054B2046F0F724FB0195044A009201AA51
:1002D00023460FF013F8BCBD6038021070380210CE
:1002E000D0B502AF037819201822002B02D1064B9B
:1002F00002D002E0034B00D1024603C9CC68194684
:10030000A047D0BD9938021080380210B0B502AFB6
:10031000044620C9001D09F0E3F92560B0BDD0B541
:1003200002AF024603780C780020A34213D1002BC1
:1003300007D08B7894789C420DD148785178091A6F
:1003400007E04878537843408878917841401943D2
:10035000C9B248424841D0BDF8B504AF7F240C4033
:1003600037D0C9B249B200291DD4102C32D220494D
:10037000002A00D04A1CE3001E4D5D196B680B403B
:1003800013436B60A100405A1B4E0640842000902E
:100390002E500C200EF0C5FF01208002301800996D
:1003A0006850164811E0102C19D21148002A00D0CC
:1003B000421CE1000F4BCD5805401543CD50C818E5
:1003C00001214903802281500E48E100401808F0C5
:1003D00043F8F8BD04481D21044A07F03BFA0248DF
:1003E0001D21074A07F036FA453902107439021008
:1003F000FFFFFF7F00001050FF030000843100204A
:100400006439021004310020FEB506AF0646007ABA
:10041000002804D0032804D0324807F021FB3068BC
:1004200070600B684A6830482030194608F031F88F
:1004300070684021415C002919D00122D3022B4869
:1004400001680C461C400292D503294A12681540E7
:10045000641911D10B0312D4C90601D551043CD43F
:100460000D200003274908600321052432E04030B5
:100470000121017003242DE00360022429E00521FD
:10048000490401600021CA43826050380160194864
:10049000194A782908D043189C6814409C60DC688D
:1004A0001440DC600831F4E701960025134E802DDE
:1004B00004D0701907F0D0FF0835F8E70024104E7B
:1004C0002546802D04D0701907F0C6FF0835F8E7DF
:1004D000019E029931722046FEBD10210160012467
:1004E0002146F7E7A4390210B03C0020500011501B
:1004F0008C00115000001050FFFFFF7F04310020DE
:10050000843100209020115080B500AF03C9CB6822
:1005100001491222984780BDD439021080B500AF3E
:1005200003C9CB6801490922984780BDE63902100A
:1005300080B500AF0CC808389A4203D0511C016046
:10054000117800E00421D21A5042504180BDE0B53C
:1005500002AF00200090C04301906846F1F738FFD9
:10056000F0B503AFB24EB544B24A6A442992B24ADA
:100570006A443192B14A6A4460925F910546B0483C
:1005800028182090AF4828184490AF482818249085
:10059000AE4828185690AE4828182190AD482B1820
:1005A000AD4828182590AD482A18AD48281857900E
:1005B000AC4828185B90AC4828185E90AB482818C7
:1005C0005D90AB4828185A90AA4828185990AA4814
:1005D00028182D90A94828181890A9482E18A9481D
:1005E00028185590A84828184F90A84828184D90CA
:1005F000A74828182B90A74828184E90A6482818D6
:100600003590A64828185390A54828182C90A5483E
:1006100028182890A44828182E90A448281830900C
:10062000A34828182A90A34828182790A2482818D9
:100630004A90A24828183B90A14828181B90A1482E
:1006400028181D90A04828181C90A04828181E9013
:100650000920179040012818459051208000281843
:1006600046902D205290C0002818479063208000AB
:10067000281848901B205190000128184990752097
:10068000810069184C91832189006C1823211991EC
:10069000490169183991C721C90069183891E921C0
:1006A000C90069183A91BF210901691822914001D6
:1006B00028182690ED20000128182390A32040013F
:1006C00028182F90AD204001281833905720800122
:1006D00028184B90AF204001281832907C482818E9
:1006E0005C9040785349694448311F9151496944AD
:1006F00048311A910121349109026191A91C3C9160
:10070000294626313D91294648313E9129466C3192
:100710003F9129468C3140912946B4314191294677
:10072000D43142912946FC314391639554935896B4
:100730004000C0467844808840008744040048094F
:100740006709650016141394149200245C980470D1
:1007500007F0B0FC5F4A5179012901D101F03AF963
:10076000C0B20126567107F009FD5B495B4808607D
:100770005B4DAC64E8686296B043E8606869012844
:10078000FCD12868032290432860A8680128FCD186
:1007900012921003086007F005FD5248524941606B
:1007A0008160AB2109010161504901605048016835
:1007B000F0220A40B02A07D00168B0220A43402143
:1007C0008A430260912141604A484B49C1604B49CC
:1007D000016041680029FCD5494E529870600A209A
:1007E0000EF09FFD3246629830607D20B0600C2094
:1007F00037907060434E30461168002900D594E070
:10080000401CF9D34048AFE01394579C207D191D3C
:1008100047911434499414924000C046784480882B
:10082000400087447300DE08F308BD048C04C04612
:1008300084F1FFFFF80B0000000B0000E006000051
:100840003E020000E6080000180C00001C0F00002B
:100850004C100000D41000001011000054110000D2
:100860000C1200002C1200004C1200006C12000050
:100870008C120000AC120000CC1200000813000023
:100880005C1300007C1300009C130000BC130000EC
:100890009C140000A4160000C4160000E41600001A
:1008A0000417000024170000CC170000EC1700000C
:1008B0000C1800002C1800007C1B00009C1B000082
:1008C000482A0000222B0000462B0000702B00005D
:1008D000D6100000B03C002000C00040BFCDFB009F
:1008E000308000400000064000009696A5BFFA0048
:1008F000004006400040024070170000A0BAFA0015
:1009000000800240C0BDF0FF5B000000579C6068A3
:100910005190A0685690E16852912069A17D629142
:100920000146607D50901D4649E331204003D06070
:100930005068082150918843506064200EF0F1FC0B
:100940006149529848600A2011900EF0EAFC5E4A14
:100950006298106078209060379850601068002886
:100960000AD4761CFAD3594807F022F907F056FC4E
:1009700007F00EFA07F04EF965200003D0605068CA
:1009800050998843506064200EF0CBFC02201690F2
:100990002860A8680428FCD161986860629A5002B7
:1009A0000E900C304A4908604A484B490861EC6097
:1009B00068690128FCD1EA6068690228FCD1619865
:1009C0002861D602AE61A8626E6268632E639004ED
:1009D0002864EE63414807F0E5FBE54307F06AFB56
:1009E0003D490D654D65C0B207F0C8FB3C48629DAE
:1009F00005603C4805603C4806600B20109007F0FD
:100A0000F5FB3A483A490160364806606E033648BD
:100A100006600D200F9007F0E9FB324A166035485A
:100A200020210160159111603348639D9C2C03D0F7
:100A300000210151241DF9E730494022629E002A1D
:100A400003D0002308C1521EF9E7092136914167FE
:100A50003799816706642048203007F0FDFC700458
:100A60000021402906D064AA50525218030C53802A
:100A7000091DF6E70021402907D0214A6A44505257
:100A80005218030C5380091DF5E71E48281864A965
:100A9000402422460FF057FA1B4828181849694489
:100AA0000B9422460FF04FFA1298C0015499088017
:100AB00013486844154A509B002B29D01146133126
:100AC00001805B1E4430F7E700C002405C0000007C
:100AD0002C80054040597307B03C0020FFFFFF0108
:100AE0003840054000E100E080E100E004040050EF
:100AF000FFFF000080E200E00000115000001050F5
:100B0000F80B000054100000941000006208000070
:100B10001120129042010C9264A80D90FC49694486
:100B20000FF0CEF80024FB48389EB060F460FA481D
:100B30003A9D68612C743698800163990818529028
:100B40000D990C9A0FF0A7F9F448F5495094AC614F
:100B5000F44A399B11C319605C609A60DC603470A0
:100B6000C920C000639908186299090238910EF0F3
:100B7000F8FFED48ED49EE4AEE4B2B606A60A96044
:100B8000E860ED480B9C8461EC480526C663EC499F
:100B90008020086007200D90EA498847E6484466AF
:100BA000E9480663629DA806E54A10601A2009908C
:100BB000E4498847E0488466E3488663E806E049FC
:100BC00008605198DF498847DB48C466DE48066400
:100BD0002807DB4A10601C203A90DA498847D6483B
:100BE0000467D94886646807D54908601D200C90C1
:100BF000D4498847D0484465D3480661A805D04AFF
:100C0000106016200A90CF498847CB48C464CE486C
:100C1000066028050490CA4A106014200790C9494C
:100C20008847C84AC4488465C7488661E805C449FE
:100C30000860172008909047BF480465C248866046
:100C40006805BF49086015200690BE498847BA4824
:100C5000001F0460B9484660B948056005465098D1
:100C6000B8498847B4484460B448466104202860C5
:100C7000054605901698B3498847AF488460AF4849
:100C8000C66108200290AE4908600320AD4988473C
:100C9000A948C460A94846621020A94908602846AE
:100CA000A84DA847A4480461A449CE621599A44A56
:100CB00011603046A847A0484461A0484663A04858
:100CC000046006203990A8479B48C4619B4846644D
:100CD00061989B4908600298A84797480462974822
:100CE000C6640E98964A10603698A8474A9A509B58
:100CF000937796489083964D964C97489749116004
:100D0000111D31C196481061964850619648906116
:100D10005C98629D05703B990B708B70934848609E
:100D20000F200E900002639C201891493A9A0FF010
:100D30000AF990482018904918220B920FF003F9F5
:100D40008E488F492150569A9571159B9380049B2C
:100D5000136020183B9005718A4820183146169D73
:100D60002A460EF0E9FFFF200230FC49605261186C
:100D7000629A0A714880FA48201831462A460EF0D5
:100D8000DBFFF848F4492150201862990171F648B8
:100D90002018039631462A460EF0CEFF449A399821
:100DA0001550F74850513C9B07985880F54E1E80CF
:100DB0000998D8819E81F949080C588319833D9878
:100DC000069B43800680089BC38186813A9B4383B0
:100DD000068312203E9B98835E8337981882DE81BB
:100DE0000B9898805E805098108030460F3020809D
:100DF000A0812083A0842086A0872546188398811F
:100E0000188013223F9CA2806680409B119A1A840E
:100E1000DE83059AE281A6812080491CE967509D06
:100E20006561EA4AE2610A99618326831D60E849A7
:100E30009960DD60E74959619D61988336995982CF
:100E40001E820D99D9809E80419C1099A180668058
:100E5000E1494B1CE3610E2363832683DF4B23614F
:100E600065610F9BE381A6812080429CA083332390
:100E7000638226820E9BE380A6802560A260E560E7
:100E8000D74A6261A561E6830C9A22841922439BAA
:100E90009A835E83399A1A82DE81519A9A805E80A3
:100EA0001883988118800A0C459B9A83598312995C
:100EB0001982DE81039999805E8018839881188059
:100EC0003821469A9183568337211182D681362163
:100ED00091805680108390811080314635460D31C7
:100EE000479A118391811180BE4A130C489EB383A7
:100EF00072832C243482F581B380549D72803083B8
:100F0000B08130802A22499CA2809E4A3CE0C046A3
:100F1000F80B000040420F001400140050C3000002
:100F2000C0D40100FA80FAC0032814040603320179
:100F3000640050006400140008C0014000400140FB
:100F4000280000D0F90C0010A44001400106000068
:100F500001140117011D0116011B011C0107011AD3
:100F60000115010001020103010401050108010945
:100F70000C3A0210E80E00001C3B0210C8080000EA
:100F800001010101CD0800006280639A2183A181E3
:100F900020804C9801803B99579C629EA67538989A
:100FA000A08262605698A0605298E0602161281D7E
:100FB000479020461430499050965192589E519B2C
:100FC0006B605298A860E960629931765099F1752A
:100FD0000022B275844A7360B260569DF56030613C
:100FE0002346183346933346163348935B9B6299E6
:100FF0007175509830755198A061E2611D605298EA
:1010000058602E79012E01D800F0DFFC286862902C
:10101000764806F0CDFD01205690C002744CA047E2
:10102000B000A047287907F06DF92868A04706F0BE
:10103000AFFE629900290DD06E48C01C0142639D2D
:10104000589E01D000F0C8FC5B9C2068007900032A
:10105000401808E0569840055B9C2168097909030F
:10106000411A639D589E6291A160E060B08A308011
:1010700061482818092149010EF0BEFE0020539B4B
:10108000187220460830F0613146629A0833569350
:101090001C315291559C41682260616061992031F8
:1010A000024608324F9B1A61596100214D9E7174AE
:1010B0004D49524AAA182523DB00C0187060B2605F
:1010C000F1605F9802684E4D6D4428462146F1F765
:1010D000A7FB2D780C2D04D103205699087001F040
:1010E00054F960982146046B0846FDF775FC012011
:1010F000569908705298FDF7FFFA062D5B9A06D1B3
:10110000E00704D010684179012900D0D7E0906849
:10111000D168589E529A16600022559C227603C4CC
:10112000083C1C36364868443146F3F739FB609872
:10113000806A0C2800D072E0042001F026F957984C
:10114000183056905E9BD81C5890D87807A1400064
:10115000085A40008744C04601010101D20800003E
:10116000D7080000DC080000E108000018004B046C
:101170005A047A025802A7029702B6026A02C412FF
:1011800000010102620800005B9D6969A869EA69C3
:10119000579BDB695593569C00F0E6FD62080800FA
:1011A000579818304690304616304890B07D559C80
:1011B00002A14000085A40008744C046250016049A
:1011C0002804980124007E017303A8016308040029
:1011D0006308010063080200620810006308200031
:1011E00063088000620828007C2D021015000000B2
:1011F000997B0110FC0F00003C120000ED1600006E
:10120000080700008DE770685190B268F568316991
:101210005291317E6291F07D5090579CE6E600201D
:101220004E9908705B982546034608335196336003
:101230004068579A9169D26906C42060083CEB6007
:1012400029616A61A86101204F990871B848086056
:101250000620287719685691596852911E46629364
:1012600009F088F84E9C60605698A0605298E06043
:10127000619820300836359A9660D0600020539EE1
:10128000707428461C30211DF54A639B9A1825234B
:10129000DB00629DEB1833607260B160F0605F98B4
:1012A00002680834F348684421466292F1F7EAFB89
:1012B0006099886A0C2859D1032001F0EBF88079F5
:1012C0000128589E01D000F0BAFC5799C8690068FF
:1012D000529C2060154608350020339B18715068D9
:1012E0008969559A156051609460D0601B1D5693B2
:1012F000156151619461D061002062904F9E3072FF
:10130000706007203070296852916968519109F026
:1013100031F8339CA0605298E06051982061619848
:101320002030294608314B9AD1601061329B629877
:10133000587520460830D049639A51182522D200AA
:10134000AA185A609960D8601E61589E5F9802681A
:101350000C34C848684421466292F1F793FB6099C7
:10136000886A0C2844D1032000F0A1FF8D6ACE6A60
:1013700020460C46FDF745FB0B2D00D06CE200200B
:1013800056902B9E30727060072030705599CD6852
:10139000296852916968509108F0ECFF4E9C60609A
:1013A0005298A0605098E06061982030294608313A
:1013B000359A9160D060539B56985874201DAC4963
:1013C000639A51182522D200AA181A6059609860B1
:1013D000DE600834A74868442146629AF1F752FB60
:1013E0006099886A0C2800D0ABE0042001F052F824
:1013F0008D6A2046FDF705FB0B2D01D000F0BBFFE9
:10140000112040015599CA6911184B684F938B6898
:101410005193CB6852930B6910584E9034988102C7
:10142000505851184968D04C155B121952882B9CA2
:10143000A2826582082250922271A3607D22D6008A
:1014400000254D9532462B460FF08AF820824E98A3
:101450004F9932462B460FF083F8E081519852990C
:1014600032462B460FF07CF8A081559805692E680E
:1014700068685290509808F07DFF339B9860DE605A
:101480005298186161982030294608314B9AD160F2
:101490001061329E4D987075201D1C46194608310A
:1014A000A24A639B9A182523DB00EB187360B26095
:1014B000F1603061589E7BE14E9C207831461C31B2
:1014C0005191400078448088400087440800990288
:1014D0009F020700FE019F0199010202DFE6559D70
:1014E00006CD2868519B1B68083DA8E61C3653981A
:1014F000014608315691007A0028529600D1F0E05A
:10150000032800D1DDE5994806F0AAFA339C201D96
:10151000569020794000C046784480884000874437
:101520000A006C027502090044013E016901C046CF
:10153000F02FDED90AE7559A156851689468D0688B
:10154000D6E68D6ACE6A20460C46FDF75AFA0B2D78
:1015500000D081E11120400155998B6919184A6822
:1015600045928A685292CA6856920A6918584490FD
:10157000012081025858591849687B4C1D5B1B1982
:101580005B88339E3382F5810823509333707260F9
:101590007D22D4000025439522462B460EF0E0FF25
:1015A000B0814498459922462B460EF0D9FF7081B0
:1015B0005298569922462B460EF0D2FF308155980C
:1015C000C5682868569068685290509808F0D2FE16
:1015D0004E9C60605698A0605298E0606198203000
:1015E00029460831359A9160D060539B43985874CE
:1015F000201D1F49639A51182522D200AA181A608B
:1016000059609860DE6004E1181D55904B980146C2
:101610000C315391007B002801D101F033FD0328E8
:1016200001D101F04AFD524806F01AFA32990879C0
:101630001A460832091D55910028539254D00328A8
:1016400001D101F0F1FF4B4806F00AFA18460830C4
:101650004E905D98007803A14000085A40008744EE
:10166000A51600000D00C901D5016C005200C0464E
:10167000A516000008070000A51500009E68D9689F
:1016800018695D9AD0E31846083055903298011DCC
:101690005391007900282BD0032801D101F099FE45
:1016A000354806F0DDF9181D62904B99087D14311C
:1016B0004B91002821D0032801D101F0DAFD2F48F9
:1016C00006F0CEF9181D559032980078002801D107
:1016D00001F0D6FE032801D101F008FF284806F0EA
:1016E000BFF930680268D6E49968D86801F056FFFF
:1016F0009968D8681C4601F03EFE9868D9681C4677
:10170000619B01F09DFD5D98011D509103461C33C6
:10171000007F03A15A9D51934000085A400087441E
:101720000700720175018501DE00C046A5150000A5
:101730005D9B5A689968D8686CE15D98001D50906F
:10174000599C204615306290607D40007844808826
:101750004000874417005C015B01A103DE00C80064
:10176000E400E100E800CD001C050000D02F0210CD
:10177000F02F0210682D0210482D0210942D021037
:10178000382D02105A984368816852912146E568C5
:1017900024695D9A566855969668539664E35F98F7
:1017A00000686290639D00F013FD5F98006862908E
:1017B0000C34FA4868442146629AF1F763F960995B
:1017C000886A0C2802D1042000F071FD8D6A204641
:1017D000FDF717F90B2D01D000F0CDFD0020559934
:1017E00049690F2252018A18339B9960DA601861A7
:1017F000639DC1E15F9800686290639D00F05DFDAC
:101800005F9800686290309A00F0D9FD5F98006898
:1018100062900834E94868442146629AF1F732F947
:101820006099886A0C2802D1052000F033FE8D6A89
:10183000CE6A20460C46FDF7E4F80B2D0CD10020B3
:10184000559909690F2252018A184E9C6160A26065
:10185000E060639D589EC9E1A562E662D74868448E
:10186000F8F7EEF8589E34984E990870519C20462F
:10187000FDF700F85B998868C9682060D048639DCF
:101880002818559AD0611160CE484F994E618C61ED
:10189000C86161982030086000204D994871CA489D
:1018A0000860CA482C185F980268C44868442146FA
:1018B000F1F7E8F86098806A0C2802D1062000F061
:1018C00064FD2046FDF79DF8BAE15F9800686290DC
:1018D0007FE55F98006862902E9A00F0DFFD5F98C8
:1018E000066801F06CFB5F980268639B5A9D7CE37D
:1018F0005F980268FA4863990C18B048684421461A
:10190000F0F7C6FD6099886A0C285A9D48D117984F
:10191000D0E25F98066823E35F980668BAE35F98B1
:1019200006685A9D7FE35F9806681834A3486844A8
:1019300021463246F0F778FE6098856A022D01D183
:101940000820B7E25296C66A006B55902046FCF715
:101950000AFF012D00D119E3002059998861CE6159
:101960002D99559A0A60F1075A9C28D01899087445
:101970005D9AD1681269E36824692D9D559E6E6059
:10198000AB60EC6029616A61511A00D20146559E34
:10199000002E00D10E0B701E2D998861529AA9E776
:1019A0008E6AC86A55902046FCF7CEFE53960B2EE1
:1019B00000D07CE35598000604D00020CFE3062039
:1019C00053903AE12D984068C9E3C64805E0C648FF
:1019D00006F046F8C54800E0C54806F0F4F806F001
:1019E00019F9C44806F03CF8C34806F039F8C34872
:1019F00006F036F8C24806F033F8C24806F030F870
:101A0000C14806F02DF8C14806F02AF8FEDEC048AD
:101A100006F026F81A6159619861136818320CC5EE
:101A200029606860002059990870083D5F98066831
:101A30006248684429463246F2F77CFD60998C6A18
:101A4000022C71D052965D486844428A5392008AB3
:101A50005590CE6A086B629028464D6BFCF710FEDD
:101A6000012C64D0002E31993DD0AA486844539A85
:101A7000C281559C84810E60629A4A608D600DF02F
:101A80000DFC042955D35D988269A242639D6ED3F3
:101A900041690420A04B2246EFF7BDFA02460B46EF
:101AA000464C6C44204611461A4609F03FFF267802
:101AB0000A2E44D041486844817C5391447C007C88
:101AC00052906098C16A5591016B6291406B4F9042
:101AD0003498519908705098FCF7B3FF012E06D046
:101AE0000B2E37D0FEE2639D529E01F07DFA539E8D
:101AF00052984F9B092C5A9D5E9A00D9F3E2032815
:101B000000D9F0E2002E00D0EDE2214604460C2080
:101B100048437821614392695118559A0A50081830
:101B2000629941608360DEE2032001F089FA5596F4
:101B300003E00420629000205590639D04E06098CB
:101B4000C16A5591006B62905199509801220A70B8
:101B5000FCF777FF6098559981626299C1621748D6
:101B60006844F7F76DFF34990E4601F076FA0020CD
:101B70006A4B214605F02EFE339C20460830EFF7D5
:101B800029FA00294B9B0BD000221A600F22520128
:101B90008A182346143307C31AE0C046080700001A
:101BA000559881690A68002A06D00021339CA260FA
:101BB0003498E0602161F9E2349A06E308070000F6
:101BC0003C1200007C2D021020300210781300001F
:101BD00053482818EFF70FFA0029CDD000220B4602
:101BE00078334B9C251D0BC5226104E3201DEFF7C4
:101BF000F1F9002908D000220F235B01CB182061E6
:101C00006161A361E2610BE05598406900680028BA
:101C100000D1CEE3002101226060A260E160BCE35C
:101C200040482818EFF7E7F90029DFD000220B46DB
:101C30007833359C0BC42260D4E3629B39E2639D08
:101C4000394829182520C4003848684422460EF037
:101C500037F80120B075364829188A78354B6B441F
:101C60009A70285C497809020818188030462E4678
:101C70000578022D02D10320499A8AE35498103046
:101C80002A496944559022460EF01AF8579C25704F
:101C9000294830182749694403220EF054F9A72037
:101CA0004000469A105CC01E04284CD801A1085C74
:101CB0004000874402480E08430055208000101859
:101CC000FCF71AFD3FE0552080001018FCF799FE44
:101CD00039E0552080001018FCF7CCFD33E0C046F9
:101CE000D41200009A000000343B02106300000090
:101CF0009B0000003427021010300210082F021041
:101D0000582D0210E02F0210003002108024021023
:101D10007C230210000B0000A0240210902402106B
:101D2000B8150000B816000034120000F80B0000CF
:101D30005D130000BC0600000D1200002B20C00047
:101D40001018FCF7EFFC0020A0615599E1615E9B43
:101D5000D870549A51689068D2685B9D6961A86197
:101D6000EA611834DB1C5893569423680AC528602E
:101D70006A6029214A0181188258083D072A12D831
:101D80002C2353431818F94BC018F94B0D33072A6D
:101D90000BD8002444628462038383810380521C35
:101DA0000A602C30F3E708200860A8680022319907
:101DB0000A6053924A608D21890042184558072DC8
:101DC0001CD862923821694308180121490244183D
:101DD00038345E9B072D14D8E64E6E44E6496944BC
:101DE0003046FEF793FA3822204631460EF0ABF823
:101DF0005E9B6D1C629805603834EBE7082010602C
:101E00005E9B559E002E00D1B5E35B99081D539C47
:101E10001C710E615D9A147009689E60D96018612A
:101E20001C4608344E94639D5E619961D86103CE6F
:101E3000559050605391916061992031083E33462E
:101E400008335A98436052918160002459994C7527
:101E5000CA4C2C192525ED007519CD600C610E4674
:101E600015366296161D5096519400260E75C56063
:101E700004615598D060539C14615361529B9361E7
:101E80008861CC612F98C66001202B9A907256729F
:101E90001560519850600C465F9806681834B54834
:101EA000684421463246F0F7BFFB6098856A022DF0
:101EB0000AD103206299087003205D99499A589BC2
:101EC0000870032001F01EFC5296C66A006B559004
:101ED0002046FCF748FC012D07D101205A994861A2
:101EE00053968E615598C861A7E600205A9D686197
:101EF000AE61559AEA61F10722D05D9CE0682169E4
:101F0000F2F784FC629B28600B21E161206A539107
:101F10000B2900D0CDE0002259990A75010306462D
:101F20005D9AD068126952924118954A8A18629255
:101F3000091D5591EC682969539151960546BCE0FD
:101F40002F99C86002212B9A917250725D99C868CE
:101F50000969599CA061E161E868296903C2529E40
:101F600018348448684421463246F0F75DFB609897
:101F7000856A022D01D104209CE75296C66A006B47
:101F800055902046FCF7EFFB012D09D15998349963
:101F900081615396C66155990162629B084688E04B
:101FA0000020599CA061E66131462D9E559A326011
:101FB000C9075A9D26D01899087411465D9AD368AE
:101FC0001269EC6853942C6971605399B160F460A4
:101FD00033617261D11A00D2014655980028639B83
:101FE00000D1080B401EB061529A66481C18614827
:101FF00068442146F0F74CFA6099886A0C281FD192
:10200000052057E706215D9BD96134992175189900
:102010000870E8682969A061E1610C330FCB0CC638
:1020200030607160529E18345248684421463246EE
:10203000F0F7F6FD6099886A0C2810D1062039E780
:102040008E6AC86A55902046FCF77EFB53960B2E8D
:102050002DD15598000600D183E0002083E05296F0
:102060008E6AC86A55902046FCF7B2FB53960B2E39
:102070001DD100202F99C86034992B9A917250720B
:102080005D99C8680969599CA061E161E86829699E
:1020900003C2529E18343748684421463246F0F74E
:1020A000C3FA6098856A022D3BD1072002E7629B44
:1020B0005598054600245998047501261E705098BD
:1020C000FCF7BAFB002C20D02F9804605399416094
:1020D00085605299C1605199016141615599816151
:1020E0006299C1615A9D00205D9B187761982030EC
:1020F0005E99496908312F9A5A609960D8601C46E8
:102100001C3451941C1D509484E46098539981624E
:10211000C56218486844F7F793FC639D349900F052
:102120009CFF5296C66A006B55902046FCF71BFB3D
:10213000012D07D1599834990160539646605599FD
:1021400081602AE70020599941C1559A0A60F10738
:102150005A9D19D05D99C8680969F2F757FB629BCF
:10216000D9E62D9840685D9CCCE6C0462405000069
:102170006208000008070000000B00006D1200005C
:10218000FC0F0000D41200002F99C86002212B9A86
:10219000917250725D99C8680969599CA061E161AA
:1021A000E868296903C2529EFFF7BFFBFA48281866
:1021B000EEF7F1FE00294B9A05D06061A161E16163
:1021C000002010608CE0349A559856990A7071E09E
:1021D000F2482C18F24868442146629AF0F752FC03
:1021E0006099886A0C2861D08D6A2046FCF709FC4A
:1021F0000B2D00D0BFE0EB48639D2818EEF7DAFE08
:10220000002900D1E4E44B9A52685292339A526901
:102210005192E34D6D442C464CC94CC4539C51998A
:10222000A171607152982071FD4863990E18304673
:102230000ECD0EC0559800695290016851914068CA
:1022400050903046F7F7ECFB4B9D6861D4486844EA
:102250004F90C01C102231460DF075FE3498287640
:10226000F0486399081813224F990DF06CFE5198AD
:10227000A0605098E06061982030529E314608314D
:102280002C9A9160D0600020289C607428461830F9
:1022900029461431E44A639DAA182523DB00F3186C
:1022A000589E23606260A160E06091E70520569926
:1022B000087066E0FCF736FAC1E4DC482C18B84830
:1022C00068442146629AF0F7DDFB6099886A0C2821
:1022D000589E58D08D6A2046FCF793FB0B2D4AD1AF
:1022E000D348639D2818EEF746FE002941D00446E6
:1022F00034988003E2B21018559A1269529213680A
:102300005193526850924B9D6860339840694F904A
:10231000A34E6E44F01C18220DF015FE0220287208
:10232000C448639908181B2231460DF00CFE329800
:102330004F99417104713598519981605099C160EC
:1023400061982030529E31460831539A9160D06096
:1023500000202C9C607428460830291D639DB24AD9
:10236000AA182523DB00F31823606260A160E060F7
:10237000A3E7339C1AE73498569908700C2D5598AA
:1023800098D1072001E0062091E7499A4899087002
:1023900003201070032000F0EFFDA7482818EEF787
:1023A000FAFD002905D0002220616161A161E2618E
:1023B00087E0012020705198FCF75CFA40E47848EF
:1023C00068441146629AF0F75DFB309860998A6A1A
:1023D0000C2A5ED08C6ACD6AFCF713FB0B2C00D064
:1023E000BEE0639D4E9C95482818EEF7E3FD00295A
:1023F00000D115E4359A1268569222695292684DBE
:102400006D442C464CC94CC42E99529A8A77487711
:10241000569808778A4863990C1820460ECD0EC04E
:102420005598C66830685690706852902046F7F705
:10243000F7FA359D28615A4868445090C01C102214
:1024400021460DF080FD349828757E486399081860
:10245000132250990DF077FD309A569810605298DB
:1024600050607948639908182521C90071182A9B82
:102470009961D8616198203008361E60589E586076
:102480000020279B58722846143010351D60586074
:1024900095E706204E990870052076E74048684485
:1024A0001146629AF0F7EEFA2E9860998A6A0C2A21
:1024B0005FD08C6ACD6AFCF7A4FA0B2C50D1639DD7
:1024C0004E9C62482818EEF756FD002900D164E7BB
:1024D000226956925E4B6B44449318224392044601
:1024E000529018460DF02FFD34988003E1B2081881
:1024F0005599CE683168509171684591359C20603E
:10250000274D6D44E81C4499439A0DF01CFD0220B0
:1025100020715048639908181B2229460DF013FDBD
:10252000539856994170529901702E9A50981060A4
:10253000459850604448639908182521C9007118CE
:10254000309B9961D8616198203008361E60589E92
:10255000586000202A994872201D0C6048609DE751
:1025600060988462C5620E486844F7F769FAFFF71D
:102570007AF907208EE7639D5B9801685E91406859
:1025800055900024282C0FD00548684400190A21D2
:102590000DF0DEFC0A34F5E7A8150000EC1600008B
:1025A00008070000C81500005B9881685391C06857
:1025B0005B902748684407F069F831990C68E00798
:1025C00001D000F0E6FC48685290234868441E2180
:1025D0000DF012FC214868442149694428220DF07D
:1025E000B2FC0126589806702B215698415CC91EF2
:1025F000052942D88A0001A189588F466D2601100D
:1026000075260110192601101526011065260110E6
:1026100015260110303026E02C30FCF707FA2CE0AC
:10262000DC160000D9150000A5150000CC1600002E
:10263000B8150000C9150000A8160000C816000053
:10264000DC170000D9160000A5160000B81600001F
:10265000000B0000C9160000C0060000E0060000E4
:10266000080700002C30FCF79DF906E03030FCF73D
:10267000A4F902E02C30FCF78BF8DE48291825205D
:10268000C20064A862920DF01BFBDB4829188A780F
:10269000ECAB9A70285C4978090208181880579C9E
:1026A0002578F5A8D549694428220DF04CFCEDA801
:1026B000D34969441E220DF046FC26755895022D1B
:1026C00000D167E65D96CF4868444F90F5A928226F
:1026D0004E920DF038FCCC4868445190EDA91E2272
:1026E00050920DF030FCFFA80430569064A9629A15
:1026F0000DF0E6FAECA88078FFA957918870EC9865
:102700000880639C00254C9EF5607920800020188D
:102710004F994E9A0DF017FC1398559901605E99E8
:102720004160539981605B99C160529901611120A8
:10273000400120185199509A0DF005FC2098058011
:10274000B248201852905699629A0DF0B9FA219821
:1027500058990170AE482018032257995B920DF0EA
:10276000F2FB0C364C96402D06D064A80021415156
:10277000401941601035F6E7A64C6C440A25002D3F
:1027800007D064A9402220460DF0DDFB6D1E4034C9
:10279000F5E705F0B9FC62905E9100209E49133187
:1027A000639E802803D064AA11521030F9E70020FC
:1027B000182805D09949694402220A54001DF7E7F8
:1027C0009748684406F062FF31990C68E00700D032
:1027D000E7E38F2000013318486857900025269CB6
:1027E000E5614C9860612498056005205890C2010D
:1027F00088496944519318460DF04DFB629820605A
:102800005E986060239C5B9E2671A670258022984E
:102810005D990170E5722581B72000016399081860
:1028200064A9802255920DF04BFA7E4863990D50B1
:10283000A581081845608560B00208180E467749E2
:10284000694418220DF07FFBE58077483018092194
:102850000DF07EFB5798269988615D98A072282D0F
:1028600009D06C486844002141534019C1808180DF
:1028700041800835F3E76D48684466496944282279
:102880000DF061FB002454988470142C07D061482B
:102890006844001905210DF05BFB641DF5E76448F1
:1028A000684456900830282457944A9922460DF0DF
:1028B0004AFB6048684462905C49694422460DF0D6
:1028C00042FB5D48684454905249694414242246AE
:1028D0000DF039FB002547980560456087204001D1
:1028E000639E3018302256990DF02DFB2598056017
:1028F000456052483018549922460DF024FB504848
:1029000030186299579A0DF01EFB14985D99017169
:10291000149005604B4868446290162631465496E0
:102920000DF06AFA3B4C6C44204631460DF064FAD7
:10293000454E304628302146EFF726F83046113014
:1029400053906299EFF720F840488047404E5899DD
:102950003172C0B23F4CA0473C488047B561F56139
:102960002E46C0B2A0473C48559D05603B480560D7
:102970003B4C042062902060EEF77CF808205790D2
:102980002060EEF777F83748066040210160364A4C
:1029900006215691D160422101602C4880472C4B82
:1029A00099690222589211439961C0B22949884716
:1029B0002E4853990161549941618661C6610F4C5B
:1029C0006C445D98A080E6716098066028480560B8
:1029D0001E488047FF210906264A13688B4313606F
:1029E000C0B21C498847E079002845D15D98C002F3
:1029F000FE3843E0E41000000D120000E006000085
:102A0000C00600004805000028050000240F000053
:102A10004D100000F80B00006208000008070000DD
:102A2000000B0000A80E0000DE0E00007005000084
:102A3000D805000098050000C0050000181100002E
:102A40002C1100000C060000243D0020B580011070
:102A5000B03C00207D81011080E200E000E100E058
:102A60000030205008C0014000400140000100201B
:102A700080E100E004E400E06198801CA949486618
:102A8000A9480560A948056060792999CE614E6121
:102A9000221D5592CA60A11D0028619100D10146F6
:102AA000299801610C24629D5E96142C2FD0A048B9
:102AB00068440659002E26D030787E2101401E2918
:102AC00000D35FE2C006000E9A49081841685B9A7D
:102AD00012039143984A5118091D41603078974D6F
:102AE000A8470168589A114301603078A8470168E7
:102AF000579A1143629A914301603078A847016860
:102B00005D9A11430160241D5E9E629DCDE78C4855
:102B10008C49609A9662D562116350638A48684412
:102B200004242146FCF70DF8C00707D0442D00D13E
:102B30002DE264A84153761CAD1CEFE764968348F0
:102B4000299908607A4868445E90001D64A944226F
:102B50000DF0B6F800251F9805715B99418005704E
:102B60007B486844629040795B90774E6E44304673
:102B70000F3005210DF0ECF9B5755D98B082B57791
:102B8000B583B5766098C56205637248684457900E
:102B900062995E9AEDF7A6FF5B980028619800D1D4
:102BA0005598F59000D15694F5AA304657995D9BFB
:102BB000EEF748F856986299081800785E90E12080
:102BC000060365480469204631460DF021FA210BC1
:102BD000E02900D8DFE15C4969440A79202A00D362
:102BE000DCE15B9658496944897D212900D3E0E105
:102BF00000044C4B186054486844837FDB07DB0EAD
:102C0000C47CE406240DE318609CA46B6407C67BB7
:102C1000B6073419467CF606F6083419D204224366
:102C2000047FA4041219447F64041219847CE4060E
:102C3000E40B12191A4343790F246294234013437F
:102C4000384C6360027D531E9A419204C906C9093B
:102C50001143427D12048918404A0A43A2601F2191
:102C600061915E9A0A40817949078918C2795207B1
:102C7000D2088918427AD206120B8918827AD206B3
:102C8000520C8918C27AD206920D89185D9E3205BF
:102C900089186161807E01280DD12B486844C17E6E
:102CA0002C486844417000218170017005F0B6FF26
:102CB00080B21C49086126486844C079284C012824
:102CC00004D123486844F6F7C7FC26601E486844D0
:102CD0000B21418323498031018323491E31C18265
:102CE000CA21818221482249224A609C6264A164EF
:102CF000E06421482149224A1023A562E36222634D
:102D00006163A0630424104868441021FBF719FF95
:102D1000C00737D0442C00D139E164A801536D1CA1
:102D2000A41CF0E7C800205080E200E000E100E0D1
:102D3000F80B000000400140FC0F0000C1810110B1
:102D400081604206A09F27F70807000001010203E7
:102D5000E0060000000B0000B03C0020000008402E
:102D6000002020502020000002C0FFFF02C0000011
:102D700002008B002080CD000140440627E04AE697
:102D8000202001C26495002529980560E148684427
:102D90005E90001D64A944220CF092FF1A98057100
:102DA0006299418005703446DB4E6E4430460F30E8
:102DB00005210DF0CDF83576F4757576B577B583C8
:102DC000B57635736098C5620563D44C6C44D449BC
:102DD00069445D9120465E9AEDF784FE04223046F8
:102DE00021462B46EDF72EFF5D9800795E90CD4889
:102DF000046920465B9E31460DF00AF9B44200D2C8
:102E0000C9E0C54969440A79202A00D3C6E0C2490D
:102E10006944497E212900D3CEE00004C24B986169
:102E20006098806B4307BC486844C47BA407E318E0
:102E30005E9E619C264034061B19D2041A43037F10
:102E40009B04D218437F5B04D218837CDB06DB0B28
:102E5000D218837FDB07DB0EC47CE406240DE31865
:102E600013434279629C22401A43AF4CE261C27D17
:102E7000531E9A41D204C90689081143027E5204A6
:102E80008918AA4A0A432262234681794907C279EE
:102E90005207D2085118027A920692098918F20351
:102EA0008918827AD206520C8918C27AD206920DFB
:102EB0008918027B619C22400A43DA62807E0128E5
:102EC0000CD1954868441C46C17E944868444170C2
:102ED0008570057005F0A2FE80B2A062904868443B
:102EE000F6F750FB5898924908609248639E311853
:102EF000609802686292406861908F4C6C442046F2
:102F0000143082220CF0DCFE1498C56005615999DA
:102F1000CD600D6162980860619848605A98C561FB
:102F20000D721B984C99016052994160834830188A
:102F3000834971183C220DF006F882483018962219
:102F400021460CF0BDFE06201D990D500E20479A1B
:102F50000A50881D45600D701C9805701E980574F8
:102F6000056045603546519981608B2040012818E5
:102F70005F9900F061FF04205C994870FE1F053ED8
:102F8000B546F0BD70481D21704A04F063FC03F0A3
:102F9000D9FF6F4806E06F48FEF71FFD6E48FEF749
:102FA0001CFD6E4804F004FE200A06F01FFCFDF72D
:102FB000DFFC6B48FEF711FD6A48FEF70EFD564830
:102FC000684429463246EFF763FA6098846A0C2C0D
:102FD00035D05149694428460D79FBF7B5FB0B2CD8
:102FE00001D1022D1AD1639D5D9C21694A698868CF
:102FF000C968F1F70BFC2169486121690A694869D0
:10300000904222D01CC90C39C9685A9D1CC5296040
:10301000686000202D9908710C3DD0E75D9B186910
:1030200081684269120351184F4A8A18091D81614B
:10303000C261986959691A695A9DFEF7EEFC04202D
:10304000519908700420FEF738FF349C51980470A1
:103050005098FBF7F6FC214600265D9801704E98CB
:10306000FBF7ABFC00204B9A10735B9988685E9B62
:103070009860187909695960304398700C325392FE
:10308000181D559059689868D860086862904A6819
:103090005A61364A1846364BEB182524E4000C19C1
:1030A0005A9E7461B361F261619A2032083106C69A
:1030B0000021599A5170629901612E482C185F982D
:1030C0000268154D6D4428462146EFF7A9FB2D787F
:1030D0000C2D04D1032053990870042010E30E48EE
:1030E0006844018A5291C189519180895090609EB3
:1030F000F06A5390306B62902046FBF76DFC0B2D0D
:103100003AD15398B0626298F06203486844F6F787
:1031100097FC76E0F80B000008070000000B0000A9
:10312000E0060000B03C0020C800205000000480F1
:10313000002020505410000024060000502A0000F7
:10314000E80E00008C2A0000C8380210E83802108F
:10315000A20000006200000064000000A300000064
:103160006500000066000000FC0F0000802D0210CA
:10317000CD1500005C1200006299082D41D17D2020
:10318000C2004F9288B20024214623460CF073FD02
:103190004E915E9EF2684D924521C9004891505073
:1031A00019980001F168539A0A506298000C214660
:1031B0004F9A23460CF05FFD62911121490146911F
:1031C000F26853925050509821464F9A23460CF083
:1031D00052FD01229202F36898504D98489C0019C4
:1031E0004E9C44605398469C0019629C4460981819
:1031F0004160F068F149519A4252F068F049529AA0
:10320000425201204B9E30735598FBF7C1FA619BE7
:103210005E9CE360002030755B9A106960600B3D36
:1032200068426841A178014361708120C0009168C3
:103230000818A060211D629114364B961946639DB3
:1032400061612061606806C8A161E2612521C90051
:10325000083841185A9AD1611946203108309060D7
:10326000D1600020599A5072D648D7496918116028
:103270005060D6482D185F980268D54E6E4430468F
:103280002946EFF7CDFA36780C2E04D103204B995E
:103290000870052034E2CE496944C878CD4A6A44B2
:1032A000907048788B781B0218181080609CE06A38
:1032B0005290206B53900C31C7486844F8220CF0B0
:1032C000FFFC2846FBF788FB0B2E559609D1529838
:1032D000A0625398E062BE486844F6F7B1FB639D74
:1032E0002EE052985399002E639D29D1B84D6D441C
:1032F0000246E870B748684400682880E971100EFB
:10330000A871100C6871100A2871B248684480785E
:10331000A870080EA872080C6872080A287228465D
:103320000B30AD496944F5220CF00DFE5E99086939
:103330004969F74A00922A46639D619B0BF0DEFFC4
:1033400001204B9908706298FBF770FB0020329EB9
:1033500030715B99886809695E9CA160E060559B4B
:103360000B3B5A425A41637813432371321D5392E7
:1033700022460832559200231122520182182161FF
:10338000214614310DC1904262D05D9E30604430C0
:103390006061E069411CE16103210903C0B240188A
:1033A0007060206906C8F260B16061992031083808
:1033B000024608325A9B9A61D9610021599C617674
:1033C000311DD44AAA182523DB00C018E060226111
:1033D0006161D1482D185F980268D54E6E44304621
:1033E0002946EFF71DFA36780C2E55D06098C46A3E
:1033F000006B6290CE4969440C31CE486844F82293
:103400000CF05EFC2846FBF7E7FA032E0CD02146B1
:10341000629C0B2E17D160988162C462C4486844D4
:10342000F6F70EFB012514E05D9805682C606298A4
:10343000686028460830BF49694438220CF083FD93
:103440004020002129525E9C6069A269639D9AE731
:1034500000250120329C20715598FBF7A3FA00202B
:1034600020705E9B18795B9A116928431870292097
:1034700040019268101859609860181D5590639D1E
:1034800059689868D96002C8186100229A612C2294
:103490004A438118596104E00320539908700620BB
:1034A0002EE188425FD0D8612C3018619869411CA8
:1034B000996105210903C0B240185D9C2060D8685D
:1034C00006C8A2606160619920310838024608325E
:1034D0005A9B5A6199610021599B59758F49691806
:1034E0002522D20080181A46083213C28C482D18A3
:1034F0005F9802688E4E6E4430462946EFF790F989
:1035000036780C2E54D06098C46A006B629088495B
:1035100069440C3188486844F8220CF0D1FB2846F5
:10352000FBF75AFA042E0ED02146629C0B2E639DA7
:103530005E9B15D160988162C4627D486844F6F74D
:103540007FFA012510E05E9DE869046062994160A0
:1035500008307949694424220CF0F5FC2B46639D20
:10356000186959699DE700250120329C2070559803
:10357000FBF718FA002020715B9A11695E9B18789E
:10358000284318718D208000926810189960D860C7
:10359000221D55921A4608325392639D196102C842
:1035A0000022DA61586138224A438118996115E096
:1035B0000320329908700720A2E0C0461C050000D5
:1035C0001E050000782D0210D515000064120000C1
:1035D000080700000C0900001408000088425FD0B2
:1035E0005D9E306038305861D869411CD96107212F
:1035F0000903C0B240187060186906C8F260B16073
:10360000619920310838024608325A9B9A61D96183
:103610000021599C6176311D3E4AAA182523DB0002
:10362000C018E060226161613B482D185F98026814
:103630003F4E6E4430462946EFF7F2F836780C2EAE
:103640005AD06098C46A006B6290394969440C3161
:1036500036486844F8220CF033FB2846FBF7BCF9E7
:10366000052E0DD02146629C0B2E639D14D16098CF
:103670008162C4622E486844F6F7E2F9012510E041
:103680005D98006804606299416008302749694488
:1036900030220CF058FC639D5E9B586999699DE748
:1036A00000250120559908705398FBF77BF9002DF0
:1036B00005D15E980079C00701D1FEF75CFF19487B
:1036C00004F081FA5B98006906C82523DB000838FE
:1036D000C0185E9B1B1D07C300205D990870639D89
:1036E0001148291812486844F1F75AF86098806A1E
:1036F0000C280BD1092003E00320559908700820FD
:10370000499A589B18700420FEF743FE06F07CF897
:10371000A42D0210E515000074120000E115000050
:10372000701200007C00000050120000000B00002E
:103730000807000010090000080A0000F0B503AFF8
:1037400087B006920C460590481D0D4630350E4652
:103750005436897B4900C0467944898849008F44A2
:103760000600F40002013300C6006E0094000178E8
:10377000427812025118E21D0392226804922279C3
:103780007A441279520097440192456A019121824C
:1037900020461230072203990CF0D5FB002060660A
:1037A0000290A0660198010A717430740521C94322
:1037B000304610300390002900D1AAE06218537EF1
:1037C0006C201354491CF6E7681C04906878C046C6
:1037D000784400794000874402BBC6D3EA00E06A1F
:1037E000A062626A092A00D3B5E0216A0391818848
:1037F000082A00D19BE0002900D1B1E010460291D7
:10380000029901920CF0CCFE019A4842484102997B
:10381000287090E0002601752661666126760222F6
:10382000E2610B0A43756174A374227404984068C2
:10383000224610322262032262626E70E0622046EB
:1038400020300699EDF734FEC0B202282DD00328AF
:10385000059B00D0C1E00A2018600520CFE00E468D
:1038600021742046133007210CF072FB0120E06127
:10387000A6740320607404984068E06202206062CD
:1038800020461130206200206870204620300699C2
:10389000EDF70EFEC0B2022807D00328059B00D02A
:1038A0009BE00A2018600620A9E01C202FE00E46AD
:1038B000218220461230032203990CF044FB0020A1
:1038C000E07620776077310AE175A6750121617590
:1038D00005212162618A2183217DA17604994968AD
:1038E00021630621A162687120461530606220467E
:1038F00024300699EDF7DCFDC0B2022806D003287B
:10390000059B6AD10A201860042078E02020059BDE
:103910006BE00822E26104980068E0626262039949
:10392000216202996970A062691C0491818800205B
:103930002870002904D003986063A263E16313E058
:1039400034483721344A03F069FB314804F088F8E1
:103950002C4804F085F82C4804F035F904F05AF9A5
:103960002A4804F073F8FEDE2046343000F036FAC0
:10397000002812D000223273A26A22646064A1641B
:10398000204640300699ECF741FFC0B20228EBD048
:1039900003281ED10320059B15E0287801281FD19C
:1039A000002001213070A26A6263A163E0632046B7
:1039B00034300699ECF72AFFC0B20228059B10D0DC
:1039C000032807D10420049908700A2018600320F6
:1039D00015E0059B0121049A11700021032209E0E2
:1039E000059B0120049908701C202058FF220146E5
:1039F00091430922C0B208431A6058600120A073A5
:103A000007B0F0BD982002106F000000782002106F
:103A1000443B02103437021088200210F0B503AF87
:103A200085B0044603AD2846214600F017F9012071
:103A300042062878012802D103A846784AE0049873
:103A40000E26012846D80190029203AD2846214651
:103A500000F004F92878012802D103A8467829E06B
:103A6000049D042D26D8204600F0D0F8C10702D0CE
:103A70001A49084004E0410CC003C0174840000444
:103A8000C10703D116490840401C04E00F21090476
:103A900000020840801CFF21C2B2022A01D1134655
:103AA00001E00B060340090401405918090C022AE1
:103AB00002D10E46029A0DE0C007029A0AD003A86E
:103AC0000180EAB21204407800021018019A12062E
:103AD00082180E46F0B2104305B0F0BD01FF0000A1
:103AE0000000FFFFFEB506AF0446032002900191DF
:103AF00001A8EDF717FA0546000E032803D10220AE
:103B0000E0702570FEBD022822D001A8EDF70AFA68
:103B10000646000E032803D10220E0702670FEBD89
:103B2000022815D001A8EDF7FDF9010E032903D1F4
:103B30000221E1702070FEBD022909D02081A680FB
:103B40002580000C6081300CE080280C6080FEBD78
:103B50000220E0700E20EDE7B0B502AF0D4604463E
:103B6000007B002804D0032810D0104803F078FF11
:103B70000F4860600521490301600C200BF0D1FB68
:103B80002920800261680860201DA06006CD0948D8
:103B900004F07FFC01208202A168096809681140D5
:103BA00000D003202073880AB0BDC046F43B021049
:103BB000800010500431002080B500AF0179C907A2
:103BC00009D1064903220A600121CA02044B5A6046
:103BD0001A60017180BD034803F042FF6820115054
:103BE00080001050043C021080B500AF55218900C0
:103BF0004118087A002801D0112080BD03C98142F4
:103C000002D2081A113080BD081A80BDF8B504AF81
:103C100004460025EE43022E15D02046FCF788FC12
:103C2000C00712D1761C7F200840072272430F2361
:103C300013409840054348B20028ECD4022E08D126
:103C4000C8B2032805D90448F8BDC8B20002401C18
:103C5000F8BD2804F8BDC04601050000FEB506AF5A
:103C6000029101900026F4433546042C14D00298AA
:103C7000FCF75EFCC00713D11F2030407F220A40B2
:103C800082401543F61D641C48B20028EDD4042C74
:103C90000CD1C8B20F2809D905200199487002E05B
:103CA00001984170014601200870FEBD01994D60E8
:103CB0000020F9E7BCB504AF01AA0023937013807C
:103CC00089B20122042A0CD001AB9B185C1E217022
:103CD000CB0907D0C9B280250D432570521C194667
:103CE000F0E7032201A900F00FF8BCBDE0B502AF78
:103CF0006B4600221A71DA709A705A70197001229C
:103D0000194600F001F88CBDF0B503AF87B014463A
:103D10000646002C43D002910A7804AD284631466D
:103D200003F01CF92878002803940FD0012816D13D
:103D30003569B068069C059A29461B4B05F052F878
:103D40000470F068A84228D0002105E004A9F068BA
:103D50003269904221D049780170401C17E004A8D4
:103D6000447A3569B06806990191059A29460D4B48
:103D700005F038F801990170F068A8420DD0047080
:103D8000411CF160A94208D000214170801C0299B9
:103D9000491CF060039C641EBBE7022000E0102079
:103DA00007B0F0BDC43B0210B43B0210F8B504AF3D
:103DB0000D4606460069ECF7FDFB0446C0B202283A
:103DC00008D13046294604F0E1FB002801D1022049
:103DD00000E00320FF218C430019F8BDD0B502AFED
:103DE00086B04268002A0ED00446836801680748FE
:103DF0000090934200D3134602A8FAF787FF02AB64
:103E00000FCB0CC400E0002006B0D0BDE03C021097
:103E1000B0B502AF0C46054604F0B8FB002808D048
:103E200028692146ECF7C6FBC1B2022900D1032064
:103E3000B0BD0220B0BDD4D4F0B503AFFFB0FFB029
:103E4000AFB0FFAA9C3220922E9105462B20C000D5
:103E50002958032221925140281822904068084393
:103E60004142414123919EAA112125919EA90028FA
:103E7000309501D101F06DFB19921A91F44829187F
:103E80000620189008582691891D1E914968012323
:103E9000002402221D92121A1B9422468A411C936E
:103EA00001D200F0CDFCEE4AAB180843414241413B
:103EB000179100281E9A2B9300D04BE1E94828184F
:103EC00026990E311F912490007840007844808814
:103ED000400087444C00240D240D06000D011E00F7
:103EE0003A00249B981C29902B99081D279008794B
:103EF000002834D0032837D119461A31987E00287B
:103F00002FD028910328299B00D10FE1D64803F038
:103F1000A7FD1D98249E31582E9802689EAC20461D
:103F2000ECF7EEFA2078082803D105201E9A3346D4
:103F30000EE1B01CCD490160CD482818CD49691863
:103F40003CC83CC1309D00880880CB4828182E9979
:103F5000096802F005FF002809D00620D2E00868B1
:103F600010E01220185813E0C44803F079FD002037
:103F70002B9908711F9800680860249B9A1C29924D
:103F8000091D2791122158500021997619461A319E
:103F9000289116215850826BC46B05202A905043FB
:103FA000403033900A205043610040181030329066
:103FB00050002D94E100081854303190163334939A
:103FC000032A00D9A1E03498006832994518501CA2
:103FD0002F9031982D9B2C920246042B4ED8287896
:103FE000012847D13498016880203791085C002867
:103FF000399338920AD068781F210140A0480068A0
:10400000C840012101404E424E4107E068781F211F
:1040100001409B480068C8400126064004F074F83F
:104020007D22D200002335930CF09AFA379CE16F81
:10403000411A0A04399B389A1CD0A25A36921A4661
:10404000339BE3189B5C9E420BD0369A142A21D2F4
:1040500088B210188B498842399B389A08D389480E
:1040600006E088B23699081A00D23598399B389AFA
:10407000379988525B1CAD1C0832AEE73398401D5F
:10408000339032980A3032903198801C31902F9AB8
:10409000309D95E73799C8670022369238980A52C2
:1040A0002C9D2A9E6E433498016889193998091805
:1040B00040228B5C012463408B54349909688D63E2
:1040C000C86389190918895C279A1470289A147092
:1040D000269A90755575369B1375D17493740006A6
:1040E000EAB21204801840186749299A03C2309D29
:1040F000614828182E99096802F0A6FE002800D110
:1041000035E704201E9A249B22E03498006800239F
:104110008363C3639EA8642204F0F8F9A0989E9973
:104120009F9A299B06C324998872083B2E980168A0
:104130002993184604F02AFA249B00281E9A02D1DB
:104140001620185827E70320279908702899087027
:1041500018702B9B9868D96801434C424C41002948
:104160001D9B00D04CE34948281832904848281835
:104170002890484828182D9047482E184748281856
:104180003790474828182F904648281827902B9892
:10419000007E29942A964000784480884000874415
:1041A0000600BE0BBE0B6E020A002B0011032B9DF6
:1041B0002C696C613DE22D9A104610303890107CCD
:1041C000800002A10858329939918746F1410110C7
:1041D000C34201101F5901101F4301105343011026
:1041E000014401109F430110D3430110FF4101100E
:1041F000D4683298309D6DE02B98C069D5E2304686
:1042000008303190307A800002A1085832993991F3
:10421000309D87462D420110C94201101F590110DF
:104220003F45011097440110394201102D998869CA
:10423000C969329A3992FDE0D520400128182C90A6
:104240002F98007803A14000085A40008744C046D8
:10425000C21900002C003F00670B35003100C0463A
:10426000081A0000E6190000581D0210F83300205B
:10427000D4190000EC190000E8190000181D021004
:10428000040000D0FFFF000068390020281A000059
:10429000481A0000701A0000901A0000B01A0000BE
:1042A000D01A0000F01A0000379A906932993991BB
:1042B00087E13298399000F0F4FF3298399001F09C
:1042C00008F8FE4803F0CCFBFD4803F0C9FBFD48AD
:1042D00003F0C6FB9460FC496918282239900BF062
:1042E00032FE28980188F9484018001DF84A91428A
:1042F00000D8042080B2032834D0012832D000280E
:104300002A9E00D08AE003F0FFFEFA48B060002049
:10431000307032998868C9682D9A9061D1612E9861
:10432000016810461830FFF741FD2D9AC1B20229ED
:104330005BD0032900D16FE11076010C9176010A60
:104340005176000ED0760020307790689169316008
:1043500070602E9801683046F6F710F9002840D0BA
:1043600004205AE1329EB08AE049401880B2E24906
:10437000884253D234461434E04803F019FC2046F6
:104380000AF03AFD03F004FDDA482A9A9060002012
:104390001070B068F16816462D9A9061D1612E9820
:1043A000016810461830FFF701FD2D9AC1B20229AD
:1043B00037D0032900D12DE11076010C9176010A46
:1043C0005176000ED0760020307790689169316088
:1043D00070602E9801683046F6F7D0F8002800D0BB
:1043E00010E13046FAF74FF818E00020307290687C
:1043F000329909699161D061C148309908183060DB
:10440000C048309D2C182E9801682046F6F7F8FB1E
:10441000002800D0F3E02046FAF752F82B9D00F078
:10442000B2FE00203072906890613999D1613246B5
:104430000832319203C68A8AAC4C121992B2AE4B42
:10444000083E9A4200D3EBE00B8CE218121DA84CF8
:10445000A34200D8042292B2012A36D0032A00D007
:10446000E0E0A94A80584C8CA849FAF745FB0D4674
:10447000006B716814312246F9F73AFE2968491E2B
:10448000296006CE12690023379C2372B060F26067
:104490003161309D083ED520400128182E990968C9
:1044A000F8F728FC002800D0AEE06520C00006CE5A
:1044B0000918507C937C1B021818D27C12048218B5
:1044C0009EA8083E06F028FC53E0498CB1814900C3
:1044D000491CF1818C4940588D49FAF70DFB0C4677
:1044E000006BF28971681431F9F746FE2168491EA4
:1044F000216081B27E4A521C914215D16520C000D4
:1045000006CE0818517C937C1B025918D27C1204E9
:104510008918083E05F086FF00282AD0F1894184D9
:104520007349C91C018424E0306106CE12693061F0
:1045300072610020379A10731160309D083E7548F3
:1045400028182E990968F9F777F800285ED16520B8
:10455000C00006CE0818517C937C1B025918D27CEF
:1045600012048918083E05F05DFF002801D031696A
:10457000016233200101306842186521C9004358A7
:10458000282159435A4E5C4D002910D01346928A77
:10459000564C121994B228391A462832AC42F3D23A
:1045A000B41C1B8CA342EFD12B9D00F0E9FD002130
:1045B0002F9A1170379A9061D5214901309B591873
:1045C0002C91D0616521C9004158022901D200F027
:1045D000A6FD332212018618152925D26B22D2009E
:1045E000841828254D43283D002D01D100F079FE87
:1045F00030462146FAF781FC283D2834F4E70520AF
:1046000000F078FE072008E0042000E00320309D41
:1046100000F06DFE189800E00320309D00F06AFE67
:104620003D48E4E03D48E2E03046FAF747FF00F05D
:1046300058FE3B482258002A2ED02E4625183948CD
:104640002118E8793990A8793890287936906879D6
:104650003590281D541EA2000BF070FC2C6035987C
:1046600000023699401838990904399A12065118EF
:104670000818F0610021329A1177716903C22A4843
:10468000309D2C182E9801682046F5F777FF0028FA
:10469000219800D1A0E0AEE06520C000201801689C
:1046A0002820484333210901651800287AD02E8C30
:1046B0000F498E420ED804210FE0C0460435021087
:1046C000B4360210C4360210501A00008DF70000F4
:1046D0006E08000005498919091D89B2012925D0F4
:1046E00000292DD0032928D12AE0C0468DF70000EB
:1046F0006E08000068390020FCFF00002A0000005E
:104700003C1A0000881A0000C4050000A4360210FC
:1047100094360210A81A00009D000000A0000000BE
:10472000CC050000D4050000281A0000A98A584AC8
:10473000891889B2574A914202D328352838B4E7FC
:104740009EA839902830202229460BF0FCFBE88CEB
:104750006DA938918880688CA98C090408186D901F
:1047600074AD48223692284639990BF094FB309A62
:1047700049481018399029461546369A0BF08BFB9C
:104780002D980680064645482818062238990BF0D1
:10479000DAFB3998324600213174F4603146103129
:1047A000389197E53E482B99C8612E990968EBF737
:1047B00001FFC1B202292B9A329B15D00021197733
:1047C000516903C33448309D2C182E980168204647
:1047D000F5F7D4FE002805D12046F9F754FE2B9DAD
:1047E00000F0E4FC062006E00520309D03E003F025
:1047F000EAF903F00FFA2B9908761E9A1D9B299C63
:104800001798204301D000231AE01068144652681C
:1048100001214840104301D000F073FC00202360C8
:1048200060602B9EB268F3684A401A4301D000F0E2
:1048300068FC2199216060601D99B160F0601C9B4B
:10484000229903C90143481E0A468241002901D02A
:1048500000F07BFE13482818359013482C184B2184
:10486000229E0836269800780028149313923294DA
:1048700034911DD020461430217D002900D0D2E390
:10488000617DC90700D1CBE3084803F0E9F8C046D1
:104890008DF70000FCFF0000281A0000721A0000CB
:1048A00068390020C4150000E4150000C02F021074
:1048B00015966C482C186C482A186C482E462D18F2
:1048C000B720400019990818379008465C30369098
:1048D00008467C303390D431199165200E908001C8
:1048E00031182C92D06912909EA82890EC30822228
:1048F0000BF0E6F95E4830185E4971182A6810928C
:104900003C2211900BF01FFB2068319060682F90C3
:10491000A0682D90E0682B9020692A90606929900A
:10492000A06927904CA83990802529460BF064FA9D
:1049300074AE304629461F950BF05EFA4E4831465C
:10494000EDF782F800244794489449944A94779468
:10495000769475947494494E603674A93046EDF798
:1049600059F8474847A9EDF755F846483999EDF702
:104970006BF873947295404871906F94042038904E
:104980006E9001256D957B947A94102024907990F7
:1049900078967694749442AAE1201D909071A0209C
:1049A00050711471D5709470547014706DA8189073
:1049B00002211791072303F0A5FE389E7C963995B6
:1049C0007B9574AD16950F212F4A032328460F932C
:1049D00003F098FE2D4A28461799334603F020FF2E
:1049E0001C22289D284618990BF0ADFA1C3524226C
:1049F0002846169926460BF0A6FA36992798C861DC
:104A0000339A1473224890602248D0801D98400049
:104A10004E30908020481060199804604461194815
:104A200010611F9850613798389A02702998BB908E
:104A30002A98BA902B98B9902D98B8902F98B79043
:104A40003198B690AE94B0940D48B2902498B3903B
:104A5000B4940C7009480930EDF78AFCC0071DD0EA
:104A600040E3C046A8180000CC180000EC18000075
:104A700090180000F0180000F5320020B03C002033
:104A8000243D002076330020A84302107C2D021024
:104A900001400101EF0200001000C2010B204002A2
:104AA00030990D183895BE490A319EACBD4A204652
:104AB000ECF74CFF172002012846214636920BF0F6
:104AC000FFF8A696B84D9EA92846ECF777FFB448A4
:104AD0000C30ECF78DFF3AAB39999974402137913E
:104AE0001982B2493D913C9043203B90B0483A90A6
:104AF0001C9800909EAC204638992A46ECF752FD4F
:104B0000E07C3190A37C60892D90A0892B90E08976
:104B10002A90208A299074A806CC06C0218801809A
:104B20003393042B00D1DAE2A398289074A83FA90C
:104B30000CC80CC100880880A69628359EA9284676
:104B4000ECF73CFF96480D30ECF752FF42AB399939
:104B50009974379919829549459144906F204390F3
:104B60009448429000969EAC204638992A46ECF72D
:104B700019FDA07C74A90CCC0CC122880A800428E1
:104B800000D0C6E274A89EA90A4618C818C20088B8
:104B900010808948309A10181D900CC90CC00988E3
:104BA00001802F96A696854D40359EA92846ECF7A4
:104BB00005FF7B480B30ECF71BFF47AB3999997425
:104BC0003799198279494A9149901B2048907C482D
:104BD00047901C9800909EAC204638992A46ECF7E6
:104BE000E1FCE07C2790A17C60892490A0891F9043
:104BF000E289238A74AD41CC41C5208828800429EC
:104C000000D16CE20D466F4830990E1829980004C7
:104C10002A9C00192A902B9800042D9C00192D9095
:104C20001804801829901F98000424994018249093
:104C3000A3981F909EACA01C74A90A222B920BF083
:104C400082F92C982799417305731F990160249963
:104C50004160299981605C48309D28180C222146CA
:104C60000BF071F931987073339830732898306075
:104C70002D98706037962A98B060544828183FA93C
:104C800019902B9A0BF05FF99EAC20463899369A12
:104C90000BF016F859208001291874A820220BF077
:104CA00052F91C341F947A9A002A76D07999789810
:104CB00074AB083303F020FE7498002674967A9C37
:104CC00079993891789D012813D12F96759E404887
:104CD0000090B01D314608312A46389BEBF787FD1E
:104CE000A31B2F9E4CAA13803A4B009302230AF079
:104CF00005FB3748009008200A212A46389BEBF72D
:104D000076FD4CAA1480334B009302230AF0F6FA86
:104D1000002C61D03898072800D8E8E14CAA002080
:104D2000107654759F2111748A21D1736421917377
:104D30009E2151739D2111730E99D172D2219172CE
:104D40009C2151724C211172C721D1714521917161
:104D500089215171D8211171DD21D17060219170AB
:104D6000DF215170107074A8067FD675200A9075E7
:104D7000E8791075A879D07468799074287950749E
:104D8000052119231F9803F04BFD3898844200D960
:104D9000B1E1189639952F9420E02F9818901EE0D5
:104DA000B03C0020442702108C3D0020A42F0210AC
:104DB000F03C0210333D02102C190000243D00206D
:104DC000443C021070170000DA1800003619000089
:104DD000EC430210FC4302102F961896309DC3201E
:104DE00040012E181A9878301A90A49CA29AA39B7E
:104DF000F0480090022504212846EBF7F8FC74AA3D
:104E00001480ED4B00932B952B460AF077FAAB9D5F
:104E1000002D11D00020AC90A99AAA9BE7480090E1
:104E2000022404212046EBF7E2FC74AA1580E44B2F
:104E3000009323460AF062FA3099E2480C18E248DF
:104E400008181690E14808180A9037981030179003
:104E50001A9D28893890A87A3690E87A3390287B72
:104E60003190687B2A902888099068882890A888C3
:104E70002790BB980890B9980790B7980690B69875
:104E80000590B8982490BA982D909EA8299003F088
:104E9000B9FC0D900E911F9803F0B4FC0C900B918F
:104EA000CB48CC494164CC49FB318160CB4901609E
:104EB000C12040013099081834998900299A511865
:104EC0006A690492AA69039240220BF03CF801201F
:104ED0001F90F0742D9800280F9800D12D98B07471
:104EE0002499481E814148007074059B581E19463C
:104EF000814131742799080AF073B1732899080A1F
:104F000070733173099A100AF072B2722A99717231
:104F1000319830723398F0713698B0712B98707167
:104F2000389830718920400070800A980181049D72
:104F30000560039D4560379D2B6106986861249844
:104F4000A8610798E8612D98206008986060228128
:104F5000289860812798A0816175319820753398D1
:104F6000E0743698A074389820821A98C088E0813E
:104F70009B4830990818299D2946863106220AF057
:104F8000E2FF0D98E0611898169908750E98086070
:104F90000C9848600B9888603998C8602F98086111
:104FA0009048309C20182946D83114220AF0CBFFB3
:104FB0008D48201894354422294625460AF080FE63
:104FC0001F9830772A98F0763198B07633987076BB
:104FD000369830762B98F0753898B0758348B08243
:104FE000002434708248281807210AF0B1FF159E6A
:104FF00034607460224635981799C1601099016138
:10500000129941612C9981611199C161329C22737D
:1050100037982060199860601D98A0602046143071
:1050200001212175617506CE083E0A436CD1714895
:1050300028183890704828181290704828182B901B
:105040006F48281837906F4828181F906E48281806
:1050500031906E48281815906D4828183690219880
:10506000C001281818900D204001281839905F20A1
:10507000400128181A903498800128181990292086
:10508000C00128183390A5204001281816902D2023
:10509000C0002B18329E307B0028179300D149E1C5
:1050A00035990879091D00281D9108D0032833D1AE
:1050B000319814C8036845688168C06800E2189D8B
:1050C00028682A9068682990159801682F9140688F
:1050D0003490319881692C91C0692D9055E14D48EB
:1050E00002F0AEFB4C4879214C4A01F097FF0420B6
:1050F00008214B4B02E000204A4B2146389A02F02F
:1051000069FB4948FFF773FBEDF7E8F83046EDF728
:10511000FDF84648FFF76BFB454802F0A1FC332041
:105120000101D069349145186521C90042183692B1
:1051300035914158282333934B4300223D4C002B9B
:1051400017D0AE8AA619361DB6B2042E03D3283B5B
:10515000521C2835F3E79EAC2046369905F0FAFF3D
:10516000354E701D218C814268D13798C0693599C0
:1051700041582B9D022900D3C1E001202F990870CE
:105180000120319908703899012008705821399808
:10519000415C072903D0052905D0042906D16830D0
:1051A000F9F771F902E06030F9F78AF96C69FFF7F5
:1051B00040FAC046A8420210B8420210AC430210A6
:1051C000BC43021090170000B017000084180000C4
:1051D0004C00115010D0010001FF00000000012020
:1051E000A6170000C8170000DC1700000A06000020
:1051F0007D180000981000000411000078130000D2
:10520000F013000012140000D8140000F81400007D
:10521000A4150000A820021080210210BC21021059
:105220001C4402100C440210590000006E000000E3
:105230004C2602108DF700006E0800009EA928225F
:105240002C980AF080FE379DE869E9494058E94901
:10525000F9F742FC03460C462A684CAD284619462D
:10526000F4F734FB2068401C20602988E24840188D
:10527000001DB14200D8042080B20228309D1AD00F
:1052800003282ED10020279908703799C8692F9AD2
:1052900010610868D0604CA84188808800044018DC
:1052A0009060FB4828182E990968F7F723FD00281D
:1052B00017D0042018E000202F9A10773799C8697A
:1052C00010610868D0604CA84188808800044018AC
:1052D0009060F14828182E990968F8F7ADF9002870
:1052E00001D1379A1BE703202F99087005203199C7
:1052F00008700820389908700420FFF77CFA349A67
:1053000082183692152911D26B22D2008418339854
:1053100048432838002800D12FE706463698214612
:10532000F9F7A8FD304628382834F3E73698FAF71D
:1053300081F822E73046359EF168289131692C9139
:1053400071692D91B1692F91F169026834924468B5
:105350008568182218460AF0F1FD179B18992A94BF
:105360000C6029954D6031982C9A82612D9AC2610A
:105370000D460020159908732F9A0A60349A4A60E6
:10538000289A8A603071301D1D906DAC1826204619
:10539000194632460AF0D7FD152000023099091847
:1053A00074A8A4220AF08CFC2A98A8602998E860C6
:1053B000369834990160BFF35F8FB848012134916A
:1053C00081729EA8214632460AF0BDFD4CA804F029
:1053D0002FF94C9C4E98002800D17FE229902A9406
:1053E0004D9828904CA804F051F94C9CE00700D04F
:1053F00079E22846103027902846083024904D98AE
:1054000000243899349E0E604C60399951C11A9825
:10541000C4732C9901602A9828612898686129989A
:10542000A861852040013099081825994A019EA954
:105430000AF031FD199D2E612C722D9828602F984D
:105440006860F1483099081874A9A4220AF038FC61
:10545000379B1E605C6033990E6030464C602B9E1B
:10546000347411C6369A3260284610302499596136
:105470001F994C703999083113461433169D2C72BC
:10548000279C2C60359C389D25605060083E9660B6
:105490003798D0601361516133989061D4611046A0
:1054A0000C3011461C311546083513461833144686
:1054B0001034121D319E14C633607560B160F06007
:1054C000209E14C633607560B160F060D948579073
:1054D000FFA8B0305690D8485590FFA8AC305490F3
:1054E000D6485390FFA8A8305290D5485190FFA8B5
:1054F000A4305090D3484F90FFA8A0304E90D2488F
:105500004D90FFA89C304C901B9D2C46329E302C19
:105510000FD04CA90859091949680A692E99904772
:10552000C1B208340729F2D0062900D0A1E01C9DA1
:10553000EDE7E80700D1BCE121981D990870269994
:1055400008703073309D149B139A1340012B00D1C7
:10555000BEE103CD083D014305D02398002800D1CA
:10556000EBE0ECF7E7FE25980001281828909B2037
:1055700040002C1828468A3033902846AC303790AB
:105580002846CC3034902846783026902846BC30C7
:105590003890A07F00282D9458D0032800D0ACE18B
:1055A00022460A32A07A0028259279D0032800D01A
:1055B000A6E128461030279033980078800001A19A
:1055C00008588746E5560110075901101F59011068
:1055D00017570110FD55011005600110595F0110AA
:1055E000855F0110F95A01108B5B0110275A0110D9
:1055F000C4050000D43602108DF700003499087DF0
:10560000A035269A18322B920A4614322C92002882
:10561000299500D140E10328379C00D076E10A4665
:105620001032087C0028369200D13AE1032800D0DD
:105630006FE10E460C36087B002800D133E10328C9
:1056400000D069E14B688D68184669E11220225844
:10565000022022500020A072162023582046163027
:1056600040683993AB603690E86020460A30259058
:105670001CE0764803A2309C2B9D4900515A4900FA
:105680008F44C0468800080085004D0183008700D4
:10569000D81A00006E487DE0D81A0000B03C002007
:1056A00002202258A8683990E8683690359206267C
:1056B000A251684802F07CFAA05902F06DFA02F09B
:1056C00067FB3998286136986861284618301A2196
:1056D0000AF047FA00203399087035986863284625
:1056E000103027902C4638342822204627990AF07B
:1056F0002AFC5948807ABFF35F8F0321339B99714D
:10570000991D289A1460516000212D9A1170411E34
:105710008841D87158702E9802682946A8319EACED
:10572000204601F01DF8207802280AD103202D9987
:10573000339A1070032088778872FE1F053EB546A5
:10574000F0BD9EA9C0070FD0887849789EAA5070F6
:105750001170052900D13BE2404802F029FA9EA8C9
:10576000FAF78CFC02F014FB02F0CEFC28666966A6
:105770009EA803F05DFFA098002800D19EE09F99AD
:105780009E9AAA66E966286780E2354802E03548B5
:1057900000E0354802F017FABFF35F8F2E49002072
:1057A0008872379A06CA0A4305D01F994978032997
:1057B00001D31F99087003CD083D014305D0287C13
:1057C000032802D3E86806F0E1FF389903C90143D2
:1057D0000BD01998007A032807D112980078032873
:1057E00003D122482018F8F7C9FF399880680028AB
:1057F000189D43D01A98C07B001F17283ED803A1DC
:10580000085C40008744C046D4120000100E3A10D5
:105810000E0E4B363636360E100E100E100E100EC3
:10582000100E100E124826E0BF2000012018F9F7D4
:10583000D3F823E0C0260210AC26021098260210EE
:1058400084260210702602105C2602107B000000E5
:10585000950000001E000000B03C002091000000F8
:10586000820000009800000099000000081100006C
:10587000F40C0000EA482018F9F7C3F82A46103261
:1058800007CAF8F761FE3998006806F07FFF01202B
:105890001D990870179B4DE5379C60682EE2E14822
:1058A000E9E7E06831E2204664698369C569184622
:1058B00046E2DD48A121DD4A01F0B0FB74AA9E98C2
:1058C0001070DB480090DB484421DB4B02F09AF873
:1058D0001E98ECF739FD2298ECF718FDD74802F036
:1058E00067F9204603E0D64802F062F9200A03F087
:1058F0007DFF02F04DFA02F08DF9D24802F0B0F8C7
:10590000D14802F0ADF8D14802F0AAF8D04802F030
:10591000A7F8D04802F0A4F8CF4802F0A1F8FEDEC4
:10592000002D46D0399031933292CC4C2046103025
:105930009E909EA802F0E5FA00293FD02A902F966B
:105940008D422E4600D30E46C54B304639992A4625
:10595000EAF7DEFFC34A00922A9A334609F0CEFCEA
:10596000A069801961694900411A00D30846BFF354
:105970005F8FA06101202F990870379C2069816892
:105980008919162900D316218160206981680C309D
:10599000B54AF9F7F4F80729359D68D8319B0029F5
:1059A00000D1E0E0491E421C007800281046F6D1E4
:1059B000CCE101253570369805704EE22E9D2868A1
:1059C00006C82034204602F064FD0320307036996A
:1059D00008702C9908702A6874AC20462999ECF755
:1059E0003BFAA2480146113122888A422946309D5D
:1059F00058D109682B9C204602F0C8FD0028269A41
:105A000000D00AE19A48807A411E8841BFF35F8F37
:105A10005076D0740320207028463830289911C160
:105A200000202D9908702E9802682946A8319EAC56
:105A3000204600F095FE2078022800D1DEE09EA9E5
:105A4000C0070FD0887849789EAA50701170052938
:105A500000D1B8E0874802F0ABF89EA8FAF70EFB39
:105A600002F096F902F050FB286669660EE1C31C4D
:105A7000032293431A1A57D10A46083A3992002250
:105A80007D4D861876687D4CA31B33438658A41B36
:105A900034432C401C40AC4253D10832399B9A42CB
:105AA000EFD94EE09EA90988749A120451184791C3
:105AB00047A94A8872495118891E89B2491C801D1C
:105AC0008242269B2B9C00D8002174AA9078D27B1E
:105AD000032921924BD0092900D0D7E0207006215C
:105AE0009976D87618461A3029463831289A1160A6
:105AF000506000202D9908702E9802682946A83120
:105B00009EAC204600F02CFE2078022874D09EA97E
:105B1000C00700D1BAE0887849789EAA5070117009
:105B2000052950D0574846E0C31A04462578002D71
:105B30001BD0641C5B1CF9D30B46083B39939A427B
:105B40009ED9891A04D1379C359D329A319BDEE06B
:105B50008018379C359D319B0278002A00D1F5E0F2
:105B6000401C491EF8D1329AD1E0359DEEE02070FC
:105B700007219976D87618461A3029463831289A5E
:105B80001160506000202D9908702E9802682946F7
:105B9000A8319EAC204600F0E3FD207802282FD0EB
:105BA0009EA9C00772D0887849789EAA507011705B
:105BB000052908D0344801F0FBFF9EA8FAF75EFAE9
:105BC00002F0E6F862E02A46683207CAF8F7BCFC41
:105BD000F8F754FF0124339804702798F8F7CDFEA6
:105BE000259804702D99887A03280BD000280FD1AE
:105BF0000E46F8F743FF0AE0082098E50A2096E5EC
:105C0000092094E5284610300E46F8F7B6FE3146D6
:105C100000202C6068608C779FE4042087E5C046F4
:105C2000F80C0000080D0000D426021024270210F2
:105C3000A82E0210642E021060370210A40000008B
:105C4000A1000000C82E0210B82E0210542E02101F
:105C5000581E0210A43D0210803C021000010020DA
:105C6000342E0210442E0210B43D02106E080000C3
:105C7000B03C002092000000808080800001010183
:105C80008DF7FFFF900000008F000000286E696E06
:105C900002F054FC05460C467D20C10028460AF05F
:105CA000B7F90026FC49091A3046B0410122FB4BE6
:105CB0005B1B3346A34100D30A46334600D3034659
:105CC0009EA8ECF72CFAA0989F999E9A0623339DE4
:105CD000EA50309C224668321623EA50AA1D2B92C5
:105CE0005160A87320463830379C60602670349924
:105CF0000E750A4614322C9216352995A0600020A4
:105D00000874A068E060103136912061359D2469E7
:105D1000A068162818D2359521460C311546162252
:105D20001E46ED4BEBF782F933462A460D46349971
:105D3000389E7460B060F56000260E730E460C3617
:105D40000C6048608D60EBE53193329238980168C1
:105D500088680C311622E14BEAF7DAFD39900B2006
:105D60002A900029359537D00C4600218C4205D069
:105D70003998405C002802D0491CF7E721460025ED
:105D800028462F91884200D34BE1A04200D3C3E3C1
:105D9000399A125C86182F998E421DD8401C012614
:105DA00096420DD2A04200D37EE3A54214D22146F2
:105DB000399C235C63550C46761C401C6D1CEFE738
:105DC000FF2A2F99DED08842DCD2A54204D20022DD
:105DD000399B5A556D1CD5E72A9CFA4801F0E8FE1C
:105DE0002046FAF7ADF901F0D3FF389800688168D2
:105DF0000C30F54AF8F7C3FE0A4600239A4205D054
:105E0000C15C002901D05B1CF8E7DC4338980068CE
:105E1000816800269A4200D00E1903250822399283
:105E2000172900D31CE28C1B00D21EE20C30011992
:105E3000324609F0D9FA3898006886600121369810
:105E400001703998002835D00128379C329A319B4F
:105E500016D00828349900D051E79EAC2F98607076
:105E60002570DA4815461E4601F0A2FE2046379CF2
:105E7000FAF704F901F08CFF33462A4634993EE7DD
:105E8000D348807ABFF35F8F002800D19EE02C9822
:105E900001702F99C8B208282A9E209D1D98249031
:105EA000189835901A9C1C9822901B9A199B17D110
:105EB0002E9D90E52F98C007379C329A319B6DD06C
:105EC000C348807ABFF35F8F00280E46D6D01446B1
:105ED0002C9A117000212A981F9020981E90179AD2
:105EE00032943996084647A91F9E0E711E9CCC70AD
:105EF0004D70087009881046120C1D46269B9A8129
:105F000058812298020C1A81D880219A5A742498B8
:105F100018743598D873329898735D711E71198012
:105F2000E2B212043998C0B200028018000A588008
:105F3000080659D0A7480068C005309D00D014E37A
:105F4000A548016800292B9A00D011E34F21890050
:105F5000415C00290CD010602E980268269EB16921
:105F60009EAC2046EAF7CCFA2078082856D0334673
:105F7000994898612846943019463CC93CC0309DE8
:105F8000098801802E9801682846903000F0E8FECC
:105F9000002800D17AE60720FFF7C9FB209AD0B28B
:105FA000042803D82A98C0B2052844D98B4815463E
:105FB00001F0FEFD284602F0A5F92A9802F0A2F9A8
:105FC00001F0E6FE3499329A319B98E6844801F05C
:105FD000FAFD199B1C9822901B9817901A9A1898F2
:105FE00035901D98249049E71879D9785A789B788C
:105FF0007C4C1B029A1809040006401880182B9943
:1060000011C1309D2E9801682846903000F01CFF89
:10601000002800D13AE60520FFF789FB0620FFF7AC
:1060200086FBA04215D23999095C421C002900D098
:1060300002462F920EE06648807ABFF35F8F0028F9
:1060400058D00D402A98401D2A900026329A319B44
:106050003DE72F90644800909EA8399922462B4630
:10606000F8F7C8FD9F9E9E9CA19AA0995F4800905A
:106070002F98431B9EA8F8F7BDFDA019A19E6E9016
:106080006D949EAC6DA92046FDF7E8FD20780128AF
:1060900006D19EA84478A0E6B80B0000BFC62D002C
:1060A0009F980E243990072800D996E639988000E9
:1060B00001A108588746C046E16001100F61011038
:1060C0002D610110FD600110596101104166011040
:1060D0007561011047610110C43D0210D43D0210EA
:1060E0006DA8EAF759FE0546C0B2022800D092E03A
:1060F0002C0A72E63E4801F066FD63E76DA803F0E6
:1061000001F80C4601250D40C007032116E09EACA6
:106110006DA92046FDF7A2FD20780128169633D1FF
:106120009EA84078082139913AA978E26DA802F03A
:10613000E9FF0C4601250D40C007022139910028D6
:1061400000D04AE67CE204246D986E99884200D122
:1061500043E60578072015E006209F906DA89E90E5
:106160009EA8EAF7CBFE010ACDB2C1B202295BD1EB
:106170002C4670E004246D986E99884200D12CE67C
:106180000578062039904EE09F9A082039900E201D
:106190003AA9072AC9D806202F90900001A10958D2
:1061A0008F46C046F5610110B9620110D562011039
:1061B000916201100B63011023630110E16501106E
:1061C000EF6201108A000000E43D02108900000027
:1061D000B03C002004ED00E0F83300208300000014
:1061E0003C00000068390020903C0210A03C0210E6
:1061F0003D0000006DA8EAF7CFFD0146C0B20228BD
:1062000000D18CE00E0E080C1E902091080A2A90F6
:1062100000202F90F0E0280E2A90280C2090280AC9
:106220002F90002039900BE20E24C00713D09EA8B7
:10623000EAF764FE010ACAB2C1B202290AD02F925B
:10624000C00708D09EA8EAF759FE010ACAB2C1B237
:1062500002290FD11446082039903AA80470E0E1D1
:1062600000201622F94B01F0B5FA1622F84B204611
:1062700001F0B0FA2092C007EDD09EA8EAF73EFEEA
:10628000010AC9B22A91C1B202295AD12A9CE2E775
:106290006DA8FDF7C3FB03212F910A0602400121DF
:1062A0004B063AA99A4200D1B9E1010E1991060CA8
:1062B000010A1E912A909FE002204D906DA84C90FB
:1062C0004CA8EAF71BFE010ACDB2C1B2022945D1A2
:1062D000294653E09EAC6DA92046FDF703FCE0780B
:1062E000022850D19EA8007808212F916BE0102041
:1062F0009F906DA89E909EA8EAF700FE010ACCB27E
:10630000C1B2022962D1209453E16DA8FDF77EFC51
:10631000C107E84900D1E8490140080666D0080AEB
:1063200002E76DA802F0EEFE024608460121014098
:106330002091D20705212F913AA9002A00D14FE1DF
:106340006DE1C00787D09EA8EAF7D8FD010AC9B25F
:106350001E91C1B2022950D11E9C7CE70E21C007BC
:106360000CD04D98002809D04C999EAC2046FDF7E2
:10637000B9FB2178E0781990022863D108202F908A
:106380004CA8017021E0A09B18029F9A110E0818DA
:1063900015901804110C08181D9018061B92110A6C
:1063A00008181F909E98010E1991010C1C912A90BB
:1063B000000A1E90180E1390180C11901293180AD0
:1063C000149002202F904CA90870F7E00E21209124
:1063D000C00700D1EDE09EA8EAF790FD010AC9B21E
:1063E0002A91C1B2022915D12A98E1E0080E1E9027
:1063F000080C2A9004202F90F2E0C00700D12AE771
:106400009EA8EAF77BFD010AC9B2C2B2022A0FD1E7
:106410000C4620E7C00700D1CBE09EA8EAF76EFD4E
:10642000010AC9B21E91C1B202292FD11E98BFE044
:10643000C00700D10FE73AA80570042039903FA8A3
:106440000C460BE7A09C20029F9B1A0E101815907B
:1064500020041A0C10181D9020061B931A0A1018FD
:106460001F909EA842788078000282181E92220E09
:106470001392220C11921294220A1492000A1C9078
:1064800001202F9042A82A9129467AE7C00700D11F
:106490008FE09EA8EAF732FD010AC9B21C91C1B291
:1064A000022905D11C9883E0854A214601F0D8F9DC
:1064B000C0077ED09EA8EAF721FD010AC9B2199152
:1064C000C1B2022901D1199872E0C00771D09EA80B
:1064D000EAF714FD010AC9B21B91C1B2022901D128
:1064E0001B9865E0C00764D09EA8EAF707FD010A83
:1064F000C9B21F91C1B2022901D11F9858E0C0074B
:1065000057D09EA8EAF7FAFC010AC9B21D91C1B2A0
:10651000022903D11D984BE0684AC6E7C00748D05E
:106520009EA8EAF7EBFC010AC9B21591C1B2022993
:1065300001D115983CE0C0073BD09EA8EAF7DEFCED
:10654000010AC9B21291C1B2022901D112982FE0F9
:10655000C0072ED09EA8EAF7D1FC010AC9B2149157
:10656000C1B202290BD1149822E05648FEF73FF938
:10657000554801F01DFBF9F7ADFDFFF7BAF9C0076B
:1065800017D09EA8EAF7BAFC010AC9B21191C1B2AC
:10659000022901D111980BE0C0070AD09EA8EAF7A2
:1065A000ADFC010AC9B21391C1B2022952D11398AC
:1065B000209008202F904CA8209901702F9808282F
:1065C00002D14CA80078AFE54CA8007820909EA896
:1065D000007842A909781A911C9E1B9D119A129C61
:1065E0003FA90E7013990906D2B212045118149AD9
:1065F000D2B212028918E2B289181B9115990906C4
:106600001D9AD2B2120489181F9AD2B212028918A6
:10661000EAB289181C9101213991FFA9B0310870A3
:10662000169E3AA805783998082802D12C46FFF71B
:10663000D4FBFFA8B03000781D903FA800781F90D1
:10664000389800688168FFF7EBFBC046C81C021051
:10665000D81C0210C007ACD09EA8EAF74FFC010A74
:10666000CDB2C1B2022901D12095A2E7C007A0D0C6
:106670009EA8EAF743FC010AC9B21891C1B20229E7
:1066800001D1189894E7C00793D09EA8EAF736FC8A
:10669000010AC9B2C2B2022A01D1209189E7C0071A
:1066A00087D04CA8047042A8057007202F909EA8A0
:1066B000209181E701FF00000000FFFFCC3E0210A7
:1066C000DC3E02107800000069000000D0B502AF87
:1066D0000446C0B20C2810D2C0000B4A10180B6838
:1066E0004A68194601F0D5FE2046EAF7AFF90121C4
:1066F0000906C0680840000ED0BD0C21014A01F017
:10670000AFF8C046543B0210A430002080B500AF63
:106710004268002A09D08168914200D31146521A7A
:10672000426002685318036000E00022104680BDFA
:1067300080B500AF017B002901D0002080BD4168F9
:106740004A1C112A00D10022426083689A4201D17A
:106750000122027314224A430068801880BDD4D4F9
:10676000F0B503AF8FB006920E468E21715C3246B3
:10677000303209923346503332468E32414D002931
:1067800005960893039202901DD0032900D034E1AE
:106790001C461434197D0029079438D0032900D0F1
:1067A0002EE10999097849007944898849008F4484
:1067B00005002A013001AF00A400980035461035CD
:1067C00034CD089B26E1B06EF16E07913067154617
:1067D000344678341621204609F0C3F9FF200230F0
:1067E0000B90304600260A960E95079D79300D9045
:1067F0000C9428787844007940008744032E2024A4
:106800000C454E2A691C0AA8E9F794FF4AE0B468CF
:10681000F568326E5AE10AA80421FDF767FAC0B2A2
:10682000102838D10126072E41D0A95D0AA8E9F722
:1068300017FF0446C0B2761C1028F4D0C2E06A7874
:106840000AA8022102E06A780AA80321E9F762FF98
:1068500028E06A780AA8072122E00AA80121FDF7AA
:1068600045FAC0B20224102800D0ABE0A878C04698
:10687000784400794000874403916B715FB7BB7D1A
:10688000E91CC0E7000020500AA80521FDF72EFAF8
:10689000C0B210280BD0022494E06A780AA806211E
:1068A000E9F728FF0446C0B2102800D08AE00D9E08
:1068B0000B9C0A9A0E9D0C98F34B0790294602F008
:1068C00091FA04700224AE427CD000203070079907
:1068D000002977D0701A401C059E70673160706087
:1068E000DFE0344638340898007800281CD00328AC
:1068F00000D136E1DE4801F0B3F8089B19460C31AF
:106900000491197B002911D003297FD1B06DE7E0F4
:10691000344638340898007800280BD0032800D17A
:1069200085E1D54801F09CF8B06C0AE13546343574
:1069300034CDECE0B26CADE00AA80421FDF7D6F945
:10694000C0B210283ED1A9880AA8FDF7B3F9AAE77A
:106950000AA802242146FDF7C9F92BE00AA8032161
:10696000FDF7C4F9C0B210282CD1281D0AA9F2F7EE
:10697000E8FD97E70AA80721FDF7B8F9C0B210288B
:1069800020D1ED1C102E92D0A95D0AA8E9F768FE6F
:106990000446C0B2761C1028F4D013E00AA80121E6
:1069A000FDF7A4F9C0B210280CD1297C0AA8E9F798
:1069B00057FE0446C0B2102804D1281D0AA9EAF7E0
:1069C000C8FA6FE7B84801F0F3F82046F9F7B8FBCA
:1069D00001F0DEF903200125C0B200024019029A3D
:1069E00003C20120039A34E1EA780AA805212DE7C1
:1069F0000AA80621FDF77AF955E7A24801F030F818
:106A00009F4801F02DF89D4801F02AF8994801F0BF
:106A100027F8FEDE30461C3034C00020002D28D080
:106A2000D07900282CD09A4E0A960AA801F082FA52
:106A300002460B468D4200D31D46284611461A4693
:106A4000974BE9F765FF974A009222462B4608F0DC
:106A500055FCF068401971684900411A00D3084696
:106A6000BFF35F8FF0607F4A10681021014311600F
:106A700028460121099A1170079A1170059E0DE0B0
:106A800077480068C00707D100201870059EB264DF
:106A900034463834F26497E0059EB3E0716F081A0B
:106AA0007067002819D006CE101AB46E774B083ED6
:106AB000EAF7B1FA2246089B04460D463266B060FA
:106AC000F1600020187518461430079030461030D9
:106AD00034C00020099908709CE7716800257BE7A5
:106AE0006968C90303D42861F46C306D15E05D4A10
:106AF0001068102101431160069806C864482830C8
:106B000001F0C7FC032004990870042098E0304687
:106B1000403034C060193065514D844206D0601C4D
:106B2000F0642078316C7165B065D9E700200121EF
:106B300019731870B16CB062F162F069B0643446D8
:106B40003834F0646868C001FCD50AA85F220023CD
:106B500001F0DCFC0C980A990B9AB163F263099975
:106B600008742046069901F011FD002827D101255F
:106B70003E480560F06CF2F705FD01F09BFA044613
:106B80004648F7F79BFF342041490D54086B401CE1
:106B90000863E0B201F0F2FA022033490860089875
:106BA0000570B16AF06A099A1570CAB2022A49D012
:106BB000079A1570C90700D170E700200CE7032081
:106BC0000899087005203BE001F074FA30490A6B1F
:106BD000304B9A4240D2C0B234228D5C01F0CEFAE2
:106BE000002D18D0022021490860F06CF2F734FD26
:106BF00010201D49086001200860089B1870354668
:106C00001C3534CD3046343034C00020187318465B
:106C10000C3004907BE70AA80822002301F076FCE0
:106C20000C980A990B9AB163F2630999087420468B
:106C3000069901F0ABFC0028C6D003200899087023
:106C400009990870039A029B079903200870022192
:106C5000197010700FB0F0BD0F4800F0A7FEC046CD
:106C6000000020502C0120500020205000302050E7
:106C7000E42D0210B42D0210042E0210242E021056
:106C8000D03C0210F43D0210A43B0210043E02105E
:106C900000010020FFFFFF7F142E0210F42D0210D0
:106CA000C42D0210D42D02108B000000F0B503AFEC
:106CB000FFB088B00291044601781320207044A8E8
:106CC0000191132934D041218E008019009044ADE8
:106CD000681C611CFF22043209F035F90198287004
:106CE0000196A559029B009828C019480068C00564
:106CF00020D12868002822D10020C0432860291D07
:106D000003AE44AA3046EBF7C1F92868401C28605E
:106D10003678132E04D003A92046019A08F0D0FF3C
:106D2000133E701E86413046FE1F053EB546F0BD3F
:106D30000A4800E0074800F046FF00F06BFF0648F5
:106D400000F036FFF9F7C6F901F022F800F062FF13
:106D500004ED00E07800000069000000670000001A
:106D6000F0B503AF8BB0037908250571082B52D01D
:106D70000668314A1268D2054FD105933268002A5D
:106D800050D10490431D4D20800034180020029003
:106D9000C043324601C2207A002803930ED01C461D
:106DA0000B684A6830460C30194601F03CFB06A8D7
:106DB0001122214609F0C7F8059D1AE0019260688A
:106DC0001221414370180599017515301122194699
:106DD00009F0B9F86068401C1028029900D00146FB
:106DE000616020688842019801D10121217201F07F
:106DF0000FFB3068401C3060082D049805D00571E9
:106E000006A91122039809F09EF8083D681E8541E5
:106E100028460BB0F0BD0B4800E0084800F0D3FE58
:106E200000F0F8FE064800F0C3FEF9F753F900F051
:106E3000AFFF00F0EFFEC04604ED00E07800000078
:106E40006900000067000000F8B504AF044602685E
:106E500002250570D0B202283ED066682648006838
:106E6000C0053BD10092306800283CD10022D343BA
:106E7000304608C05C23F35C002B08D00B684A68DE
:106E800030460C30194601F0CEFA009D13E0B16D8A
:106E900089007118009B4B61B16D491C102900D00D
:106EA0000A46B265716D914203D131465C310122CF
:106EB0000A7001F0ADFA3068401C3060E8B2022878
:106EC00006D02570290CA170290A6170290EE17085
:106ED000801E411E8841F8BD0A4800E0074800F0C6
:106EE00072FE00F097FE064800F062FEF9F7F2F835
:106EF00000F04EFF00F08EFE04ED00E07800000090
:106F0000690000006700000080B500AF02884321DF
:106F100049010B460E339A4201D8042201E0064B88
:106F2000D21892B2032A01D0022A01D18288418864
:106F30001004401880BDC04691F7FFFF80B500AF38
:106F4000F9F705FB80B500AF02482F21024A00F097
:106F500081FCC0469C3E0210481E0210D0B502AF14
:106F600013060CD00B795C1C0C714B795B1C4B71BC
:106F7000E44324060FD0002101704270D0BD0122ED
:106F800002700A7902720A6842604879FF2302336C
:106F90008B8010180AE04272FF22027202240470F1
:106FA0000C68446002328A80D8B220180860D0BDD4
:106FB00080B500AF8CB00C4B01930090039302910D
:106FC000022005900948049009480B9002A90A91F3
:106FD0000990684608900748079004A8069006485C
:106FE00006A900F01BF8C046BC370210373F02105C
:106FF0000D700110FD6F0110FC06021080B500AF8E
:107000000B4606C8184600F0BBF880BD80B500AF3F
:1070100002684068C3681046984780BD80B500AFDD
:1070200086B00291019003A801210181049201A977
:10703000039101F06DFDD4D4F0B503AF8BB01646CB
:10704000DA0700D08EE00291069003933478002C8A
:1070500000D18DE00298C0680590002004900120C6
:10706000019003E03478002C00D181E0751C60B2FF
:10707000002808D4069829462246059B98470028F0
:1070800079D12E19EEE7802C17D0C02C1BD100200F
:107090000A903A4809900298089006980790049C34
:1070A000E100039A505851184A6807A990470028F0
:1070B00061D1641C04942E46D4E7287869780902CB
:1070C0000C18F51CD6E7E00701D12C480AE0287817
:1070D000697809020818A9780904EA781206511893
:1070E00008182D1D0022A10703D41346610707D4F9
:1070F0000BE029786B781B025B18AD1C610704D587
:1071000029786A7812025218AD1C210703D42E4642
:10711000E10608D40BE029786E78360271180491E4
:10712000AE1CE10603D5D900039B59188B88A10634
:1071300001D4039C03E0D100039C61188A8807A94D
:10714000CA818B8109900298089006980790049D47
:10715000EA00A058A2185268904700280BD16D1C75
:1071600004957FE7CC685A083146A0470BB0F0BDC4
:1071700000200BB0F0BD01980BB0F0BD2000006006
:10718000F0B503AF8BB00D468468E300990F00D1D2
:10719000FFE0002B01950390029414D4102A34D2FE
:1071A000002A00D12AE1002029461546064603E0C0
:1071B000491C6D1E00D1A2E00B564024E443A342BB
:1071C000F6DD761CF4E7C089002800D191E0A9180B
:1071D0000022064605E0651C2C1BA218761E00D175
:1071E0008BE08D4200D187E02C460023ED56002D28
:1071F000F1D5EDB2E02D03D3EF2D03D8032502E046
:10720000A51CE9E704256519E6E7EB1C0320834389
:10721000EC1A009211190891049001400020099382
:10722000AB4206460A9070D10029089B10D07648E0
:107230001840099A141800252E4602E0641C491EC5
:1072400006D060574022D2439042F7DD761CF5E726
:107250009C080A9833186F49099D13E00022089C86
:10726000079EA41B0598099B1D18100A684B1A401D
:1072700018408018654A5043000C0A9BC318069AB0
:10728000002A52D1002C3ED00A93C02C224600D3B3
:10729000C022089413460498034006930792900076
:1072A0003F221201059002400995D7D0AE18002266
:1072B0002B465D68AC09ED43ED0925430D401C6884
:1072C000A009E443E40904430C40A01828189A6874
:1072D0009409D243D20922430A401018DA6894096B
:1072E000D243D20922430A4012181033B342E0D1EC
:1072F000B5E70022134600E03346C31A31E0039895
:10730000029C33462FE0009A2BE0002501980A9555
:1073100002E0401C641C87D242574023DB439A4260
:10732000F7DD0A9A521C0A92F3E70A93FC20064002
:10733000B000099B1E1893000020009A10CEA509EA
:10734000E443E4092C430C4020181B1FF6D1010A2A
:107350002F4B1840194008182C494143080C0A9B30
:10736000C3180398029C81898B4211D200922A4A49
:1073700022400992CB1A6100890F00263546C0468B
:107380007944097949008F440E010C0E1D460AE02C
:10739000019D01684068C3680846294698470BB0BC
:1073A000F0BD99B24D08079301680A914468012025
:1073B0000890A8B2B1B2814207D222690A9809990D
:1073C0009047761C0028F4D015E0E3680A980199EC
:1073D000009A984700280ED10798401B002586B2D6
:1073E0000795A8B2B0420BD222690A980999904732
:1073F0006D1C0028F5D008980BB0F0BD0023B2E753
:1074000007980BB0F0BDC046FCFFFF7F01000100F4
:10741000FF00FF0001010101FFFF1F00F0B503AFF6
:107420008BB015460791016804914168039180680B
:10743000069000260120029031460996009605929A
:1074400012E05819401E01780A394842484108990B
:10745000059D5918069B18700398C36804989847AF
:107460000028214600D08AE0F00700D084E0099E81
:10747000B542089160D3079B03E0B542079B08998A
:1074800060D39819AC1B072C09D8B54272D00023E1
:10749000C25C0A2A41D05B1C9C42F9D14BE0C21C61
:1074A00003239A43121A019404D10996083C0A94C2
:1074B00000220CE00023C45C0A2C2ED05B1C9A42F4
:1074C000F9D10996019908390A918A4213D884188A
:1074D00064682D4B5C402B490D1B25438458264680
:1074E0005E408E1B264329490E402E408E4202D11B
:1074F00008320A99E9E7019991421FD08118059B4A
:107500009B1A099E9C1B0023CD5C0A2D03D05B1C9B
:107510009C42F9D112E09B18059DF1184E1CA9421E
:10752000ABD2C05C0A28A8D1354600262C46099566
:10753000079B08990BE02E46079B03E0059D2E460E
:10754000079B089909968D420C46029E14D0069816
:107550000078002809D00398C368042204980C49D5
:1075600098470899079B002809D16A1A00D068E754
:1075700000206DE72E46E5E700980BB0F0BD0298BD
:107580000BB0F0BD000101010A0A0A0A8080808068
:10759000902D0210F0B503AF81B070C8307800288C
:1075A0000BD0EB68042220460091094998470099C6
:1075B000002802D0012001B0F0BD08460A3842423E
:1075C000424132702A692046904701B0F0BDC04662
:1075D000902D021080B500AF13460A460149FFF70F
:1075E0002BFD80BDF43E0210F0B503AF8BB00593C8
:1075F0000B4665490A91491C8668314001D02B240D
:1076000001E0112424040694490DBC6804940D196A
:107610003102079202D40021089116E003960995E1
:10762000002A08930DD0002114460A4602E05B1C94
:10763000641E07D05D564026F643B542F7DD521C66
:10764000F5E70022099D5519039E8489A54211D2B0
:10765000F10122D40A9931400A91631B7100890F0C
:10766000002635467944097949008F4450014E017E
:107670001D464CE00568446807980090284621465E
:10768000069A089B00F086F800284FD1E368284648
:107690000599049A98470BB0F0BD81683B4A039165
:1076A0000A403B4951188160C16802910168099004
:1076B0004668079800900A9108463146069A089B4A
:1076C00000F068F80146012000295AD10890601B9B
:1076D000002485B2A0B2A84207D2326930210A98AC
:1076E0009047641C0028F5D047E0F3680A98059994
:1076F000049A98470028089843D109980399816013
:107700000299C16000200BB0F0BD99B24D080393FF
:10771000016809914468A8B2B1B2814209D22269D4
:1077200009980A999047761C0028F4D001200BB0E4
:10773000F0BD07980090099E30462146069A089BA6
:1077400000F028F80146012000291AD10890E368CA
:1077500030460599049A984700280ED10398401B9B
:10776000002685B20796B0B2A84209D222690998CC
:107770000A999047761C0028F5D008980BB0F0BD08
:1077800007980BB0F0BDC046FFFF1F000000E09F50
:1077900030000020F0B503AF81B01C460D4611212A
:1077A00009048A420AD02B690646114698470146C9
:1077B0003046002902D0012001B0F0BD002C05D0D8
:1077C000BA68EB682146984701B0F0BD002001B0CF
:1077D000F0BDD4D480B500AF86B090420AD90090F5
:1077E00001921348059001A9049103906846029004
:1077F000124818E091420CD888420AD900900191B1
:107800000B48059001A904910390684602900A482C
:1078100009E0009101920648059001A904910390A6
:1078200068460290034802A91A46FFF7F7FBC046D4
:10783000897801103C170210F11102108B18021008
:1078400080B500AF024602482B2100F003F8C04685
:107850000C3F021080B500AF4900491CFFF7DEFB6A
:10786000FEB506AF01910090054805906946049168
:10787000039001A80290034802A9FFF7CFFBC0467E
:1078800089780110EE120210F0B503AF89B00391B0
:107890000668F0087D28029648D30A253046324C07
:1078A000214608F0B5FB05904443301B049082B29A
:1078B00092082E484243530C28465D002C494C5DEB
:1078C00006AA1218111F0C70D11E294C6419054606
:1078D00064780C70642159430498401A80B24000C7
:1078E000234C215C931E197020184078511E059A74
:1078F00008702D1F1F4886421646CFD8092A19D96D
:1079000090B2800819494143490C64204843101A39
:1079100080B24200164B9C5CA81E2E4606AD2C542D
:10792000AC19641E9A185278227005E00A25324676
:10793000092AE5D811462846029A002A01D00029D2
:1079400006D049000A4A51184978401E06AA115427
:107950000A21091A009106A90B1801210022039897
:10796000FFF742FE09B0F0BD102700007B140000B5
:10797000393F02107F96980080B500AF84B0024670
:107980000348029003A80190024801A9FFF746FBB3
:10799000997901107A49021080B500AF0846024972
:1079A0001822FFF7EDFB80BD0441021080B500AF47
:1079B00084B002460348029003A80190024801A93E
:1079C000FFF72CFBCD7901107A49021080B500AF8A
:1079D000084602492022FFF7D3FB80BDE440021095
:1079E00080B500AF84B001910090044803906846D0
:1079F0000290034802A9FFF711FBC046FD6F01107A
:107A00007A49021080B500AF88B0019100900393CD
:107A100002920648079002A806900548059068461D
:107A20000490044804A9BA68FFF7F8FA0D70011031
:107A3000FD6F0110D805021080B500AF0246024864
:107A40003321FFF7EBFAC0460140021080B500AFCA
:107A5000024602487321FFF7E1FAC0461A400210BD
:107A600080B500AF024602484721FFF7D7FAC0466B
:107A70005340021080B500AF02489921024AFFF737
:107A8000CDFAC04676400210C440021080B500AF67
:107A900086B0009101900548059001A904910390DA
:107AA00068460290024802A9FFF7B8FA89780110E7
:107AB000020E021080B500AFFEE780B500AF80BDBA
:107AC00080B500AF02684068C3681046984780BD23
:107AD000F8B504AF00200090802903D268460170F9
:107AE000012128E03F22084610407F23DC43001993
:107AF0008D09CB0A06D169464870C02005430D7038
:107B0000022118E00B0B15402D190E0C07D1694608
:107B100088704D70E02003430B7003210BE00F26AB
:107B2000F643890C314313401A196B46D8709D7087
:107B30005A7019700421684600F05AF90020F8BD07
:107B400080B500AF13460A460149FFF775FA80BDBC
:107B50002041021080B500AF0846114600F048F9F8
:107B6000002080BDE0B502AF01AA108002211046BE
:107B700000F03EF98CBDE0B502AF01AA1070012102
:107B8000104600F035F98CBDE0B502AF019001A8B8
:107B9000042100F02DF98CBDD0B502AF0446034896
:107BA000FFF7E0FF2046FFF7EFFFD0BD0300000026
:107BB000D0B502AF044600F0C9F82046FFF7D2FF67
:107BC000FFF77BFFD0BDD0B502AF044600F0BEF892
:107BD0002046FFF7C7FFFFF770FF00F0D9F8D0BDD0
:107BE000FEB506AF029101900748049001A80390EA
:107BF00005A8064903AAFFF7A3FF0548012100F0E5
:107C0000F7F806B080BDC046C17A01107A4902106B
:107C10001C41021080B500AF02480E21024AFFF756
:107C200019FEC0463841021048410210E0B502AFCB
:107C300001A90870084600F001F88CBDF8B504AF42
:107C4000044611480090C06A03210140022901D076
:107C50000F4D00E00D4D0021009818300090C8072E
:107C60000CD10126009821463246A8470021002861
:107C7000F5D0012803D1641C3146F0E7F8BD01219D
:107C8000044B0A46FFF7A6FDD0000020997C0110A6
:107C9000CD7C0110B4410210F8B504AF04460020B9
:107CA000002A10D02569E368EE1A02D8064D75192E
:107CB00001E0DE43AD19BFF35F8F002D03D00095C7
:107CC000204600F00FF8F8BDFF030000DCB504AF5C
:107CD000C368BFF35F8F0124A402009400F002F890
:107CE000DCBDD4D4FEB506AF02910646BD68954210
:107CF00000D31546EC181049481C84420ED9706810
:107D0000C018C91A01964E1C0299324608F01BF998
:107D100002988119AA1B019E706803E07068C01860
:107D200002992A4608F00FF903480440BFF35F8F19
:107D3000F4602846FEBDC046FF030000E0B502AF78
:107D400001A908700846FFF779FF8CBDE0B502AFC6
:107D500000F0B0F90B490A78002A0DD1C2B2012017
:107D600008704A708A78002A05D1887001A800211D
:107D70000170FFF763FF8CBD03483D21034AFFF705
:107D80004DF9C046B03C0020584102107841021025
:107D9000B0B502AF134D287800281DD0E878002830
:107DA0000FD0072807D20021C94381402A790A430E
:107DB0007F20104003E07F21C94379300843FFF75B
:107DC000BDFF00242046FFF7B9FF2C71EC706878E6
:107DD0002C7000F0D3F9B0BD03483921034AFFF7F6
:107DE0001DF9C046B03C002088410210A441021099
:107DF000F8B504AF044645181F4A10790090D678AC
:107E0000AC4237D02078F1B207290CD3641C00288B
:107E100010D0FFF70BFF184A761CD670F0B28628F8
:107E2000EED1FF200BE0002811D0FFF7FFFE124A31
:107E3000009813E07F20C043793606433046FFF7B1
:107E4000F5FE0D4A00261671D6700096D8E701207F
:107E5000884000990143117100910846641C761C0A
:107E6000D670F1B20729CBD1072600210091010677
:107E7000C6D0E4E7F8BDC046B03C002080B500AFF6
:107E80000146014880BDC046C4410210D0B502AFD2
:107E9000044600F00FF9A16902220A43A261C0B2B0
:107EA000890706D4216A0A680C60E261002A00D1C1
:107EB00040BF00F063F9D0BD80B500AF80BDD4D421
:107EC00080B500AF0168054A914201D1406880BD8C
:107ED0000348FFF778FEFFF79DFEC046C44102103D
:107EE00056000000D0B502AF0478002C05D1012265
:107EF00002700A684868916888470120444020461B
:107F0000D0BDD0B502AF0268D168BFF35F8F1068F3
:107F1000536892688A4201D10021D0BDD41A00D39F
:107F20002246CC1A00D32146914200D81946891A1C
:107F30008018D0BDF8B504AF0468A368BFF35F8FA5
:107F4000226860681D1A194600D329460092E56828
:107F50002E1A2C4600D334460E1B721E96415A1B15
:107F6000534253413343A14200D80146091B009AB2
:107F70001019002B01D002D0F8BD1946FCD11046D3
:107F8000F8BDD4D4F8B504AF1148006800900024BF
:107F9000104E114D0C2C0DD0306800280ED40098D6
:107FA000E040C00702D0284600F056FA4036641C74
:107FB0000835EFE7064800990160F8BD0748FFF76C
:107FC000F7FD2046FFF7E8FDFFF7E2FEFFF722FE90
:107FD0000C0400500C000050A43000205A00000097
:107FE000F8B504AF0D2000070068022820D2302128
:107FF00041431448081800900025134C2E461E2EAD
:1080000015D01C2129400F20884071080C220A40FD
:10801000009989180A6A024205D003221203885087
:10802000204600F019FA761C08342D1DE7E7F8BD4C
:1080300002481C21024AFFF70DFCC046F441021021
:10804000104202100041014004320020F8B504AF94
:1080500000F030F8134A01215162134D2C6D6E6D02
:10806000C0B2009000F050F8001BB14102D20D48A0
:10807000046013E00D480E4E00F052F800F044F892
:10808000024628465C300B4600F09AFAAA6D521C54
:10809000AA6500F053F800283046EDD0009800F0B3
:1080A0006DF8F8BD10400540B03C0020D4410210EE
:1080B000E4410210F8B504AF07F03DF904460D2085
:1080C000000700680E490978BFF35F8F461CF0B2C5
:1080D000814201D1022411E0012000900440094DA9
:1080E00007F01BF92868002804D1002CF8D107F00C
:1080F00016F9F5E702480670009844402046F8BD9E
:10810000A03000207C0100D080B500AF034A116888
:10811000506813689942FAD180BDC046244005409A
:1081200080B500AF04498A6D002A03D10020C04306
:10813000886580BDFFF720FCB03C0020F8B504AF97
:108140000C4605460B4E306571650B480560FFF720
:10815000DBFF401BA14101D3002000E001200028EB
:1081600006D10121044A11610021C94331657165BD
:10817000F8BDC046B03C00201040054080B500AFBF
:10818000C1B2022909D0054900220A70044901221E
:108190000A60000601D007F0C2F880BDA0300020C0
:1081A0007C0100D080B500AF04490A6882430A60B0
:1081B0008A68D2431042FBD180BDC04600C0004057
:1081C00080B500AF4106890F05D18000001DC0B207
:1081D0000549401880BD02481D21024AFFF73AFBBD
:1081E000204202104042021000C00140F8B504AF26
:1081F0008107CC0EFF25A540C0B280088600FFF79E
:1082000059FF05497258AA43C023A3401343735032
:10821000C0B2FFF7B3FFF8BD00E400E080B500AFE7
:108220000348FFF79FFC0020FFF7A5FC80BDC04678
:10823000AB000000F0B503AF87B005930292069142
:1082400004461426308818252A881649F7319047A5
:1082500004902A883088144990470390002006999A
:108260000029069003D030882A880E499047019053
:108270000298002804D030882A880C49904706903C
:1082800030882A880A4990470599491C049A226037
:10829000039A6260019AA260069AE26020616161BD
:1082A00007B0F0BD52450000455800005250000094
:1082B00046430000F0B503AFC9B0019202910090AF
:1082C0000124260203AD2846314607F095FD14200F
:1082D000008818210A880A49904703462107284642
:1082E0003246984743AE0021304622462B46FFF7E0
:1082F000A1FF00AA07CA334608F064F949B0F0BDEF
:1083000043340000D0B502AF04460348FFF72AFC0F
:108310002046FFF730FCD0BD0D00000080B500AF57
:108320001420008818210A8803499047024600203B
:108330000146904780BDC0465542000080B500AF61
:108340000120C1030A48016002688A42FCD105216C
:108350008903416042688A42FCD100214160426841
:10836000002AFCD1016001680029FCD180BDC04613
:1083700000000140FEB506AF164601910446FFF726
:1083800099FE05462048FFF7CBFEE8B20290304642
:10839000FFF796FD05468068002808D003CD083D0C
:1083A000001B0198814126D32C60686016E02C6088
:1083B000019868601548C16D0191C56531687068A4
:1083C0000968884704460E46A968002902D0E86873
:1083D000C9688847AC60EE60019828610B4C5C343A
:1083E000FFF792FE024620460B4600F0E9F8FFF741
:1083F000A5FE0028F4D00548816D491C81650298CE
:10840000FFF7BCFEFEBDC04650420210B03C00204B
:1084100080B500AF016800220260002902D04068E8
:108420004968884780BDF8B504AF04460668002E49
:1084300005D06568954207D18E4205D1F8BD09681F
:108440001046884703C4F8BD09681046884703C42E
:10845000716828468847F8BDF8B504AF0546FFF7B0
:1084600029FE2C6800212960C6B2002C0DD0009690
:108470006E68A1683046884768686E60009E29680B
:108480002C60002901D0C96888473046FFF776FE86
:10849000F8BDFEB506AF15460C460646FFF70AFEC8
:1084A0002A463568002131607168C0B20290002D03
:1084B00005D0914203D1A54201D1356010E0019170
:1084C0002168104688473268306070687160002A01
:1084D00001D0D1688847002D02D0E968019888470B
:1084E0000298FFF74BFEFEBDD0B502AF0024101876
:1084F00059416441012C00D0D0BD02482821024AD4
:10850000FFF76EFA6042021088420210F8B504AF1D
:108510001D4616460446FFF7F7FD32462B46FFF789
:10852000E3FF03C400202070F8BDD4D480B500AFB1
:108530000148FFF717FB80BD01000000B0B502AF96
:108540000C460546FFF7E0FD421B0A46A24102D356
:10855000401BA141B0BD0448FFF72AFBFFF7E6FF2F
:10856000FFF716FCFFF756FB6A000000BCB504AF2E
:108570000C4605460448FFF7F5FA01940095684655
:108580000821FFF735FCBCBDAD000000B0B502AF5F
:108590000D460446007A00280AD0FFF7B5FD0246D2
:1085A0000B4603CC083C121A8B4103D30020B0BD0C
:1085B00003CC083C2A46FFF7DDFE01202072B0BD47
:1085C000F0B503AF87B00493039205460023D94367
:1085D00005910191009306952E68002E3CD03468D9
:1085E0007068039A121B049A824114D22346019D9B
:1085F0006B4002466A401A43059D631B03468B414C
:1086000000D3084600D32C46002A069D1ED10594AF
:108610000146009B0AE0B268B360002A06D0F06809
:10862000526802911C46904723460299306928609F
:108630003361B268002A07D0F068D2680C461D4644
:1086400090472B46069D2146B360C5E7103605943A
:1086500001463546009BBEE7059807B0F0BDD4D46F
:10866000FEB506AF04464868002814D00D460846FB
:1086700000F026F8C0070AD10E46284600F020F880
:10868000C00704D16A68F0B2861E964206D900205F
:10869000A060012000E000202060FEBD2B68019357
:1086A000304602911946054B00F020F803C50198A9
:1086B000A060E66002982071EBE7C046CC43021050
:1086C000F8B504AF4468002C0AD0054606680120BE
:1086D000054B3146224600F009F803C53178FFE723
:1086E00060426041F8BDC046DC43021080B500AF77
:1086F000824203D30B18111A184680BD1146FFF7AA
:1087000069F8D4D4F0B503AF87B046698569AC1C6D
:108710000694E418B4422DD804940592B5422ED2A2
:108720000469039002939A1C62556B1CB34229D2D0
:10873000E154194900910698049D29462246334682
:10874000E8F755F8154A0092059A029B06F0D6FD07
:10875000134800902846294622463346E8F747F852
:10876000104A00920122002306F0C8FD039885619B
:1087700007B0F0BD0C48FFF726FAFFF74BFA044AA2
:10878000284601E0034A18463146FFF769F8C0461B
:10879000C8420210D8420210E8420210F842021009
:1087A00008430210184302106C000000DCB504AF4F
:1087B0008268012A17D14369C4689C4218D20269B1
:1087C000135D5B1C13550B796A465370CB7813719C
:1087D0000B88937089781170190AD17005210B46A6
:1087E000FFF790FFDCBD0548FFF7EDF9FFF712FA40
:1087F000034A20461946FFF733F8C04675000000CB
:1088000028430210E0B502AF026943698169034859
:1088100000900020E7F7EBFF8CBDC0463843021004
:10882000FEB506AF0446C06901282CD11D46029250
:108830006369206A984228D22269165C761C165415
:10884000A0692E18F61C9E4221D8984224D2019588
:10885000EE1C1654461C9E4220D210259555861CAF
:108860009E421DD2915516490091C01C019D46198A
:108870003146E7F7BCFF134A0092029A2B4606F0F6
:108880003DFDA661FEBD094802E0094A0AE00E4826
:10889000FFF799F9FFF7BEF9064A03E0064A00E040
:1088A000064A30461946FEF7DBFFC046700000005E
:1088B00048430210584302106843021078430210E4
:1088C00088430210984302106B000000B0B502AF5D
:1088D0004468022C07D3054601680220054B224656
:1088E000FFF704FF03C5022C01D30020B0BD012017
:1088F000B0BDC046DC430210FEB506AF14460D46BF
:108900000246186800211960012810D15E680848E5
:108910000090B01D314608312B46E7F768FFA31BD6
:1089200002AA1380034B0093022306F0E7FCFEBD6E
:10893000EC430210FC430210FEB506AF1D460E4686
:108940000446097D538800208B4262D1D179137A85
:10895000012B11D0002B5CD101295AD19079062826
:1089600054D150780002000A21283AD022284DD153
:1089700003CE6060A1604BE001294AD1B9689079CB
:10898000012813D0022808D003283FD1002949D05C
:1089900001206560A06028703BE0F068002835D0B9
:1089A0001278002A029121D0002120E00291108843
:1089B00000F046F80246C0B2032827D0F06800282D
:1089C00024D00B463169CE680299009111461A46AF
:1089D0002B46B047012819D1029A91421ED86560F2
:1089E000C8E7092015366660A06011E003213369ED
:1089F0005B699847C00709D00298002815D001206C
:108A00006560A0608A0A06D1890805E000206060E0
:108A100001202060FEBD00212970FAE70020074BED
:108A2000FEF7D8FE0020034A01E00020024A01467A
:108A3000FEF716FF4C4402103C4402102C44021076
:108A400080B500AF0146000AC0B2032807D0022853
:108A500003D0012805D1002080BD012080BD022067
:108A600080BD032080BDD4D4FEB506AF1E460546AA
:108A7000007D4B88022483423DD1087A01283AD1F7
:108A80000292C879012836D188790124092811D0A9
:108A90000B280AD00A282ED1E868002808D00A88B6
:108AA000002411061ED021461DE00888012815D19A
:108AB000002420E00888FFF7C3FF0246C0B2032865
:108AC00019D0E868002816D00B4629690C69009671
:108AD00011461A46029BA04704460CE00748FFF7E0
:108AE00072F808E00321130A01D09B0000E0E34381
:108AF0002D69AD69A8472046FEBDC0462E00000086
:108B000080B500AF8068BFF35F8F0021016080BD3A
:108B1000FEB506AF054606F000FC114801780029B5
:108B20001BD10124047000950E48FFF741F80E4850
:108B3000FFF718F80D480290684601900C48049021
:108B400001A8039005A80B4903AAFEF7F9FF0A48FC
:108B50002146FFF74DF9FFF71BF900F00FF8C0466B
:108B6000F43200207700000005000000604402108D
:108B7000C17A01107A4902101C41021080B500AF81
:108B800000F000F880B500AF06F0DAFBF0B503AFF7
:108B90008BB0006802680192466830C9EB681A49D8
:108BA0000C222046029398470121002829D10091E8
:108BB000706804903068039014480A9031460C3174
:108BC00009910890083607961148069003A8059069
:108BD000104A05AB20462946FEF72EFA002801D0A0
:108BE00000990EE00C4902222046029B984700287B
:108BF000009906D101980CC820462946FEF71CFAB8
:108C0000014608460BB0F0BDD6400210897801102D
:108C1000FD6F0110931B0210E2400210F0B503AF8C
:108C200085B007214B0303218A03049205225403D4
:108C30004903029101218A0301924A0303920578B4
:108C40000022AD0001A67659B746C046B98C011086
:108C5000F58C0110CD8C0110E18C0110798C011084
:108C6000798C0110BF8C0110798C0110798C011066
:108C7000138D01102B8D0110CA0304A149590392D1
:108C8000019202921446049213468F46B98C011049
:108C9000F58C0110CD8C0110E18C01104B8D011071
:108CA0005D8D0110BF8C0110558D01106B8D011071
:108CB000138D01102B8D01104178807858E0817858
:108CC000C278D20051184078224651E041780029FC
:108CD00054D0202952D81F2211408078019A47E0B1
:108CE000417800294FD020294DD81F22114080788B
:108CF000029A3DE0C278017900291CD0022A56D19F
:108D0000817807294ED81022114340788000801CBA
:108D100019E04278072A3BD88178C90011430279CB
:108D2000C07840001043049A22E041781F2934D8CB
:108D300080781A461CE08178022A01D1072931D8AF
:108D4000407880008018039A12E0817840784000D3
:108D5000084308E041781031002009E0817840782C
:108D600040000843001D002102E04178103104203A
:108D7000C0B240011043084305B0F0BD12483D2188
:108D8000134AFEF74BF910483D21104AFEF746F909
:108D90000B482F210B4AFEF741F907483321074AB8
:108DA000FEF73CF90D4865210D4AFEF737F90948F1
:108DB0006D21094AFEF732F9644502108045021020
:108DC0003C45021054450210FC4402102C45021090
:108DD0001C450210B4440210EC440210704402100E
:108DE000A444021080B500AF091A8A4201D280184B
:108DF00080BD02481B211A46FEF72CFD9B45021040
:108E000080B500AF416800290CD0491E4160006860
:108E100000F046F9C10708D00F21090400020840FC
:108E2000022105E00020014602E00249084001213C
:108E3000084380BD0000FFFFD0B502AF4168094C78
:108E400000290DD0491E4160006800F00DF881B284
:108E5000A14204D1FF21090408402018401CD0BDC4
:108E60002046D0BD6F080000F0B503AF85B00446C2
:108E700003AD2846214600F0D7F843204601287864
:108E8000012805D103A84078000430180F30BEE057
:108E900004990E2900D9BCE0701CC04679440979B8
:108EA00049008F4407B431461954624D872A801215
:108EB000235B09003046AAE0204600F0DFF80F21CE
:108EC0000906014071180E3126E02046F7F730FB05
:108ED000C00776D10B2075E0012004900394204652
:108EE00000F0CCF8C10772D14D4C71E02046F7F785
:108EF0001FFBC00765D10C2064E02046F7F718FB84
:108F0000C0075ED109205DE0204600F0B7F80F21D0
:108F1000090601407118891C0F3608221023C40766
:108F2000002C00D11A4600D10E46D0400006000A9F
:108F300062E02046F7F7FCFAC00742D1032041E087
:108F40002046F7F7F5FAC0073BD107203AE0204664
:108F5000F7F7EEFAC00734D1052033E02046F7F7E3
:108F6000E7FAC0072DD10D202CE0022004900394D5
:108F700003A8E7F7C3FF34460F34010ACDB2C1B2EC
:108F80000022022940D0019502920E25C00708D088
:108F900003A8E7F7B3FF81B2090AC2B2022A2DD1B2
:108FA0000D46029A30E02046F7F7C2FAC00708D112
:108FB0000A2007E02046F7F7BBFAC00701D10820D6
:108FC00000E00F203018C9B2090408181FE0134C44
:108FD0000440200602D00F36210A0BE003A8E7F771
:108FE0008DFF0F36010AC9B2C2B2022A02D0C007F1
:108FF00011D0260CC8B20004801908E0C007029AFC
:1090000002D0B41D0A06019D28041043204305B078
:10901000F0BD0448FBE70E21ECE7C04601FF00006D
:109020000000FF0F6F080E00FEB506AF0291019021
:109030000026F4433546042C12D00298F7F778FA4C
:10904000C00711D17F200840B0400543F61D641CC5
:1090500048B20028EFD4042C0CD1C8B20F2809D98B
:1090600005200199487002E00198417001460120F5
:109070000870FEBD01994D600020F9E780B500AF92
:1090800000F00EF8C10702D00449084080BD000C72
:1090900005F0E4FF80B2000480BDC04601FF00007F
:1090A000F8B504AF04460025EE43022E14D0204646
:1090B000F7F73EFAC00711D1761C7F20084007223F
:1090C000724392B29040054348B20028EDD4022E7C
:1090D00008D1C8B2032805D9084806E0C8B2000282
:1090E000401C00E02804C10704D0FF210902014010
:1090F000481CF8BD02490840F8BDC0460105000003
:109100000000FFFF80B500AFF7F712FAC007012299
:10911000002809D1CBB20020002B014602D0012B40
:1091200001D1114680BD0621104680BDF0B503AFC8
:1091300089B004464868534A002810D0401E486051
:109140000E6807AD28463146FFF76EFF28780128E4
:1091500008D107A84078A0704A48C01D00E0901DC3
:10916000208068E00898052800D984E0800002A1EA
:109170000958444D8F46C046239201109191011029
:10918000D3910110E791011097910110FD91011009
:109190003C48451C45E003200690059605A8FFF7CE
:1091A0004BFE03463748851D1A0C98B287210E01E5
:1091B000B0420BD001930092324988425DD005A89D
:1091C000FFF73AFE020C81B2B14236D110462D4E65
:1091D00023E03046FFF748FE81B22A4A294E9142E9
:1091E00009D0B51C15E03046FFF73EFE81B2254A96
:1091F000244E91420CD1B51D000C0EE03046F7F71D
:1092000097F902460846D107A5D11E494D1D08E031
:10921000F51C010C0491010A0391B11DAEB28E42FE
:1092200099D0A360E2710299A1710499A180039978
:10923000E170A070258009B0F0BD02920490114841
:109240008142104E1BD007A805A900F01DF8079B0E
:10925000022B02D107A80079CFE70199080E0390ED
:109260000498020EB51D0E20002B00D00D4600D034
:109270000098089BD1E70E206DE70E20A7E70E208F
:10928000BBE7C0466F080000BCB504AF04464868A1
:1092900000280FD0401E486009686D46284600F03F
:1092A00011F82878012808D1684640780221216009
:1092B0002071BCBD00202060BCBD0198012121604F
:1092C0006060BCBDBCB504AF04466D462846FFF7E0
:1092D000ABFE2878012804D16846407860700120F0
:1092E00002E00198606000202070BCBDD0B502AFE4
:1092F0001346044605220846214600F01DF9D0BD5C
:10930000F8B504AF0C46054606887009422801D816
:10931000042001E03B48301880B2C0467844007910
:1093200040008744073A2E340F434C37672B640CB8
:1093300028460900002131E06A880E2123E0AA783E
:109340000B2159E00421204600F05EF8C0B2022152
:10935000102855D100912046314600F0BBF8C1B22B
:10936000102913D16168A068814200980ED0A878B6
:109370000870481C38E0AA780C213DE0AA78092141
:109380003AE06A880221204600F06EF8F8BDAA781B
:10939000032110E0AA7807212EE00121204600F0E9
:1093A00033F8C0B21028F1D00220F8BDAA78052108
:1093B00022E0AA780D21204600F066F8F8BD0621CB
:1093C000204600F021F8C1B202201029DED16168E8
:1093D000A2689142DAD0AB780B704B1C6360934269
:1093E000D4D0E8784870881C60601020F8BDAA7856
:1093F0000A2101E0AA780821204600F058F8F8BDBB
:109400000846F8BDA0F7FFFFFEB506AF0A460446C2
:1094100001A800210171019105290AD001A8425437
:10942000D00909D080231A4301AB5A54491C024683
:10943000F2E7052501AA05E001A80A4AFFF756FF51
:1094400002460D466668A068801B854201D902204D
:10945000FEBD304611462A4606F075FD7019606063
:109460001020FEBD9C480210B0B502AF1446054660
:10947000FFF7CAFFC0B2102804D12846214600F0E9
:1094800029F8B0BD0220B0BDB0B502AF1546044604
:10949000FFF7BAFFC1B20220102907D16168A268A4
:1094A000914203D00D70481C60601020B0BDB0B573
:1094B00002AF15460446FFF7A7FFC1B202201029EC
:1094C00007D16168A268914203D00D70481C6060AA
:1094D0001020B0BDF8B504AF04466A460020907075
:1094E000108089B203280BD06A461154CA090AD0E9
:1094F000C9B280230B4369460B54401C1146F1E767
:1095000003256A4606E0694603220A4B00F014F878
:1095100002460D466668A068801B854201D902207C
:10952000F8BD304611462A4606F00DFD7019606000
:109530001020F8BD8C480210D0B502AF044690420E
:1095400003D2621C08461146D0BD00202146FEF71A
:1095500041F980B500AF02460068002806D100201E
:10956000C043106010460830114680BD0846FEF723
:1095700003FAD4D4B0B502AF55229300CA18CB5821
:109580005468A34205D1147AE40702D10749018047
:10959000B0BD002414725D1C112D00D02C46146047
:1095A00014225343C91806F0CEFCB0BD7F0800005A
:1095B000B0B502AF0446056C00202064002D06D033
:1095C00021686068496888476D1E0834F6E7B0BDB9
:1095D000F8B504AF07490968C90505D10021019113
:1095E00001A9F5F75BFA8FBD0348FEF7ECFAFEF729
:1095F00011FBC04604ED00E07800000080B500AF2C
:1096000009490968C90509D10168022202600129D6
:1096100003D1416880684968884780BD0348FEF7E8
:10962000D2FAFEF7F7FAC04604ED00E07800000039
:10963000F8B504AF044611480068C00518D1114DB3
:1096400011492846FFF785FFB0228258072A02D920
:109650000025257007E00346B033066840682660A1
:109660006060501C1860A5600868401C0860F8BD68
:109670000348FEF7A8FAFEF7CDFAC04604ED00E075
:1096800078000000C8390020D8450210B0B502AFFC
:1096900004460F480068C00515D10F4D0F492846F4
:1096A000FFF757FFB42282580B2A02D901206070BD
:1096B00004E0B4306560521C02600020207008682D
:1096C000401C0860B0BD0348FEF77DFAFEF7A2FA21
:1096D00004ED00E078000000C8390020E8450210E1
:1096E000F0B503AF8DB004C9062353430024A34251
:1096F0000AD06D462D198E882E814E88EE800E88F8
:10970000AE80A41D891DF2E700926946342206F05E
:109710001AFC0DB0F0BDD4D4F0B503AF85B00D4642
:1097200003900493029101CD06264643A9190191A5
:1097300092B2002E10D02946B61FAD1D0C8894425F
:10974000F7D1881C04A9012200F034F80498039989
:109750004880000C888011E00D4E072809D8019C34
:1097600063802280190CA180401C02990860039933
:1097700003E098B2B042039904D14E8000200880E3
:1097800005B0F0BD88804A80180CC8800120F6E73B
:109790006F08000080B500AF0246406B1168884238
:1097A00002D80020106080BD014B0A46FEF712F877
:1097B00028480210F8B504AF002A15D0009282782C
:1097C0008C788470C478CD78C57005780E78067072
:1097D00046784B7843708A70009ACC700D704E704A
:1097E000521E091D001DE7E7F8BDD4D4D0B502AF65
:1097F00004460448FEF7B6F901202040FEF7BBF905
:10980000D0BDC046AC00000080B500AF0248FEF7F6
:10981000DAF900F003F8C0464C00000080B500AF54
:1098200005F084FD0720000205490A68024005484A
:109830001018086005F07AFD05F07BFDFCE7C046D6
:109840000CED00E00400FA0580B500AFFEF766FD00
:10985000FFF7DAFFB0B502AF0C4605460088234992
:10986000884201D8042001E01F49401880B2C04658
:10987000784400794000874402271E2104300021EB
:1098800023E004212046FFF7BFFDC0B2102822D1FB
:1098900028462146FFF734FDC1B2102922D1281DE8
:1098A0002146FFF72DFDC1B210291BD1A868214622
:1098B00000F048F8B0BDAA1C022101E0AA1C032157
:1098C000204600F02FF8B0BD01212046FFF79CFD97
:1098D000C0B2102806D00220B0BDAA7805212046CB
:1098E000FFF7E5FDB0BDC04691F7FFFF6E08000031
:1098F000B0B502AF02464B688C680220A34210D07C
:1099000015781D705D1C4D60A5420AD055785D70BC
:109910009D1C4D60A54204D090789870D81C48607A
:109920001020B0BDB0B502AF14460546FFF76CFD80
:10993000C0B2102804D120462946FFF7E1FCB0BD93
:109940000220B0BD80B500AF024608461146FFF7C1
:109950005BFDC0B2102800D0022080BDFEB506AF6E
:10996000416800290FD0491E41600068032102911F
:10997000019001A8E7F7C2FA0546C0B2022804D157
:10998000A8B2040A18E00020FEBD0E24E80713D098
:10999000029E002E10D001980090F6F7C9FDC00776
:1099A00001D00C4608E0012E06D00E460098F6F7CE
:1099B000BFFD0C46C00703D0E0B20002801CFEBD14
:1099C000F0B2FF2109020D400004210608184019D9
:1099D000401CFEBDD0B502AF41680024002909D06B
:1099E000491E41600068FFF78DFB0122C00703D0CC
:1099F000144602E0022100E011402046D0BDD4D43C
:109A0000F8B504AF014603887E4A10462F308342E2
:109A100001D8042001E07A48181885B27A4CC04673
:109A20007D442D796D00AF4402020803140FF8BD88
:109A30007648FEF7C8F80020F8BD4B881046203065
:109A400083420DD804200DE05720000289780818C1
:109A5000F8BD888815462035A84225D8042025E081
:109A6000E0180F3080B2841E00200B2CDFD88988CC
:109A70007C4424796400A7440605493D59056743A1
:109A80005255766DD3E7624808181F24A3020628B2
:109A900000D981E0784400794000874403828282C3
:109AA000928E900073338DE020180F3085B28C7940
:109AB0004988032D0BD00020052DB8D1102CB6D825
:109AC000012080032332934258D0014657E02332CD
:109AD000002C05D00F20204003D12009103000E0D9
:109AE000002001246403934201D0214600E0214379
:109AF000000245E029204002C9B2091820203FE0B9
:109B000029204002C9B20918402039E0C9B2002911
:109B100038D00F20084036D10809103033E0292012
:109B2000400201E077200002C9B290E70A06120F56
:109B300000D07CE70807C00D0A0A45D00F2111406C
:109B400043D11109103140E029204002C9B209185F
:109B5000602015E0C9B2002918D00F20084016D1A6
:109B60000809103013E00A06120F00D05FE70F203B
:109B700001402920400208188030F8BD014320022E
:109B80000843F8BD002000021843F8BD0020292139
:109B900049024018A030F8BD1E48814201D1163359
:109BA00010E07F2040010D46054005263602B542F3
:109BB00010D121407720000249E7783302E0793361
:109BC00000E077331846F8BD00210843052109035A
:109BD0004018F8BD914204D90F2001403F204002B7
:109BE00035E70D4A8A1892B2032A05D31E30084081
:109BF00007221202904201D1C8B2C5E70846F8BD5B
:109C000091F7FFFF3F08000091F7000050000000AF
:109C10008DF8FFFF16070000B0F8FFFFF8B504AF9E
:109C2000044688B2002800D1CFE0012811D00D46AB
:109C30009149884218D0914988420DD09049884274
:109C40001AD1904860800F302080072000027930C0
:109C50001EE08C480E30BAE08A4860800F302080C9
:109C600007200002733013E0864860800F302080A8
:109C70000720000216300BE0A91E89B2FE2909D286
:109C8000284605F0EBF97F4961800F31218080B2D1
:109C9000A080F8BDFF21C943691889B2090A1F29AC
:109CA0000DD2E8B205F0DAF976490F312180A90A20
:109CB00004220A402905090F9140217122E0410B3D
:109CC000012910D1E8B205F0C9F90021A1606D4960
:109CD0004A1CA2802180A90A04220A402905090FF2
:109CE0009140A1710EE0010B04290ED1E8B205F0FC
:109CF000B5F90021A1602905090FA1716149CA1CAC
:109D0000A280218080B26080F8BD410A28290FD14D
:109D10005C48011D61800F302080E805000F207134
:109D20000F202840A90804220A4090406071F8BD25
:109D30005649691889B24909062921D8794409790F
:109D400049008F44032411170A2C3A000F200540C4
:109D500025714C48014608311EE00F200540257151
:109D6000484801460A3117E00F2005402571454853
:109D7000C11D11E00F20054025714248811D0BE0F7
:109D8000010A572925D1A5703E4812301FE00F2047
:109D9000054025713B48C11C61800F3017E03948F0
:109DA00001460B3161800F3020800F202840A90828
:109DB00004220A4090402071F8BD3548FDF7F8FEB6
:109DC000284600F079F8FDF7E3FF2E480D3020809B
:109DD000F8BD2D4A2A4007210B039A4206D077236B
:109DE0001B029A4204D12B48054049E72A48E5E77F
:109DF0000F22530186099E4203D12E48FDF7E3FE50
:109E0000E3E7830A1E2B11D9244BDE1CB04204D396
:109E1000234EAE19B6B2032E03D20802E9B20818D7
:109E20002FE76133984201D22148C7E71D4B984282
:109E300009D01D4B98420DD1124860800F30208010
:109E40000802783024E70F4860800F302080080235
:109E500077301DE73F2149010009884209D11540AB
:109E6000084EA819223805F0F9F866800F362680CA
:109E70000DE70E48A2E7C046167C0000737C000088
:109E8000797C000062080000E0FF000000AEFFFFE8
:109E9000400000001F0500004B000000FF7B000099
:109EA000B083FFFF777C0000787C00005500000045
:109EB0004D00000033000000D0B502AF0446034857
:109EC000FDF750FE2046FDF74DFED0BD0600000018
:109ED000FEB506AF0291044600252E460195302EB0
:109EE00008D0A019029905F033F8002804D16D1CA0
:109EF0000C36F4E7019800E00120294603B0F0BDDC
:109F0000F8B504AF0546002634462819054905F082
:109F10001FF80121414076180C34302CF5D1304621
:109F2000F8BDC04630460210D0B502AF0446FFF778
:109F3000E7FF002812D04121615C4A0855231340F5
:109F4000C91A33228B0811401340C9180A0989180D
:109F50000F220A40811A48424841D0BD0020D0BD9E
:109F6000F8B504AF04464020085C0E4630360028A1
:109F70000CD10D4630880749884207D02846FFF7A4
:109F8000D3FF002802D040350120287007CE07C437
:109F9000F8BDC0466F080000F8B504AF009008880F
:109FA0001E4D44090422422C02D82B46144601E0DF
:109FB0002B464419A6B2009C24886509422D00D97D
:109FC000E21895B20022B54213D1AD1E0C2D23D854
:109FD0007D442D796D00AF440F0613061606060664
:109FE000060606060F00897800988078401A4242DB
:109FF000424101205040F8BD498800984088F5E76B
:10A000008442F0D0F5E78B78009884789C42F0D1B8
:10A01000C9780098C078E9E70122EAE7A0F7FFFFD6
:10A02000F0B503AF89B016460D460446049204A865
:10A030002A49FFF7B1FF002824D0211D05AC204696
:10A040002A463346FFF768FB208800283FD005A842
:10A05000C18807ACA180418880880004401807901F
:10A060002148FDF7A5FD2148214DA8472148A847D3
:10A070000798A8472048A847A01C04F017FFFDF741
:10A0800087FE24E06068062602960390464300207F
:10A09000C043234608330193002E18D0401CB61F3E
:10A0A000991D2246ACB21B88A34214460B46F3D13D
:10A0B000039988420DD2029A5043019B18182546F5
:10A0C0004C1E11466143591805F08EF96C6009B0B9
:10A0D000F0BD03482421034AFDF7BCFB8C2D021080
:10A0E000484802106C480210960000000A00000068
:10A0F000657B0110BB000000C2000000D0B502AFBC
:10A1000008C806225A4389B2002A07D00346921F84
:10A11000801D1C888C42F7D1981CD0BD0020D0BD7A
:10A1200080B500AF001DFFF7E9FF002804D00188CB
:10A1300040880004401880BD004880BD6F080000C2
:10A14000F0B503AF89B00C4605465F48FDF730FD1A
:10A150005E48FDF707FD21885E48814201D8002056
:10A1600001E05B48081801910294C04678440079E8
:10A17000400087440541353710434A394E174C009B
:10A180000020FDF7F8FC20460C3000F0B5F8204622
:10A1900004F032FE43E00420FDF7EDFCA07802F06D
:10A1A00011FB3CE009204C498847029886784B48CF
:10A1B0004B4CA0474B48A04701203040464CA0479D
:10A1C000B007C00FA0477007C00FA0473007C00FEF
:10A1D000A047F006C00FA0470020414988471EE075
:10A1E000022017E0032015E00720FDF7C4FC60689B
:10A1F000FDF7CAFC207A10E001200BE00520FDF7F6
:10A20000BAFC6088FDF7AEFC09E0062002E00A20F7
:10A2100000E00820FDF7AFFCA078FDF7ACFCFDF7EF
:10A22000B7FD31480068C00546D131492846FFF7DF
:10A2300090F9064603910546B03583208000341816
:10A24000207A012804D13146B83104A8FFF792F9E9
:10A25000286800282AD00090207A002831D102985E
:10A26000811C606814224243B518B820019A2A5212
:10A270002846BA300E2205F066FEB83500982861EF
:10A280006068401C112800D1002060602168814274
:10A2900001D10120207230680021401C30607068BC
:10A2A0004841706008363046FFF782F90399086824
:10A2B000401C086009B0F0BD0C48FDF784FCFDF7B8
:10A2C000A9FC0C48FDF7BCFA20000000B800000013
:10A2D0008CF7FFFF74080000777B01100C00000072
:10A2E000657B0110C400000004ED00E07800000070
:10A2F000B8450210C8450210B0B502AF0446174871
:10A30000FDF730FC2078FDF736FC1548FDF72AFCF8
:10A310006078012812D10120FDF72DFCA578E478A2
:10A320001148FDF71FFC2046FDF725FC0F48FDF7FF
:10A3300019FCA8000E49085805780AE00020FDF72E
:10A340001AFCE578A4780748FDF70CFC2046FDF7D9
:10A3500012FC2846FDF70FFCB0BDC046BA00000055
:10A36000B7000000B9000000BC000000B30000000E
:10A37000B84E021080B500AFC1B2052901D8042043
:10A3800000E0801FC0B2820001A39A589746C046E1
:10A39000A7A30110A5A30110C1A30110C5A301101B
:10A3A000A9A30110022080BD0420C0467944097988
:10A3B00049008F44020F030B090DF4E7072080BD0D
:10A3C000032080BD062080BD082080BD052080BD03
:10A3D000092080BD02480B21024AFCF71FFEC0463F
:10A3E0003C46021044460210BCB504AF044648681F
:10A3F00000280FD0401E486009686D462846FEF7C9
:10A4000061FF2878012808D1684640780221216040
:10A410002071BCBD00202060BCBD019801212160DD
:10A420006060BCBDBCB504AF044601A80180090C46
:10A4300081702068282545430F3C002D09D0283421
:10A4400001A92046F5F76BFF283D0028F5D0113C07
:10A4500000E000242046BCBDF0B503AF8BB00C4635
:10A4600006680F2E0BD80546282210467043281880
:10A470000830214605F067FD701C286019E0268C25
:10A480000D48864215D06D4620222846214605F00B
:10A490005AFD2E842846223022340622214605F019
:10A4A00052FD0648FDF784FB284600F009F8FDF749
:10A4B0006FFC0BB0F0BDC0467308000080000000C8
:10A4C000B0B502AF04461F48FDF74CFB20461030E4
:10A4D000FFF712FF2046143004F08EFC1A48FDF7F7
:10A4E00041FB208C1A49884201D8042001E0174919
:10A4F000401880B2254620357844007940008744D2
:10A5000002110D0F06000020FDF735FB10E00420BE
:10A51000FDF731FB284604F0BDFC09E0022002E013
:10A52000032000E00120FDF726FB608C00F012F80C
:10A5300003CC083CFEF71AF8A068E168FEF716F8AD
:10A54000B0BDC046B6000000BF00000091F7FFFF9D
:10A550006E080000D0B502AF04460348FDF702FBC9
:10A560002046FDF7FFFAD0BDBB000000F0B503AFF9
:10A570008DB00C4603460568102D10D228221046D7
:10A5800068431E460836301821461C4605F0DBFCA1
:10A590002346681C2060002D24D10DB0F0BD268C10
:10A5A0001948864219D002A8009020222146019322
:10A5B00005F0C9FC00990E8408460E46223022346C
:10A5C0000622214605F0BFFC1048FDF7F1FA30469F
:10A5D000FFF776FFFDF7DCFB019B1E460836152DC5
:10A5E0000DD22846282141435D18083534462834C9
:10A5F000AC42D2D03046214600F00AF8F7E73046A8
:10A60000294600F0D1FBC8E7730800008100000074
:10A61000F0B503AF8DB00E4603908A68CB6808464C
:10A620002038016840680592511A04931946814107
:10A630002FD230680290706801903146103106A820
:10A64000182205F080FC483E344635464835203611
:10A6500028222846314605F076FC0398864208D029
:10A660002646283E03CC059A083C101A04988841D7
:10A67000EAD3029820620198606228462038059942
:10A68000016004994160183D06A91822284605F08A
:10A690005AFC0DB0F0BDD4D4F0B503AF9FB01C464A
:10A6A00004920E460790212E00D229E2002C00D100
:10A6B0002BE22320C000F30858433546079E32188A
:10A6C000A020584331180695402D2DD20594956849
:10A6D0000E92D4688B68CE680122002011900F95ED
:10A6E000581B154630461094A041104600D31198CF
:10A6F000079CA268E4680D92D31A2346B3412E4604
:10A7000000D3119E70400E9B00D10B460F980D99FF
:10A71000081A1098844100D3119D6E40079908468D
:10A7200000D11846059C03E0304600F0C7FC3146D6
:10A73000641E0594461A049B002B09D08D19A86845
:10A74000E9689A68DB68101A8B41079900D3B7E073
:10A7500012A8119028250C462A4605F0F4FBA619EC
:10A76000204631462A4605F04BFA304611990F959E
:10A770002A4605F0E8FBEC48009012A80123214688
:10A78000069A00F02FFA1398002800D1C3E1159D16
:10A79000002D00D14BE1149C12980D9007CC029231
:10A7A000226803921D911C900C3C2146103112A886
:10A7B000182205F0C8FB0F98454360190890283D02
:10A7C00000230E9420462646283608998E424FD202
:10A7D00010950F9C2146594311930E9A55180D99C7
:10A7E0008A680B92C9680C91016B0991416B0A91BF
:10A7F0002946224605F004FA28463146224605F04D
:10A80000A2FB0B980999081A0C980A99814101D367
:10A81000119B01E0119B5B1C109D283D3046D3E746
:10A820001095064628360F9C214659430E9A551816
:10A830000D998A680B92C9680C91016B0991416B63
:10A840000A912946224605F0DBF928463146224680
:10A8500005F079FB0B980999081A0C980A9981411F
:10A8600001D3119B01E0119B5B1C109D283D3046DC
:10A87000002D1193D4D10F9A14465C430E9D2E19CE
:10A880000D998B680C93C9681091314605F0B8F9A1
:10A890001C9828511D987060029DB560039CF4605F
:10A8A000103612A91822304605F04DFB0C98281AD4
:10A8B0001098844100D2BCE00698079E119DBCE030
:10A8C00012A8119028260C46324605F03CFB204683
:10A8D0002946324605F094F9284611990F963246DA
:10A8E00005F031FB9048009012A801232146069AFA
:10A8F00000F078F91398002800D10CE1159E002E85
:10A9000000D1D5E0149C12980D9007CC03922268D8
:10A9100004921D911C900C3C2146103112A8182263
:10A9200005F011FB0F984643A0190890283E00231C
:10A930000E9420462546283508998D424FD2109610
:10A940000F9C214659430E9A5618016B0B91416B8F
:10A950000C910D998A680992C9680A91314622467C
:10A96000119305F04DF930462946224605F0EBFAE1
:10A970000B980999081A0C980A99814101D2119BE8
:10A9800001E0119B5B1C109E283E2846D3E71096E1
:10A99000054628350F9C214659430E9A5618016BDF
:10A9A0000B91416B0C910D998A680992C9680A91C3
:10A9B0003146224605F024F930462946224605F064
:10A9C000C2FA0B980999081A0C980A99814101D288
:10A9D000119B01E0119B5B1C109E283E2846002E17
:10A9E0001193D4D10F9A16465E430E998D190D9985
:10A9F0008C680C94C9681091294605F001F91C98DF
:10AA00000E9988511D986860039CAC60049EEE60AE
:10AA1000103512A91822284605F095FA0C98001B4B
:10AA20001098B04146D20699079E119846E000253D
:10AA300001E0119D6D1C0698079E85426ED212A8FA
:10AA4000109031460F9C224605F07DFA204668435F
:10AA50001195351830462946224605F0D1F828468A
:10AA60001099224605F06FFA3148009012A831463D
:10AA7000069A119B00F0B6F8139C129D159A149932
:10AA80002C48009012A8012300F0ACF8139800287D
:10AA900045D0159E1498079012981190284621468B
:10AAA000049A059C2346FFF7F7FD11980490FAE5F8
:10AAB000002001E01198401C0699079E88422DD283
:10AAC000054612A8109031460F9C224605F03BFA2D
:10AAD000204668431195351830462946224605F030
:10AAE0008FF828461099224605F02DFA1198C04398
:10AAF000069E86192835002004900795059CD2E50E
:10AB00000798314600F08EF903E00798314600F0CF
:10AB10007BFA1FB0F0BD0020044A02E0FEDE0020F8
:10AB2000054A0146FCF79CFEA0460210B046021002
:10AB3000D0460210E0460210F0460210F0B503AF16
:10AB400089B00D4601460390224800906C0805A884
:10AB50002246234600F046F8069801900598049096
:10AB60001D4800902826754303984019614271439F
:10AB7000411805A82246234600F034F821466643D2
:10AB800005983618049D283E06980390601E029092
:10AB9000019C002911D0002C11D0491E049103986A
:10ABA0000299814210D20A2228463146FEF702FE5F
:10ABB000641E2835283E0499EBE709B0F0BD084A29
:10ABC00001980146FCF74CFE044A04980399FCF7EF
:10ABD00047FEC046604602107046021090460210C2
:10ABE00080460210D0B502AF9A4206D3D21A28246A
:10ABF0005C430C191AC00260D0BDBA680148132129
:10AC0000FCF70CFA54460210F0B503AF8BB0079175
:10AC100080214358846DC56D014680314E685022B5
:10AC200078211B1BAE41144600D30C4600D31146BD
:10AC30004118019101190A918468C568066B426B3D
:10AC4000012100230993341BAA410E4600D3099E1B
:10AC50000A9AD268069200D20999019BDA682825DF
:10AC60000995694341188D680891CC680A998968EB
:10AC7000049503914D1B069D0594A5411C4600D3E8
:10AC8000089C09994E4380198668C5689968891B94
:10AC9000AA41064600D32646194600D30146029132
:10ACA000089800D318460499039A511A0599069AF0
:10ACB0008A410A9C00D30446A0680690E568B06803
:10ACC0000490F0680590029901D30A9808900798BB
:10ACD000099A05F038F906980499401A05988541B3
:10ACE000304600D320460A9000D33446079D2846BC
:10ACF00028302146099C224605F025F92846503087
:10AD00000A99224605F01FF9783528460899224607
:10AD100005F019F90BB0F0BDF0B503AF87B00E46E2
:10AD2000049006A80280120C8270086828250595F8
:10AD3000029045430391083600240196002D0AD065
:10AD40003046113006A9F5F7EAFA002808D1283D67
:10AD5000641C2836F2E7134804990884029906E037
:10AD60000498039D2946224600F0F4F92968022937
:10AD7000059D01D207B0F0BD15290FD24D43283DE6
:10AD8000039830300390002DF4D00198039C2146A5
:10AD9000FFF73EFC283D28340394F4E7019800F0C7
:10ADA00003F8E7E773080000FEB506AF0291846878
:10ADB000C168026B436B121B8B41019010D2044699
:10ADC00030340221029A8A4227D00CCC256A666A66
:10ADD000083CAA1A9E4112D22834491C0198F1E776
:10ADE00030300221029A8A4216D00CC8066A456A9F
:10ADF0000838B21A9D4102D32830491CF2E70120DD
:10AE0000029C204304F001FF40003E234340002207
:10AE100001982146FFF740FCFEBD0299FFF78EFE28
:10AE2000FEBDD4D4F0B503AF754EB544754E6E4437
:10AE30004B0800D1DEE0054628200A460B90099316
:10AE400058430EA90C1828180D900392072A06954E
:10AE5000029409D90EA92846FFF7D6FE0D9821467F
:10AE6000FFF7D2FE04220CE00EA8282506992A46F8
:10AE700005F069F820460D992A46069D05F063F80D
:10AE800001220021B16002207060059131600B98B1
:10AE90000A9250430EA90918089128180790099999
:10AEA000F1600398401A049056486844F3F758FE3E
:10AEB00001281FD1002909980D9001D004980D9008
:10AEC0000B98414308984418079846180EA8401854
:10AED0000C900A9D0D988542E6D2282220463146E4
:10AEE00005F031F80C982146FFF792FB28342836FC
:10AEF0006D1CEFE70B98039948432838069D2918E5
:10AF000008910EAA10180D90029E304628380A901B
:10AF1000099800284FD00990304628300790916852
:10AF20000C92D068B368F2685C1A1446844100D36E
:10AF3000079600D30C9E591A824102D30C982830F0
:10AF40000C90284631460B9A04F0FDFF0A9EB1682A
:10AF5000F2680D988368C4680120591A944101462B
:10AF600000D205990491069500D305980599CD4323
:10AF700000282C4600D10446314600D10D9908988E
:10AF80000B9E324604F0DFFF74430498002800D182
:10AF900005460A9800190A900B9845430D984019E8
:10AFA0000D900998401E089928390891069D28356A
:10AFB000079E0C9AADE70A9928310398C0070A91B9
:10AFC00001D114460FE0144628348A4200D31446B7
:10AFD000114600D331460A98824200D328362822EF
:10AFE000284604F0B0FF0A98844207D10D98283013
:10AFF000864203D1FE1F053EB546F0BDFCF73AFD83
:10B0000034F8FFFFB8070000F0B503AF8FB003902E
:10B01000480846180091002E4ED0761E8E420196AA
:10B0200018D204A802902824039D2946224604F041
:10B030008AFF204670432E1828463146224604F0E7
:10B04000DFFD3046019E0299224604F07CFF009904
:10B05000002000E0701AB1420A4600D33246029244
:10B0600041004E1C964224D2891C91420DD22822C6
:10B070005143039C61188B68C9687243A218956894
:10B08000D268EB1A8A4100D2761C282211467143FD
:10B09000039C61188B68CD68504320188268C4688F
:10B0A000D21AAC4105D20A22FEF784FB3046029A3E
:10B0B000D6E70099019EAEE70FB0F0BDF0B503AF43
:10B0C00085B00C46DB081AD0A0265E438119049295
:10B0D00023220294D4005C43021901931C4DA8471B
:10B0E0000390029881190219019BA847049B9919A2
:10B0F0001A1904461846019BA847024600E003902F
:10B1000093680492D568A1680294E4680122002043
:10B110000190C81A20460095A841104600D3019816
:10B12000039DAE68ED68711A2946A141144600D30B
:10B13000019C604001D102980490F01A009885416A
:10B1400000D3019A5440039800D1049805B0F0BD93
:10B15000BDB00110F0B503AF89B00B46096804918A
:10B1600003928A421BD21546282200920191114671
:10B1700069435C18264608363146029304F0E3FE24
:10B18000E843019D2A180098424330343046214656
:10B1900004F036FD681E0299086009B0F0BD06484B
:10B1A000089004A90791069003A80590034805A9F3
:10B1B000034AFBF733FFC046897801101F0F0210C6
:10B1C0007C480210D0B502AF006800788000044AC5
:10B1D0001358044A125803C9CC681946A047D0BD79
:10B1E000044F0210C44E0210D0B502AF044604480A
:10B1F000FCF7B8FC01202040FCF7BDFCD0BDC046E8
:10B20000B1000000D0B502AF04460348FCF7AAFC29
:10B210002046FCF7B0FCD0BD0700000080B500AFB1
:10B22000084080BD80B500AF002909D0BFF35F8F13
:10B230000648012181722830FEF7E0F9044800E059
:10B240000148FCF7C0FC80BD12000000B03C0020AB
:10B250000F000000D0B502AF0C460448FCF7A8FC74
:10B260002046FFF7CFFFFCF793FDD0BD1C00000088
:10B2700080B500AF0148FCF7A6FC80BD0E000000C1
:10B28000F0B503AF85B0002905D01A48FCF79BFC48
:10B29000174C28341BE01348FCF795FC1248006853
:10B2A000C00519D1124C2546283502AA019229461B
:10B2B00049C949C20020A062029E28460199F3F7BD
:10B2C000EDFB022E06D12846FEF782F934342046E3
:10B2D000FEF794F905B0F0BD0448FCF774FCFCF7E8
:10B2E00099FCC0461000000004ED00E0780000006A
:10B2F000B03C002011000000D0B502AF0C4604485D
:10B30000FCF756FC2046FCF7FDFFFCF741FDD0BDE5
:10B310002600000080B500AF002907D00948FCF7DF
:10B3200052FC07483430FEF769F980BD0348FCF74A
:10B330004AFC03483430FEF74BF980BD130000008F
:10B34000B03C002014000000F0B503AF87B0044605
:10B35000002B05D00D460878052804D8042003E00A
:10B360000020206096E0801FC0B2C046784400797B
:10B3700040008744024B14430F00002001901070DE
:10B38000D618297A68680696551C0495012B5FD15A
:10B3900002206DE02046294600F082F87AE0032082
:10B3A0001070D0180690501C05900490298904A8AC
:10B3B000FEF790F8C1B2102940D1686804A9FEF7E1
:10B3C000C1FAC1B2102939D1698904A8FEF782F8FF
:10B3D000C1B2102932D1A98904A8FEF77BF8C1B205
:10B3E00010292BD1E98904A8FEF774F8C1B21029FD
:10B3F00024D1298A04A8FEF76DF818E00620107001
:10B40000012B1FD102A80221017119E00220107046
:10B41000D618297A6D680696561C0496012B0DD015
:10B420005170901C059004A92846FEF78BFAC1B212
:10B43000102903D104980028E4D015E002A908716E
:10B44000002018E06878507001200390501C12E032
:10B450005170911C059104A9FEF774FAC1B210292C
:10B4600006D10498002817D00599091A039102E023
:10B4700002A908710198029004A802A900F01AFA22
:10B4800006980499012901D1059901E00421401C85
:10B490002160606007B0F0BD02A802210171E9E7F8
:10B4A000F0B503AFB3B01E461346024604AD04A880
:10B4B000002E11D00C464035283003900878C04645
:10B4C000784400794000874402AE67840AE6FF258D
:10B4D0000235AE4200D3FEE000201060BAE10192D6
:10B4E000082018706078029004AD281D211D2C22C0
:10B4F00000901C4604F027FD029A21462A70A019EC
:10B500001790601C15900224012E00D127E14A708B
:10B51000881C169015A90098FEF79CF9C1B2102955
:10B5200000D01BE104A8103015A9FEF793F9C1B2B1
:10B53000102900D012E104A81C3015A9FEF78AF9E1
:10B54000C1B2102900D009E104A8293015A9FEF7DD
:10B55000CFF9C1B2102900D000E104A82C3015A900
:10B56000FEF7C6F9C1B2102900D0F7E01799169876
:10B57000884200D1F3E0039BDA790270421C8A42D0
:10B5800000D1ECE0197811701599002900D17DE106
:10B59000401A801C2790E5E0072018709819069043
:10B5A000591C049102201546012E61D0227F0A7099
:10B5B000022E5DD0201D617F9970D91C059104A9D0
:10B5C000FEF748F9C1B2102952D1103404A920461F
:10B5D00041E00192052018706078039004A8029061
:10B5E000001D211D40221C4604F0ADFC039A21469B
:10B5F00002980270A0191790601C15900224012E69
:10B6000000D1CAE04A70881C16900426342E00D15E
:10B61000AAE004A8801915A9FEF71CF9C1B20C36DE
:10B620001029F3D0B8E0154601201870981906903B
:10B63000591C04910220012E1AD0227C0A70022E7D
:10B6400016D0617C9970032E12D0201DA17CD97078
:10B65000191D059104A9FEF7FDF8C1B2102907D103
:10B660000498002800D102E10599091A169102E018
:10B6700015A908710020159004A815A900F01AF961
:10B6800006980499012901D1059901E00421401C83
:10B6900029606860DEE001920920187065786068B2
:10B6A000029015A80390001D083421461C46FEF7A1
:10B6B00017F804A80095057002991591001D38220D
:10B6C000039904F040FCA0192590601C2390012EE2
:10B6D0000DD10220ABE004261E70581C611C1446DC
:10B6E0000122120204F02FFC26606560B2E000988F
:10B6F0006070A01C2490059823A9FEF723F9C1B21D
:10B70000102900D093E0062106980091484304AD2B
:10B710000C352818029015A8821D00210395AB1D39
:10B720000298854200D003935D4805D06B88AC88B1
:10B730002404E4182E8802E05A4B1C402418A3B2BB
:10B7400083422DD0082900D1A4E01480230C53801B
:10B75000931E1E80921D491C039DE0E7044626A807
:10B7600004710021269166E004A8343015A9FEF783
:10B7700071F8C1B210290FD1287801286CD117991E
:10B780001698884209D001220270421C8A4204D0D5
:10B7900069784170811C66E0044626A8047148E07F
:10B7A000159126AC15A93422204604F0CCFB269E28
:10B7B00015A8002101711591241D304605290AD0D4
:10B7C00015AA5054C20909D08023184315AB585408
:10B7D000491C1046F2E7052215AB05E015A8344ACE
:10B7E000FDF784FD03460A46249D2598401B8242AE
:10B7F00000D96EE7284619460396164604F0A3FBC7
:10B80000A8192490009D03984543002D33D021882A
:10B8100023A8FDF75FFEC1B2102908D1A01C23A9FF
:10B82000FDF76EFDC1B2AD1FA41D1029EDD026A9F4
:10B8300008710020269015A826A900F03BF817985B
:10B840001599012901D1169901E00421401C019AA2
:10B850001160506033B0F0BD1698179988429CD0A3
:10B8600000210170411C1598002808D10AE015A894
:10B8700002210171FEE62398002803D02499091AB9
:10B880002791D7E726A802210171D2E726A8022135
:10B89000017166E704481721044AFCF7A1F8C04685
:10B8A0006F0800000000FFFF08460210204602104B
:10B8B000AC480210D0B502AF04460868002802D098
:10B8C0004968002204E0087900F006F801210A46E0
:10B8D00022606060A160D0BDE0B502AF694608702B
:10B8E000801EC0B20A2807D20B49C140C90703D045
:10B8F00080000D4908588CBD684601900748FCF748
:10B9000057F90748FCF72EF901A80649FCF768F932
:10B91000FCF73EFA03208CBDFD03000097000000F9
:10B920000B00000038480210444F0210F0B503AF7E
:10B93000FFB0B4B003468AAD002A15D00E46289257
:10B94000412080001A18681C269024350C462C349F
:10B9500018462C30279009780A200A2900D301467E
:10B9600008D3022000F0A5FC0A20187002205860BD
:10B9700000F0A3FC2592880001A210588746C0461B
:10B9800099BA0110A9B9011071BA0110BDBA01101C
:10B99000A9B90110A9B9011055BA0110A9B901102E
:10B9A000A9B90110A9B901100220289A012A01D1D0
:10B9B00000F07EFC491E082901D900F079FC4900FD
:10B9C0007944898849008F44080073047304FB009C
:10B9D000CE00730441025502E300249328983018E6
:10B9E000A790701CA69004208B90A6A88A908AA885
:10B9F000E5F784FA81B20C0AC1B2022900D137E21C
:10BA00000E26C00700D1D0E38AA8E5F777FAC1B2C5
:10BA1000022900D1A5E22390C00700D1C5E38AA87E
:10BA2000E5F76CFA81B20A0AC1B2022900D1BBE380
:10BA30001E92C00700D1B8E398AD8AA92846FDF749
:10BA400075FBAB782A885D49C81D824200D0AEE301
:10BA50001E46AAE32898012844D104201C46FFF77B
:10BA60003BFF01216060A1600A20207000F025FCEE
:10BA70001D46289830188B90701C8A90022099904F
:10BA80008AA8989098A8E5F739FA81B20C0AC1B251
:10BA900002292FD1264606E31D46289830188B90A0
:10BAA000701C8A90022099908AA8989098A8FDF717
:10BAB00091FF0E46C0072CD0F4B205E224932898DB
:10BAC00030188B90701C8A90062099908AA89890C4
:10BAD00098A8FDF795F9FF22150681B2022928D111
:10BAE0000B4628E00920187002202599086070781C
:10BAF0005870E2E30E26C00700D1D4E229A898A925
:10BB0000FEF772FC2998022800D0C8E129A806791E
:10BB1000C9E2F0B20E24022800D1D5E129A898A9E3
:10BB2000FEF762FC2998022800D0C5E129A8047913
:10BB3000CAE103462B401404024622409A18160C10
:10BB4000022900D1E6E227960E26C00700D1E1E2E5
:10BB500029A898A9FDF798FB2998022800D0B5E1FB
:10BB600029A80679D6E22493289830186A90701C88
:10BB7000699002246C9469A86B906BA8E5F7BEF9F4
:10BB8000010ACAB2C1B2022900D0ADE111468BE36D
:10BB90002493289830188790701C869002268996E6
:10BBA00086A8889088A8E5F7A9F9010ACAB2C1B2A7
:10BBB000022900D0B3E1144666E3C0466F080000D6
:10BBC000FF2202322899914200D271E32892B07884
:10BBD000F1780902081860A90880307E717E090298
:10BBE0000818B17E0904F27E1206511808185F90F9
:10BBF000307D717D09020818B17D0904F27D1206BD
:10BC0000511808185E902420305C314624314A785F
:10BC1000120210188A781204C978090689180818BF
:10BC20005D902020305C314620314A781202101895
:10BC30008A781204C9780906891808185C902820A7
:10BC4000305C21902A20305C1F903420305C1890AA
:10BC50003020305C1E9070782390B07F1C90F07F75
:10BC60001A9020781B90E0781990A07A15903046B1
:10BC700028304078129030462A3040781190304673
:10BC8000343040781490307F1090707F0F9060783F
:10BC90000E90A0780D9030463030C17817918178A1
:10BCA0000C9140780B90F07A2090B07A0A90307A1C
:10BCB0000990707A0890F07B2690B07B0790307BDB
:10BCC0000690707B0590F07C1D90B07C0490307CD9
:10BCD0000390707C0290F0792290B07901903079D5
:10BCE000009075793146373159A80922249304F020
:10BCF0002AF9A07DE17D090208186DA90880207D40
:10BD00001690607D1390443629A8BD22314604F078
:10BD10001AF9280200994118019802042298000695
:10BD200083185918229102990902039A8918049AD2
:10BD300012041D9C2406A21851181D9105990A028F
:10BD40000699521807990C0426990D062C19A1186A
:10BD5000269108990A02099952180A990C04209907
:10BD60000D062C19A11820910B990A021E99521840
:10BD70000C990C0417990D062C19A11817910D99FF
:10BD80000A020E9951180F9A1402109AA2181E92C4
:10BD9000149A1402189AA2181492119A14021F9A53
:10BDA000A2181892129A1402219AA2181B0C21931D
:10BDB000249C000E1F900026279D69705F98A0614B
:10BDC0005E9860615D985C9B2362606223986070FE
:10BDD00026701D9820612698E0602098A0606098E9
:10BDE00060801A98E0771C98A0771E98A083189816
:10BDF000608522851998E8701B982870080AA87039
:10BE00001F9800062199C9B209044018229989B2E5
:10BE1000401860601498A086179820631598A8723F
:10BE20002046373059A9092204F08DF81398687517
:10BE3000169828756D98E882443429A9C0222046B6
:10BE400003F03EFF25982899016036E22493289854
:10BE500030187D90701C7C90032084907CA8839087
:10BE600083A8E5F74BF881B20C0AC1B202296DD163
:10BE700026469AE12493289830188990701C88905F
:10BE80000220629088A8619061A8E5F737F8014622
:10BE9000000AC2B2C8B2022866D1104605E20028E4
:10BEA00000D100E18B988A99002900D1FAE02A9A02
:10BEB0002C726A600722C9E0002805D02A9C012064
:10BEC0000640022E00D0B9E0E0B2EDE0012800D03B
:10BED00020E12A98269098A8FCF792FF81B20229C7
:10BEE00000D0BAE0060C15E10E21C00700D1DBE15D
:10BEF0006C98002800D1D7E123926B9877947690C4
:10BF000004218991889083AE88A93046FDF70EF907
:10BF10003088EC4CA04200D0CEE083A8C3E10E24D0
:10BF2000C00700D1B0E18998002800D1ACE123928C
:10BF300088986296619098A861A9FDF7A5F99898EC
:10BF4000022800D0C7E098A804799DE10E26C0071A
:10BF500000D12AE183A8E4F7D1FFC1B2022900D0C1
:10BF600086E080B2060A20E10E20C90700D19CE1DC
:10BF70006299002900D198E1239261980721849168
:10BF8000839098AE83A93046FDF7D0F8B178328817
:10BF9000E648C41DA24200D186E1219198A9851DE1
:10BFA0000E201D902292AA4200D1B0E3C8781F90C3
:10BFB0009A9826909998209098AE83A93046FDF7DC
:10BFC000B5F8B0783188A14200D16EE116909A9808
:10BFD000A7909998A69098A81791A94200D196E3A6
:10BFE000C078159098AE83A93046FDF79FF8B078D9
:10BFF0003188A14200D158E11C909A988B90999871
:10C000008A9098A81E91A94200D180E3C57883A8A0
:10C01000FDF7A4FC0646010AC0B2022800D143E1A4
:10C020001491F00700D172E383A8FDF797FC040A8E
:10C03000C1B2022900D0FCE1204636E18B988A99F2
:10C04000002900D186E02E726C6006222A70081A40
:10C0500028994018259908602FE12390C00759D0EE
:10C0600098A8FCF7CDFE81B202294AD10A464AE0DF
:10C07000C10700D199E08499002900D195E023906F
:10C08000839802211291A791A69098AEA6A9304656
:10C09000FDF74CF8B1783288A448C51DAA426AD190
:10C0A0000E4682E0C6B23046FFF716FC01216860FA
:10C0B000A9600A20287000E19D4D2290A84200D17D
:10C0C00027E3A6AE88A93046FDF730F83088A042B5
:10C0D00042D1A6A8E7E00E24012800D0D4E062985F
:10C0E000002800D1D0E0999822906199A6AC204612
:10C0F0001E91FCF799FF2078012875D1A6A84478F5
:10C10000C2E002462A400346234013431A0C022988
:10C110000AD116463046FFF7DFFB0121249A506012
:10C1200091600A201070C8E02292C007F2D098A84F
:10C13000FCF766FE81B2022900D1D3E62190C00748
:10C14000E8D098A8FCF75CFE82B2022A00D0E5E0B5
:10C150001546E4E0C0B2A7E71D90A84200D1D8E29E
:10C160008AAE88A93046FCF7E1FF3088A04200D0B3
:10C170008CE08AA897E0219198A9801D0E26229232
:10C180001D90824211D0C8781F909A982690999855
:10C19000209098A81E90A6A9FCF7C8FF1E98827848
:10C1A0000188A94200D08FE0164630467DE098A86D
:10C1B000891D8A42F9D0A79EA6990029F5D021931E
:10C1C0002292C0781F909A98269099982090881B68
:10C1D000FF210902239A0A40A1181E9A120451183D
:10C1E0001D910121129191E0A7982190A6A90831F3
:10C1F00000244E4B224621981D941C941B9420929F
:10C200001F9121900028184623D084961E98839071
:10C2100083A8FCF7F5FD040C81B2022934D01D94EB
:10C220000E241C90C0072FD083A8FCF705FE010C3C
:10C2300082B287231B019A4225D03C4B9A4223D0DD
:10C240001A9121994C1E1C99090E1C911D99C9B275
:10C250001D9182B29A4200D13AE12194209A082A93
:10C260001F9900D180E11C9B1C021D9B1C431A9B43
:10C270000B808B1E1880081F0480891D521C21987A
:10C280002A4B1B9CBBE70C46E0B20EE01E90A84276
:10C2900000D13EE298AE88A93046FCF747FF3088CF
:10C2A000A04262D198A881780846FFF715FB249B2D
:10C2B0000121586099600A201870FE1F053EB5469E
:10C2C000F0BDC046760800009A988B9099988A90A5
:10C2D00098A81D9B994200D167E7C3788A988B9DE7
:10C2E000999598907D9E7C98002800D15DE7999D56
:10C2F0005F95989D5E95801BFF25239EAE43A419F4
:10C300001E9412041B069A1851181D91289BC018E0
:10C310002890249C279D10AE46CE4EE50540044053
:10C320002C43210C022A05D10E46F3E66F080000CB
:10C3300075080000C00700D1ECE68B9E8A980028A3
:10C3400000D1E7E60822249C2270F34A219D154083
:10C35000229B5B19239D1540279A5219269D6560E3
:10C36000A260E3602161801B72E61190A84200D1B7
:10C37000CFE1A8988790A79986918C9A81928B9B00
:10C38000809383ACE5781F95A478219498ACE579E7
:10C39000199525791B95658818958AADAE781C96F8
:10C3A000ED781A9565791295A4791094A6AC6488F5
:10C3B000859D2695849D20959A9D17957B907A91D1
:10C3C0007992789398AE76A93046FCF7AFFEB178B3
:10C3D0003688D24DE81D864200D165E70F9415914D
:10C3E00098A8C11C7CA80922144603F0ACFDA81D26
:10C3F0000E21864200D157E77798002800D153E7F5
:10C40000769D2846F4F794F8C007169100D04BE7C4
:10C4100014961698C0B2002800D1A7E00128214642
:10C4200000D041E72846F4F783F8C00700D19EE02A
:10C430003AE71390C00700D169E183A8E4F75EFDF5
:10C44000010ACAB2C1B2022900D126E519921A9591
:10C450001B94C00700D15AE183A8FDF7BBFAC007BF
:10C46000084600D021E7C8B202281D9800D11CE779
:10C47000A7987D90A69A7C928B9B6F938A9C6E94D2
:10C48000999098928B938A948998889B002B00D1DD
:10C490000BE7320C1892139A120C1092999C5F942D
:10C4A000989C5E948B9C5D948A9C5C94181A0123E2
:10C4B0001940149A13025918119116990904159AE2
:10C4C00013065918179A89181D910421129116E123
:10C4D0002098A69098A8841CA6A934262046324607
:10C4E00003F031FD8AA8801C21902146324603F0DA
:10C4F0002AFD98AC20462199324603F024FD0026FF
:10C50000A5968A96201D1E9098981F901F98864287
:10C510000DD2062070431E990A5A209208184188AD
:10C520008088761CA596000443187C4904E02346C5
:10C530007948034079490B43219698B2884268D0E4
:10C54000A6AE8AA93046209A1C46FDF7E5F8308849
:10C55000012800D1D4E0A6A84188704A521C91421B
:10C56000219ED3D10479CCE00E248DE600211391D5
:10C570007B9875907A987490799873907898729067
:10C580007CA96EA8024628C928C20978117075993D
:10C590008B9174998A917399A7917299A69198A990
:10C5A0000CC80CC1007808706A9E69980E9000282B
:10C5B00000D1AAE00F9801041D9808181D9010984A
:10C5C00002021298101810908B9C67948A9C6694B3
:10C5D000A79C6594A69C649498AD61A90C4609CD6E
:10C5E00009C42878207067985F9066985E90659877
:10C5F0005D9064985C9059A818C918C00B780370B6
:10C600000E98801B0123169919401691032112914F
:10C610007CE698A8FDF7BEF88E987D908D987C906A
:10C62000919E6F96909A6E928AACA08A1E90A07D81
:10C630001C90E07D1A90208C1190608C1890A08D39
:10C64000149028781B90E8781990A87A1590207893
:10C65000209026988178219141781F91007816903A
:10C660006978A878139023462F338B9826908C985E
:10C670001D90949817901D7978A805712F20205C43
:10C680005C78240220189C782404DB781B061B1994
:10C69000181878907D9899907C9898908B968A92AB
:10C6A000A6A8799A02717898A6908798869C002C03
:10C6B00000D1FAE5139A12025118109116990B0243
:10C6C0001F990D04EB1821990D06EB1820995918A4
:10C6D0002091A6AB1B7959AD2B71999B5F93989BC9
:10C6E0005E938B9B5D938A9B5C93A69B5993201AC8
:10C6F000229B190E1F91190C21910521129105E61B
:10C700000E2498A8FDF746F8BEE53146CCE51D9805
:10C71000CBE50E21C8E5C0460000FFFF6F08000012
:10C72000F8B504AF1C4600920E461248FBF740FADB
:10C730001148124DA847F0B28000114908580078FE
:10C74000FBF719FA0098FBF716FA0E48A8472E4691
:10C75000BD682846FBF718FA0B48B047002D05D0F6
:10C760002078FBF708FA6D1E641CF7E7FBF710FB57
:10C770000020F8BD22000000B0000000657B011021
:10C780006C4F0210040000000D00000080B500AFE7
:10C7900009490968C9050AD10949FCF7DAFEB4223A
:10C7A00083585B1E83500868401C086080BD0348A6
:10C7B000FBF709FAFBF72EFA04ED00E07800000021
:10C7C000F8450210F8B504AF04461048104DA847CC
:10C7D0001048A847012020400F4EB047A007C00FC7
:10C7E000B0476007C00FB0472007C00FB047E00652
:10C7F000C00FB047A006C00FB0476006C00FB047DB
:10C80000E0B2C009B0470020A847F8BD0C00000006
:10C81000657B0110C5000000777B0110D0B502AF29
:10C8200004460748FBF79EF9A1B24809282801D918
:10C8300000F02DFD034804A24900515A49008F44DD
:10C84000C1000000BC4802107211230547115D11A0
:10C8500077062B11691157119110020EB910DA06E3
:10C860000A0A0E0C6C0E17116D07000E39084907E5
:10C8700079071B11D1108507680649116B11AB10A0
:10C88000A1067F1031079D077D06AF101F07B60672
:10C890006110F710551195065111B306E8071F11E5
:10C8A000130A1D1165118906A5101511DB10E91079
:10C8B00071067111FF1087105B110B11920E050D9F
:10C8C00061116B069E06230C2D08CB0692060F08FD
:10C8D0005408070A1311C310C60CC80D6E06A90729
:10C8E0004F110F11550A1307B309A607B20711110B
:10C8F0006311AD062711D106D910C910BC0D260C45
:10C900007406F209C206D70D53118910E6065911B3
:10C91000D706150867115207F3100D110311CE0643
:10C92000BB0709114D118F06F110B9095C0E600BA0
:10C93000EF100511AA06A7062E07A40686065D10AD
:10C940007307571080069B0604077A065F114F1085
:10C95000880AB006980629118306E0064311731071
:10C96000B9062D111E08CB09140E3A074607EF062B
:10C970003D1001070B10E2077C078C06C806D307A1
:10C98000E50745112F10F806A00741113C08E710F4
:10C990007B103B11C50607073F114B112807D50B2C
:10C9A0002D109107520EBF06DF102E0E19076510CD
:10C9B000E510260ED710280A680D3911220E5108ED
:10C9C000640E35110D0A6107C707B310560D7611B5
:10C9D000761176117611761176117611761176111F
:10C9E0007611A310BC09BF10D5107110CF0C3A0AF4
:10C9F0007D1006089F103D112207A910F510ED10BB
:10CA00003311240841102F113910F506C110BC064E
:10CA10006A073111F60B1C0A761176117611761120
:10CA200076117611761176117611761176117611CE
:10CA300076117611761176117611761176117611BE
:10CA4000761176117611761182073E0D6B10C107B3
:10CA5000D4067F0A3407DD10FE0655106707760EF0
:10CA60003608280EAD103711FB100D10E1104710DD
:10CA700007119310EC0625110B0DC710E906EE0700
:10CA8000FD10FB06211119114B083B100D07761103
:10CA9000761176117611761176117611761176115E
:10CAA000761176117611761176117611761176114E
:10CAB000761176117611761176117611761176113E
:10CAC000761176117611761176117611761176112E
:10CAD000761176117611761176117611761176111E
:10CAE000761176117611761176117611761176110E
:10CAF00076117611761176117611761176117611FE
:10CB000076117611761176117611761176117611ED
:10CB100076117611761176117611761176117611DD
:10CB200076117611761176117611761176117611CD
:10CB300076117611761176117611761176117611BD
:10CB400076117611761176117611761176117611AD
:10CB5000761176117611761176117611761176119D
:10CB6000761176117611761176117611761176118D
:10CB7000761176117611761176117611761176117D
:10CB8000761176117611761176117611761176116D
:10CB9000761176117611761176117611761176115D
:10CBA000761176117611761176117611761176114D
:10CBB000761176117611761176117611761176113D
:10CBC000761176117611761176117611761176112D
:10CBD000761176117611761176117611761176111D
:10CBE000761176117611761176117611761176110D
:10CBF00076117611761176117611761176117611FD
:10CC000076117611761176117611761176117611EC
:10CC100076117611761176117611761176117611DC
:10CC200076117611761176117611761176117611CC
:10CC300076117611761176117611761176117611BC
:10CC400076117611761176114F07C809A3072108CE
:10CC50008807700E01115B07231143070E0EDD06D6
:10CC6000CC0CE3061A0E4C07F2068E072B07BB10FE
:10CC70008510B807B510D310F9108310CB100A0730
:10CC8000100777101607EB10A80B951025078F0DCE
:10CC90001C0E3B0DE3101808190AC510160EBE072E
:10CCA00037071C07CA073D079D10CD10CF10410D57
:10CCB0001F0A1E0E9910300827085E075807B1108A
:10CCC00064072B10E909BA0C760743103710691076
:10CCD0005F1009104D0D531051107F078D10751006
:10CCE0008B07D10940078B109710DF07320DC4075F
:10CCF000F7077910AC075507CD078110D409CF0B82
:10CD000094070F102C0E6310240E2B0AF1075A08FB
:10CD100003087007BD10A110B7106710250AFA07A5
:10CD20002A08A710AF073308570833106B0DB60950
:10CD3000310A710DD0078E0AD60759107C0E300EBD
:10CD40003D0A19104D109B10700ADC070008800E78
:10CD5000A90A45106D10B5079707780BDB0C340E48
:10CD6000230D320E7D0D111076117611761176118C
:10CD7000761176117611761176117611761176117B
:10CD8000761176117611761176117611761176116B
:10CD9000761176117611761176117611761176115B
:10CDA000761176117611761176117611761176114B
:10CDB000761176117611761176117611761176113B
:10CDC000761176117611761176117611761176112B
:10CDD000761176117611761176117611761176111B
:10CDE000761176117611761176117611761176110B
:10CDF00076117611761176117611761176117611FB
:10CE000076117611761176117611761176117611EA
:10CE100076117611761176117611761176117611DA
:10CE200076117611761176117611761176117611CA
:10CE300076117611761176117611761176117611BA
:10CE400076117611761176119A07EB07020D4208DA
:10CE50003E0E460E0B0C620E3C0E761176117611CC
:10CE6000761176117611761176117611761176118A
:10CE7000761176117611761176117611761176117A
:10CE8000761176117611761176117611761176116A
:10CE9000761176117611761176117611761176115A
:10CEA000761176117611761176117611761176114A
:10CEB000761176117611761176117611761176113A
:10CEC000761176117611761176117611761176112A
:10CED000761176117611761176117611761176111A
:10CEE000761176117611761176117611761176110A
:10CEF00076117611761176117611761176117611FA
:10CF000076117611761176117611761176117611E9
:10CF100076117611761176117611761176117611D9
:10CF200076117611761176117611761176117611C9
:10CF300076117611761176117611761176117611B9
:10CF400076117611761176117611761176117611A9
:10CF50007611761176117611761176117611761199
:10CF60007611761176117611761176117611761189
:10CF70007611761176117611761176117611761179
:10CF80007611761176117611761176117611761169
:10CF90007611761176117611761176117611761159
:10CFA0007611761176117611761176117611761149
:10CFB0007611761176117611761176117611761139
:10CFC0007611761176117611761176117611761129
:10CFD0007611761176117611761176117611761119
:10CFE0007611761176117611761176117611761109
:10CFF00076117611761176117611761176117611F9
:10D0000076117611761176117611761176117611E8
:10D0100076117611761176117611761176117611D8
:10D0200076117611761176117611761176117611C8
:10D0300076117611761176117611761176117611B8
:10D040007611761176117611340A460A400E7E0E5C
:10D05000D907FD07430A5B0A12084808211025106A
:10D06000160A29103F106F10B90D5B1045083510D6
:10D07000CB0DC509A70D0C0849104B10DD091B107D
:10D080003A0E360EF4070908F90C110D4C0A3F0848
:10D0900027105D08D40D640A1D101710860E4F0A64
:10D0A0004E08910A3110900B490AE90D290D830DA4
:10D0B000EC0DE30D260D500ED50C4C0E610A8A0EB8
:10D0C000720E580A1310231076117611761176110C
:10D0D0007611761176117611761176117611761118
:10D0E0007611761176117611761176117611761108
:10D0F00076117611761176117611761176117611F8
:10D100007611761176117611CE09170D050C761170
:10D110007611761176117611761176115E0A151058
:10D120002A0EAE0B100A4E0ECE0D200D480E6A0EC2
:10D13000520A6A0A761176117611761176117611F5
:10D1400076117611761176117611761176117611A7
:10D150007611761176117611761176117611761197
:10D160007611761176117611761176117611761187
:10D170007611761176117611761176117611761177
:10D180007611761176117611761176117611761167
:10D190007611761176117611761176117611761157
:10D1A0007611761176117611761176117611761147
:10D1B0007611761176117611761176117611761137
:10D1C0007611761176117611761176117611761127
:10D1D0007611761176117611761176117611761117
:10D1E0007611761176117611761176117611761107
:10D1F00076117611761176117611761176117611F7
:10D2000076117611761176117611761176117611E6
:10D2100076117611761176117611761176117611D6
:10D220007611761176117611670A970AC60B761178
:10D2300076117611761176117611761176117611B6
:10D240000C0E761176117611BF0D0A0E5A0E580E7D
:10D25000940A6E0E4A0D530D560E380EF50DE00D64
:10D260004A0EFE0DC20D840B770DB70BFA0D2C0D77
:10D27000FC0C040E380D060E8C0DFC0DE60D1D0D7C
:10D28000860D620D920D950D7F4801F04CFC7F4894
:10D2900008187A2800D86CE07D4808185F2800D963
:10D2A000EAE0400078448088400087445F00E70659
:10D2B0008D06C606D2064B06A806AB06F907A807D8
:10D2C0002706D207740863061A08360653089C0618
:10D2D000CC064A08AE06B406FF07650839063306D1
:10D2E000E2082A099B08C208C007C306400C400C8C
:10D2F000400C400C400C400C400C400C400C400CCE
:10D30000400C400C400C400C400C400C400C400CBD
:10D31000400C400C400C400C400C400C400C400CAD
:10D32000400C400C400C400C400C400CC90746051A
:10D330000105B604C804A404DC086E083F06E40630
:10D340007D088C04400511084409AD044F053006E2
:10D350005D0A5A094E09C2040E093209CE04A70813
:10D36000AF05BC086006AE07BA07BA06644801F00C
:10D37000DAFB400078448088400087447A006106E8
:10D38000250749070D06D80BD80BD80BD80BD80B9F
:10D39000D80BD80BD80BD80BD80BD80B55071306C6
:10D3A0001C0670078206FF043A07DC07DD057C07D0
:10D3B0000505C70707063A06BE07D80B22062B0647
:10D3C0007607D80BD80BD80BD80BD80BD80BD80BAB
:10D3D000D80BD80BD80BD80BD80BD80BD607080511
:10D3E00002056A08B608000818081907D80BD80BF8
:10D3F000D80BD80BD80BD80BD80BD80B2E0622077E
:10D40000CF048404D6085D04390472080308D405E7
:10D41000790612082104D80BD80BD80BD504A6071F
:10D42000DA084204E404C505F109F008E4085704E9
:10D43000A408C80863043C0841055108F5054307E2
:10D440004F074F06D80BD80BD80BD80BD80BD80BDF
:10D45000D80BD80BD80BD80BD80BD80BFE054C0724
:10D460004804DB04810AA2047D025104C008EA08D2
:10D47000EE08244801F057FB2348081805A1400096
:10D48000085A40008744C046864A021000F9FFFF50
:10D4900000F8FFFF4200D0059105B8055B05A60620
:10D4A000AF06530B530B530B530B530B530B530B35
:10D4B000530B530B530B530B530B530B530B530B7C
:10D4C000530B530B530B530B530B530B530B530B6C
:10D4D000530B530B89047F0568047C0536077704DA
:10D4E0009A054B0767058A07C4059A067507EE0576
:10D4F000F1053C07A2076A056405FD070B04C04659
:10D50000A44D02100E4D021000FAFFFFFD4801F07D
:10D510000AFBFD4801F007FBFC4801F004FBFC4856
:10D5200001F001FBFB4801F0FEFAFB4801F0FBFAB9
:10D53000FA4801F0F8FAFA4801F0F5FAF94801F072
:10D54000F2FAF94801F0EFFAF84801F0ECFAF8487D
:10D5500001F0E9FAF74801F0E6FAF74801F0E3FADA
:10D56000F64801F0E0FAF64801F0DDFAF54801F07E
:10D57000DAFAF54801F0D7FAF44801F0D4FAF448A1
:10D5800001F0D1FAF34801F0CEFAF34801F0CBFAFA
:10D59000F24801F0C8FAF24801F0C5FAF14801F08A
:10D5A000C2FAF14801F0BFFAF04801F0BCFAF048C5
:10D5B00001F0B9FAEF4801F0B6FAEF4801F0B3FA1A
:10D5C000EE4801F0B0FAEE4801F0ADFAED4801F096
:10D5D000AAFAED4801F0A7FAEC4801F0A4FAEC48E9
:10D5E00001F0A1FAEB4801F09EFAEB4801F09BFA3A
:10D5F000EA4801F098FAEA4801F095FAE94801F0A2
:10D6000092FAE94801F08FFAE84801F08CFAE8480C
:10D6100001F089FAE74801F086FAE74801F083FA59
:10D62000E64801F080FAE64801F07DFAE54801F0AD
:10D630007AFAE54801F077FAE44801F074FAE44830
:10D6400001F071FAE34801F06EFAE34801F06BFA79
:10D65000E24801F068FAE24801F065FAE14801F0B9
:10D6600062FAE14801F05FFAE04801F05CFAE04854
:10D6700001F059FADF4801F056FADF4801F053FA99
:10D68000DE4801F050FADE4801F04DFADD4801F0C5
:10D690004AFADD4801F047FADC4801F044FADC4878
:10D6A00001F041FADB4801F03EFADB4801F03BFAB9
:10D6B000DA4801F038FADA4801F035FAD94801F0D1
:10D6C00032FAD94801F02FFAD84801F02CFAD8489C
:10D6D00001F029FAD74801F026FAD74801F023FAD9
:10D6E000D64801F020FAD64801F01DFAD54801F0DD
:10D6F0001AFAD54801F017FAD44801F014FAD448C0
:10D7000001F011FAD34801F00EFAD34801F00BFAF8
:10D71000D24801F008FAD24801F005FAD14801F0E8
:10D7200002FAD14801F0FFF9D04801F0FCF9D048E5
:10D7300001F0F9F9CF4801F0F6F9CF4801F0F3F91B
:10D74000CE4801F0F0F9CE4801F0EDF9CD4801F0F6
:10D75000EAF9CD4801F0E7F9CC4801F0E4F9CC480A
:10D7600001F0E1F9CB4801F0DEF9CB4801F0DBF93B
:10D77000CA4801F0D8F9CA4801F0D5F9C94801F002
:10D78000D2F9C94801F0CFF9C84801F0CCF9C8482E
:10D7900001F0C9F9C74801F0C6F9C74801F0C3F95B
:10D7A000C64801F0C0F9C64801F0BDF9C54801F00E
:10D7B000BAF9C54801F0B7F9C44801F0B4F9C44852
:10D7C00001F0B1F9C34801F0AEF9C34801F0ABF97B
:10D7D000C24801F0A8F9C24801F0A5F9C14801F01A
:10D7E000A2F9C14801F09FF9C04801F09CF9C04876
:10D7F00001F099F9BF4801F096F9BF4801F093F99B
:10D80000BE4801F090F9BE4801F08DF9BD4801F025
:10D810008AF9BD4801F087F9BC4801F084F9BC4899
:10D8200001F081F9BB4801F07EF9BB4801F07BF9BA
:10D83000BA4801F078F9BA4801F075F9B94801F031
:10D8400072F9B94801F06FF9B84801F06CF9B848BD
:10D8500001F069F9B74801F066F9B74801F063F9DA
:10D86000B64801F060F9B64801F05DF9B54801F03D
:10D870005AF9B54801F057F9B44801F054F9B448E1
:10D8800001F051F9B34801F04EF9B34801F04BF9FA
:10D89000B24801F048F9B24801F045F9B14801F049
:10D8A00042F9B14801F03FF9B04801F03CF9B04805
:10D8B00001F039F9AF4801F036F9AF4801F033F91A
:10D8C000AE4801F030F9AE4801F02DF9AD4801F055
:10D8D0002AF9AD4801F027F9AC4801F024F9AC4829
:10D8E00001F021F9AB4801F01EF9AB4801F01BF93A
:10D8F000AA4801F018F9AA4801F015F9A94801F061
:10D9000012F9C046D64C02108A4902100C4A021085
:10D91000444A0210B6490210364902102249021048
:10D920000E490210DE4802107E4A021068490210B9
:10D930008A4A0210264902108E4A0210A449021097
:10D940000E4A0210304902103C490210A84A021047
:10D9500034490210B04A02105A4A0210704A0210AA
:10D960003A4902101A4A02108C4A021074490210F5
:10D970004249021056490210044A0210324A02106B
:10D98000484A0210004A02104E4A0210764902101C
:10D9900052490210104A0210664A02104A4A021006
:10D9A000964A0210D44A0210A8490210D84A02101E
:10D9B000484902102C4902102C4A02101C4A02103D
:10D9C000DE4A0210404A0210764A0210244A02102F
:10D9D00006490210BA490210A6490210EA4902108B
:10D9E000F44A0210BC4A0210F64A0210D84902104A
:10D9F000FA4A0210824A0210184B0210144A02100E
:10DA00009A490210024B0210C0480210E24A02106A
:10DA1000C6490210D0490210AE490210164B02103E
:10DA20002A4902101C4B02105A4B0210D04A021015
:10DA3000CA49021070490210DC4A0210BE4A0210A4
:10DA40009C4A02106C4B0210324B0210CC4A02105E
:10DA5000304B021088490210364B0210B84A0210AF
:10DA6000CC49021024490210884B0210E0490210F0
:10DA70003E4B021018490210FE490210504B021092
:10DA8000B44A0210564A0210C64A0210564B0210FF
:10DA9000E04A02105E4A0210764B0210CE4B021092
:10DAA000DE4B02106C4A021086490210C24A021074
:10DAB000464A0210E04802106A4B02109A4B0210CC
:10DAC00064490210CC4B0210E84A02107849021057
:10DAD000144B0210B64A0210644B02107A4902102D
:10DAE0001A4B02106E4B0210AA4B0210BC490210D6
:10DAF000AE4B0210F84B0210C04B0210604B0210EC
:10DB0000384A0210FE480210264A0210E04B02106A
:10DB1000684A0210824B02102C4C0210664B021015
:10DB2000944B0210FA4B0210C24B0210864B0210AB
:10DB3000C44802102E4C02101E4C0210164A02104D
:10DB4000004C0210384902100C4B02109A4D021082
:10DB5000AA4A0210C44A02107A4A02102E4B02103E
:10DB6000964B0210A24902102C4B02109C4B021043
:10DB7000D648021016490210904A0210364C021084
:10DB8000E44B0210144C0210024C0210344A0210F2
:10DB9000484C021098490210D44902109E4B0210C2
:10DBA000844B02103A4C02107D4800F0BCFF7D48C7
:10DBB00000F0B9FF7C4800F0B6FF7C4800F0B3FFEE
:10DBC0007B4800F0B0FF7B4800F0ADFF7A4800F0E2
:10DBD000AAFF7A4800F0A7FF794800F0A4FF79482F
:10DBE00000F0A1FF784800F09EFF784800F09BFF0E
:10DBF000774800F098FF774800F095FF764800F0EE
:10DC000092FF764800F08FFF754800F08CFF754852
:10DC100000F089FF744800F086FF744800F083FF2D
:10DC2000734800F080FF734800F07DFF724800F0F9
:10DC30007AFF724800F077FF734800F074FF754870
:10DC400000F071FF744800F06EFF744800F06BFF45
:10DC5000734800F068FF734800F065FF724800F0F9
:10DC600062FF724800F05FFF714800F05CFF71488E
:10DC700000F059FF704800F056FF704800F053FF65
:10DC80006F4800F050FF6F4800F04DFF6E4800F005
:10DC90004AFF6E4800F047FF6D4800F044FF6D48B2
:10DCA00000F041FF6C4800F03EFF6C4800F03BFF85
:10DCB0006B4800F038FF6B4800F035FF6A4800F011
:10DCC00032FF6A4800F02FFF694800F02CFF6948D6
:10DCD00000F029FF684800F026FF684800F023FFA5
:10DCE000674800F020FF674800F01DFF664800F01D
:10DCF0001AFF664800F017FF654800F014FF6548FA
:10DD000000F011FF644800F00EFF644800F00BFFC4
:10DD1000634800F008FF634800F005FF624800F028
:10DD200002FF624800F0FFFE614800F0FCFE61481F
:10DD300000F0F9FE604800F0F6FE604800F0F3FEE7
:10DD40005F4800F0F0FE5F4800F0EDFE5E4800F036
:10DD5000EAFE5E4800F0E7FE5D4800F0E4FE5D4844
:10DD600000F0E1FE5C4800F0DEFE5C4800F0DBFE07
:10DD70005B4800F0D8FE5B4800F0D5FE5A4800F042
:10DD8000D2FE5A4800F0CFFE594800F0CCFE594868
:10DD900000F0C9FE584800F0C6FEBE4800F0C3FEC1
:10DDA000884A0210A44B02104C4A0210404902104B
:10DDB000644D0210FA4D02101A4C0210C04A0210B3
:10DDC00058490210704C0210584B0210724B02104E
:10DDD000584D0210EE4D0210244C02106C4D0210F2
:10DDE000024E0210924D02103A4B0210EA4D021000
:10DDF0009C4D0210F6490210784D02100E4E021092
:10DE0000A54800F090FEC046564D0210A34800F011
:10DE10008AFEC046EC4D02107E4D0210144E0210D8
:10DE2000B8490210984A0210004902107E4C0210B4
:10DE300062490210084C02100E4B0210224A0210D6
:10DE4000264B0210524D0210924B0210BE49021096
:10DE5000804B02100C4D0210A64B0210F04B02102A
:10DE6000E84D0210F0490210B64B0210984D021016
:10DE7000FC4B0210F24B0210504C0210344C0210BA
:10DE8000464C02108A4C02106E4A02106A4C021074
:10DE9000FE4B0210764C0210644C02103E4C0210F5
:10DEA0008E4C02108C4C0210504D0210BE4B0210D2
:10DEB000664D0210FC4D0210944D0210E64D02100A
:10DEC000064A02106E4D0210044E0210FC48021069
:10DED000E84C0210AC4B02104A4C02109E4C02104F
:10DEE000904C0210EE4C0210224D0210404D0210D8
:10DEF0002C4D02103E4D0210C64B0210684800F037
:10DF000012FE684800F00FFE674800F00CFE6748FC
:10DF100000F009FE664800F006FE664800F003FEC9
:10DF2000654800F000FE654800F0FDFD644800F023
:10DF3000FAFD644800F0F7FD634800F0F4FD634823
:10DF400000F0F1FD624800F0EEFD624800F0EBFDEC
:10DF5000614800F0E8FD614800F0E5FD604800F030
:10DF6000E2FD604800F0DFFD5F4800F0DCFD5F4847
:10DF700000F0D9FD5E4800F0D6FD5E4800F0D3FD0C
:10DF80005D4800F0D0FD5D4800F0CDFD5C4800F03C
:10DF9000CAFD5C4800F0C7FD5B4800F0C4FD5B486B
:10DFA00000F0C1FD5A4800F0BEFD5A4800F0BBFD2C
:10DFB000594800F0B8FD594800F0B5FD584800F048
:10DFC000B2FD584800F0AFFD574800F0ACFD57488F
:10DFD00000F0A9FD564800F0A6FD564800F0A3FD4C
:10DFE000554800F0A0FD554800F09DFD544800F054
:10DFF0009AFD544800F097FD534800F094FD5348B3
:10E0000000F091FD524800F08EFD524800F08BFD6B
:10E01000514800F088FD514800F085FD504800F05F
:10E0200082FD504800F07FFD4F4800F07CFD4F48D6
:10E0300000F079FD4E4800F076FD4E4800F073FD8B
:10E040004D4800F070FD4D4800F06DFD4C4800F06B
:10E050006AFD4C4800F067FD4B4800F064FD4B48FA
:10E0600000F061FD4A4800F05EFD4A4800F05BFDAB
:10E07000494800F058FD494800F055FD484800F077
:10E0800052FD484800F04FFD474800F04CFD47481E
:10E0900000F049FDE44C0210824D0210184E0210AF
:10E0A000B84D021054490210704D0210064E021075
:10E0B000D64D0210C24D0210D44D02105E4D02101A
:10E0C000F44D0210D04B0210284D0210DE4C02100D
:10E0D000AE4D0210B44C0210084D0210F44C021068
:10E0E000064D02104E4C0210864D02101C4E0210BE
:10E0F000BE4D02108E4D0210EA4C0210E64C02108A
:10E10000304D0210FE4A0210164D02107C4C0210D7
:10E110001A4D0210DA4C0210B84C02101C4D0210BD
:10E12000F04C0210364D0210A84D0210924C021015
:10E13000384D02104C4D0210744B0210C64D0210A7
:10E1400010490210324D0210DC4C0210B04D02108A
:10E15000B24D0210CC4D0210F84C0210CE4D021000
:10E160008C4D0210224E0210D84C02106C49021045
:10E17000E24D0210AA4D0210104D0210C84D0210BF
:10E18000744C0210AC4D0210EA4B0210DA48021037
:10E19000FE4C0210004D0210604D0210F64D0210B0
:10E1A000A64D0210204D0210F248021066490210DE
:10E1B000EE4800F0B8FCEE4800F0B5FCED4800F089
:10E1C000B2FCED4800F0AFFCEC4800F0ACFCEC48D1
:10E1D00000F0A9FCEB4800F0A6FCEB4800F0A3FC23
:10E1E000EA4800F0A0FCEA4800F09DFCE94800F095
:10E1F0009AFCE94800F097FCE84800F094FCE848F5
:10E2000000F091FCE74800F08EFCE74800F08BFC42
:10E21000E64800F088FCE64800F085FCE54800F0A0
:10E2200082FCE54800F07FFCE44800F07CFCE44818
:10E2300000F079FCE34800F076FCE34800F073FC62
:10E24000E24800F070FCE24800F06DFCE14800F0AC
:10E250006AFCE14800F067FCE04800F064FCE0483C
:10E2600000F061FCDF4800F05EFCDF4800F05BFC82
:10E27000DE4800F058FCDE4800F055FCDD4800F0B8
:10E2800052FCDD4800F04FFCDC4800F04CFCDC4860
:10E2900000F049FCDB4800F046FCDB4800F043FCA2
:10E2A000DA4800F040FCDA4800F03DFCD94800F0C4
:10E2B0003AFCD94800F037FCD84800F034FCD84884
:10E2C00000F031FCD74800F02EFCD74800F02BFCC2
:10E2D000D64800F028FCD64800F025FCD54800F0D0
:10E2E00022FCD54800F01FFCD44800F01CFCD448A8
:10E2F00000F019FCD34800F016FCD34800F013FCE2
:10E30000D24800F010FCD24800F00DFCD14800F0DB
:10E310000AFCD14800F007FCD04800F004FCD048CB
:10E3200000F001FCCF4800F0FEFBCF4800F0FBFB03
:10E33000CE4800F0F8FBCE4800F0F5FBCD4800F0E9
:10E34000F2FBCD4800F0EFFBCC4800F0ECFBCC48F2
:10E3500000F0E9FBCB4800F0E6FBCB4800F0E3FB24
:10E36000CA4800F0E0FBCA4800F0DDFBC94800F0F5
:10E37000DAFBC94800F0D7FBC84800F0D4FBC84816
:10E3800000F0D1FBC74800F0CEFBC74800F0CBFB44
:10E39000C64800F0C8FBC64800F0C5FBC54800F001
:10E3A000C2FBC54800F0BFFBC44800F0BCFBC4483A
:10E3B00000F0B9FBC34800F0B6FBC34800F0B3FB64
:10E3C000C24800F0B0FBC24800F0ADFBC14800F00D
:10E3D000AAFBC14800F0A7FBC04800F0A4FBC0485E
:10E3E00000F0A1FBBF4800F09EFBBF4800F09BFB84
:10E3F000BE4800F098FBBE4800F095FBBD4800F019
:10E4000092FBBD4800F08FFBBC4800F08CFBBC4881
:10E4100000F089FBBB4800F086FBBB4800F083FBA3
:10E42000BA4800F080FBBA4800F07DFBB94800F024
:10E430007AFBB94877E3B94875E3B94873E3B9485B
:10E4400071E3B9486FE3B9486DE3B9486BE3B94884
:10E4500069E3B94867E3B94865E3B94863E3B94894
:10E4600061E3B9485FE3B9485DE3B9485BE3B948A4
:10E4700059E3B94857E3B94855E3BA4853E3BB48B1
:10E4800051E3BB484FE3BB484DE3BB484BE3BB48BC
:10E4900049E3BB4847E3BB4845E3BB4843E3BB48CC
:10E4A00041E3BB483FE3BB483DE3BB483BE3BB48DC
:10E4B00039E3BB4837E3BB4835E3BB4833E3BB48EC
:10E4C00031E3BB482FE3BB482DE3BB482BE3BB48FC
:10E4D00029E3BB4827E3BB4825E3BB4823E3BB480C
:10E4E00021E3BB481FE3BB481DE3BB481BE3BB481C
:10E4F00019E3BB4817E3BB4815E3BB4813E3BB482C
:10E5000011E3BB480FE3BB480DE3BB480BE3BB483B
:10E5100009E3BB4807E3BB4805E3BB4803E3BB484B
:10E5200001E3BB48FFE2BB48FDE2BB48FBE2BB485E
:10E53000F9E2BB48F7E2BB48F5E2BB48F3E2BB486F
:10E54000F1E2BB48EFE2BB48EDE2BB48EBE2BB487F
:10E55000E9E2BB48E7E2BB48E5E2BB48E3E2BB488F
:10E56000E1E2BB48DFE2FE48DDE2C0464A4D021070
:10E570003C4B0210FA4C02104E4D0210124D02108C
:10E58000F4480210E04C0210D64A0210624A02100F
:10E59000E24C0210604C0210244D0210D24B0210CB
:10E5A000B64D0210884D02101E4E0210144D02107E
:10E5B000904D02108A4D0210204E0210184D02108C
:10E5C000E04D0210304C0210BE4C0210E44D02101F
:10E5D000E24B021082490210BA4D0210EC480210C0
:10E5E0001E4D0210324C02103A4D0210724C0210B5
:10E5F0002A4D0210CC4C0210844C0210D64B021053
:10E600005C4C0210544C0210BC4C0210B44D021071
:10E61000624B0210D04D0210C24C0210084B021087
:10E620006E490210244B0210684D0210FE4D02107C
:10E63000A24C02104A4B0210C04D0210A44C021012
:10E64000EE490210EC4C0210344D0210024D021043
:10E65000D04C02102E4D0210E4490210A24B0210C1
:10E66000F24C0210A84B02103C4D0210B64C0210A6
:10E67000264D0210DA4B0210CA4D0210564C021001
:10E68000CE4C0210C44D0210C64C0210044B0210B6
:10E69000D24C0210D44C0210FC4C0210D24D02108D
:10E6A000464D02105C4D0210F24D02101C4C02103F
:10E6B000BC4D0210F64C0210624D0210F84D0210D3
:10E6C000484D0210104C0210DC490210964C02100A
:10E6D000B24C0210044D02107C4A0210184C021079
:10E6E000824C0210DC4D02103C4C0210DE4902103C
:10E6F000804D0210164E0210AC4C02105A4C021003
:10E70000CA4C0210524C0210584C0210844D021098
:10E710001A4E0210AA4C0210DE4D0210BA4C021022
:10E72000C84C0210B04C02106A4A02109E490210F6
:10E73000C04C0210C44C0210424D0210984C021002
:10E74000944C0210D24A02105A4D0210F04D0210A1
:10E75000FC490210124B0210D84D0210DA4A021086
:10E76000EE48E0E1064B0210ED48DCE1284B0210D8
:10E770000A4D02101E4A02107E4B021096490210EA
:10E780005E4902107A4C02107A4B0210E4480210E3
:10E79000B44B0210D84B0210D44B02102A4C02107A
:10E7A000A84C0210284C0210EE4B0210E64B02104F
:10E7B000F44B02107A4D0210104E0210E84B02107A
:10E7C000864C0210AE4C0210624C0210804C0210BB
:10E7D0005E4C02105C490210444D0210A64C02101F
:10E7E0009C4C02109A4C0210284A02109E4D0210B6
:10E7F000DA4D0210EC4B0210604A02107C4D021000
:10E80000124E0210884C0210DC480210A04C02107C
:10E81000C84A0210684C0210544D0210C848021039
:10E820006A4D0210004E0210B24B0210F64B02105D
:10E83000C44B0210764D02100C4E0210444C0210D4
:10E84000A04D0210664C0210A24D0210744D021031
:10E850000A4E0210F44866E1B54864E1B54862E149
:10E86000E84860E1D9485EE1C9485CE1C6485AE140
:10E87000C94858E1DA4856E1CA4854E1C74852E16C
:10E88000C04850E1D0484EE1C0484CE1CD484AE193
:10E89000C34848E1CA4846E1E84844E1A64842E1A5
:10E8A000A64840E1BB483EE1CF483CE1C0483AE1E0
:10E8B000E04838E1AF4836E1F44834E1A04832E1BD
:10E8C000BE4830E1AC482EE1DB482CE1C1482AE1EA
:10E8D000F64828E1B54826E1B34824E1BF4822E1E3
:10E8E000984820E1CE481EE1CE481CE1F4481AE1E8
:10E8F000954818E1BB4816E1AE4814E1934812E18F
:10E90000CA4810E192480EE1BD480CE19B480AE17B
:10E91000B74808E1C64806E1EB4804E1AC4802E12B
:10E92000A54800E1F348FEE09548FCE0BA48FAE06B
:10E93000CC48F8E0B548F6E0FB48F4E0EC48F2E0FB
:10E940008448F0E0B048EEE0C848ECE0CB48EAE0AC
:10E950008148E8E08148E6E0AE48E4E0AF48E2E024
:10E96000C24902107E48DEE0CE48DCE0BB48DAE077
:10E97000A748D8E0B348D6E09748D4E0B448D2E0FE
:10E98000DA48D0E09C48CEE0DD48CCE07548CAE0EB
:10E990009648C8E0D348C6E07348C4E0C748C2E020
:10E9A0007248C0E0A648BEE0D648BCE0B248BAE033
:10E9B0009048B8E06E48B6E0B148B4E08F48B2E0A5
:10E9C000CE48B0E0C248AEE0F148ACE0A148AAE0D1
:10E9D000B248A8E0E748A6E0A348A4E09B48A2E02C
:10E9E0009948A0E0FC489EE0A2489CE0C2489AE01A
:10E9F000C74898E0E04896E0ED4894E0B14892E0DE
:10EA0000C54890E0AA488EE093488CE0C1488AE06F
:10EA1000C64888E0E54886E0914884E0AF4882E057
:10EA2000CA4880E0CA487EE0CE487CE0AC487AE044
:10EA3000E64878E08E4876E09E4874E0964872E0BA
:10EA4000D84870E090486EE0C4486CE0BE486AE088
:10EA5000954868E0C04866E0D04864E0C04862E09D
:10EA6000C94860E0C7485EE0CA485CE0D1485AE067
:10EA7000DB4858E0864856E0D84854E0CF4852E09A
:10EA8000CF4850E083484EE07E484CE084484AE05E
:10EA9000BA4848E0AA4846E0D44844E0A64842E0E4
:10EAA0008C4840E089483EE08B483CE096483AE09C
:10EAB000814838E0954836E09A4834E08A4832E0A8
:10EAC000974830E09A482EE09C482CE099482AE08C
:10EAD000C84828E0BF4826E0904824E09D4822E04E
:10EAE000AA4820E0B7481EE0A1481CE0B6481AE05A
:10EAF000BC4818E09D4816E0A94814E0BC4812E064
:10EB0000904810E0A4480EE09D480CE0AA480AE0B6
:10EB1000954808E0B44806E0AD4804E0724D0210A4
:10EB2000084E0210A0480088F9F71CF8D0BDFEDEA0
:10EB3000724A0210BA4A0210E24902105C4A0210FC
:10EB40006A49021094490210D2480210A64A0210E3
:10EB50008C4902100A490210304A0210F84802108B
:10EB6000CE4902102E4A02101A49021060490210C2
:10EB70000A4A021004490210E8480210C248021072
:10EB800028490210964D0210784C02106E4C02106B
:10EB90006C4C02104C4C0210424C0210404C0210C3
:10EBA000384C0210264C0210224C0210204C02104D
:10EBB000164C0210124C02100E4C02100C4C02109B
:10EBC0000A4C0210064C0210044C0210DC4B0210DE
:10EBD000CA4B0210C84B0210BC4B0210BA4B0210B9
:10EBE000B84B0210B04B0210A04B0210984B021011
:10EBF000904B02108E4B02108C4B02108A4B02106D
:10EC00007C4B0210784B0210704B0210684B0210C4
:10EC10005E4B02105C4B0210544B0210524B021020
:10EC20004E4B02104C4B0210484B0210464B021048
:10EC3000444B0210424B0210404B0210384B021062
:10EC4000344B02102A4B0210224B0210204B0210B0
:10EC50001E4B0210104B02100A4B0210004B021008
:10EC6000FC4A0210F84A0210F24A0210F04A02105E
:10EC7000EE4A0210EC4A0210EA4A0210E64A02107A
:10EC8000E44A0210CE4A0210CA4A02109C490210FD
:10EC9000424A0210F2490210944A0210524A0210EB
:10ECA000C0490210CA4802107E490210084A0210E8
:10ECB000E6490210B0490210EA480210124A021056
:10ECC000844A0210204902102A4A0210AC4902105C
:10ECD000AE4A02103E4A0210C6480210644A0210B0
:10ECE000B24A02101E490210204A0210E6480210E1
:10ECF000D44802107C490210924A021014490210B2
:10ED0000024902103E490210024A02101249021042
:10ED1000EC490210AA490210E2480210AC4A021063
:10ED20003C4A0210504A02103A4A0210784A021035
:10ED30005A490210744A0210FA490210C8490210D6
:10ED4000E8490210804A0210A44A0210A24A0210A6
:10ED5000FA4802100C4902104C490210A04A021055
:10ED6000D04802109E4A0210F84902104A49021087
:10ED700050490210DA490210F6480210C449021044
:10ED8000CE4802104649021044490210924902102E
:10ED9000D6490210184A0210844902109049021004
:10EDA0008E49021080490210BE480210B449021078
:10EDB0001C490210D249021032490210364A021090
:10EDC000F0480210B24902104E490210EE480210FB
:10EDD000584A02102E49021072490210A04902102E
:10EDE0009A4A0210544A0210CC48021008490210F4
:10EDF000D8480210F4490210D0B502AF04460348C7
:10EE0000F8F7B0FE204600F003F8D0BDC3000000C4
:10EE1000BCB504AF044600881C49884201D80420D0
:10EE200001E01949401880B27844007940008744D5
:10EE30000221181A0423002022E004252846F8F7AE
:10EE40009AFE204600F026F8201D00F023F8A46862
:10EE50000F48F8F787FE019401A82946F8F7C8FF84
:10EE6000BCBD022000E00320F8F785FEA01C00F0E6
:10EE700011F8BCBD012003E00520F8F77CFEA07866
:10EE8000F8F779FEBCBDC04691F7FFFF6E080000A1
:10EE9000C0000000D0B502AF04460348F8F762FE98
:10EEA000204600F003F8D0BDC2000000B0B502AFAC
:10EEB000044605886809422801D8042001E0234857
:10EEC000281880B278440079400087440723181F2F
:10EED0000D252C213816360B14270900002032E0AE
:10EEE0000E200DE00B202BE00420F8F744FE28460E
:10EEF000FDF794FC15E00C2022E0092020E0022020
:10EF0000F8F739FE6088FDF789FCB0BD032006E004
:10EF1000072015E0012016E0052011E00D20F8F78C
:10EF20002AFEA07806E00620F8F725FEA078F8F77C
:10EF300022FEE078FDF746FCB0BD0A2000E0082084
:10EF4000F8F719FEA078F8F716FEB0BDA0F7FFFF9E
:10EF5000F8B504AF0C46054601881E48814201D829
:10EF6000042101E01A4A89188AB221887A44127968
:10EF700052009744021D12140520C043401820E09F
:10EF8000401C0026814220D22846214600F024F869
:10EF900000281AD0281D211D06E0C01C00E0001D1D
:10EFA000814211D1A81CA11C00F016F806460CE005
:10EFB000081A801E05E0801D814205D1A078A9783D
:10EFC000081A4642464100E000263046F8BDC046D9
:10EFD00091F7FFFF6E080000F8B504AF00900B88B2
:10EFE0001D4D5C090420422C02D82A46044601E04B
:10EFF0002A465C19A6B2009C24886509422D00D9D6
:10F00000A01885B20020B54213D1AD1E0C2D21D819
:10F010007D442D796D00AF440D06110614060606D9
:10F02000060606060D00887800998978091A484274
:10F030004841F8BD488800994988F7E79C42F2D0DA
:10F04000F7E78B78009A94789C42F2D1C8780099BF
:10F05000C978EBE70120F8BDA0F7FFFF80B500AF4E
:10F0600081B280290AD3C02908D3FF22D2438A184B
:10F07000222A03D30A46CD3A1B2A00D280BD0A4673
:10F08000C03A032AFAD3464A8A183F2AF6D3912275
:10F0900052009142F2D0434A821892B2402AEDD3F4
:10F0A000414A8A18262AE9D3404A8A18112AE5D308
:10F0B0003F4A8A18092AE1D33E4A8A181A2ADDD320
:10F0C0003F4A8A18162A04D8012393403D4A134226
:10F0D000D4D1394A8A18152A04D801239340374AD3
:10F0E0001342CBD1384A8A18032AC7D3374A8A1821
:10F0F000152AC3D3364A8A18122A00D83BE0354A6B
:10F100008A180D2ABAD3344A8A18072AB6D3334A42
:10F110008A18052AB2D3324A8A184A2A00D92EE020
:10F120007A44127952009744252525252525252541
:10F130002F2F2F2F2F2F2F2F25252525252525252F
:10F1400025252525252F2F2F252525252525252551
:10F150002525252525252525252525252F2F2F2F37
:10F160002F2F2F2F2F2F2F2F2525252525252525FF
:10F170002525250082E70F2A00D07FE7BFE7194A3F
:10F1800089180C2900D279E71749401880B2532812
:10F1900003D840001549085A80BD002080BDC046F4
:10F1A00000FEFFFFC1FDFFFF00FCFFFF81FDFFFF31
:10F1B00000FDFFFFDAFBFFFFA0FBFFFF07FC3F00A6
:10F1C00004FBFFFFF1FF7F0010FBFFFFE0F9FFFFF3
:10F1D000F0F8FFFFEDFAFFFF00FAFFFF00F9FFFF75
:10F1E000D0F8FFFF00F8FFFFF4F7FFFF784F0210A1
:10F1F00080B500AF014682B200201B2A05D801234A
:10F200009340024A134200D0084680BDC400CC0C93
:10F2100080B500AFE03880B2072802D80249085C08
:10F2200080BD002080BDC046283A0210B0B502AFB4
:10F2300042181149114B90420DD0047861400824C6
:10F24000002C06D04D08C90700D05D402946641E39
:10F25000F6E7401CEFE7C84309D0C2B2521EFD2AB0
:10F2600004D90120C0434140084602D0B0BD01206E
:10F27000B0BD0348F8F7E4FAEEEEEEEE783BF68226
:10F28000244E0210D0B502AF0446904202D8084680
:10F290002146D0BD00202146F8F79CFA80B500AF8A
:10F2A000818942688A4201D3006880BD0020014BF9
:10F2B000F8F790FA444E0210F0B503AF0146012072
:10F2C000C043431C00220B480B4C022A0ED08D5C1D
:10F2D0006B400825002D07D01E04760CDB0700D0FC
:10F2E000664033466D1EF5E7521CEEE7190400D068
:10F2F000D843F0BDFEFF00002E1A0000D0B502AFCB
:10F300000C46994204D11146224600F01CFED0BDA5
:10F31000BA6820461946F8F7B9FB72B6704762B66C
:10F3200070474008401C0138FDD17047BFF34F8F34
:10F33000704700BF7047EFF31080704740BF7047C1
:10F3400000DEFEDE20BF7047F0B503AF042915D301
:10F35000D3B2244C5C430E1FF3431B079B0F13D007
:10F36000034610C33507AD0F35460FD044600C235C
:10F370003340042B05D10839083005E003460D461B
:10F380000EE084600C390C300D4603460C2E07D37A
:10F390001C605C609C60DC601033103D032DF7D86E
:10F3A0005819834218D203242C40691E002C0AD01D
:10F3B0001A70012C03D15B1C032906D20CE05A7091
:10F3C000022C0AD19B1C032906D3DA709A705A705A
:10F3D0001A701B1D8342F8D1F0BD9A70DB1C032903
:10F3E000F3D2F9E70101010180B500AF00F02AF97D
:10F3F00080BDF0B503AF8FB0102A15D30B924242F7
:10F40000032308931A4085180A90A8422AD2541E52
:10F41000002A0A9806460B4616D00B780370012A7C
:10F4200007D14B1C461C0FE003469C18A34241D356
:10F4300062E04B784370022A02D18B1C861C03E0E9
:10F440008B788370CB1CC61C032C0BD31C783470B8
:10F450005C7874709C78B470DC78F4701B1D361D79
:10F46000AE42F3D10B98801A0B90089CA0432B1846
:10F470008E1809962640079047D19D420B9A099E07
:10F4800011D23146086801C59D420CD2486801C5B9
:10F490009D4208D2886801C59D4204D2C86801C552
:10F4A00010319D42EED32240079831180A989C18DB
:10F4B000A34221D203251540521E002D0ED00E78F6
:10F4C0001E70012D04D1491C5B1C032A08D213E0D5
:10F4D0004E785E70022D11D1891C9B1C032A0BD320
:10F4E0000A781A704A785A708A789A70CA78DA70EC
:10F4F000091D1B1DA342F3D10FB0F0BD8D789D7087
:10F50000C91CDB1C032AEBD2F6E7002406940E94F8
:10F510000EACA41905940424A41B0494E4070096DB
:10F5200006D0099C2478059E3470009E0124069420
:10F53000049CA40708D5099C0492069AA45A059E27
:10F54000069AB452049A009EF40003940E9C06940A
:10F550002C1D9C4236D2744209190591039D6942C3
:10F5600018240C4002940A9904912946069CCC4028
:10F57000069405998918019149680C46029DAC4092
:10F58000069D2C43049DAC50AD182C4608349C427B
:10F590001CD2039CE140019CA46806940195029D45
:10F5A000AC400C4301994C600499083104918D18CA
:10F5B000291D059C0834059499420399D6D30598D2
:10F5C000801801E00998801B059004E00198001D57
:10F5D00005902D1D06910DA80021049001700CA826
:10F5E0000170012E0E460C4602910B9A09D0059C23
:10F5F000607926790DAC26700402022002900CA8D6
:10F6000004900998C0070AD00598001D0299405C33
:10F61000049908700DA806780CA8007801040596D6
:10F620000398404204901826049806400C4305991C
:10F630000C43B44006990398C14021432960089CBB
:10F64000099E30E7F0B503AF95B00346401A9042EB
:10F650000C9300D396E08D189C18102A77D30B9248
:10F660000320224602400D925242099222460A90FD
:10F6700082430E94A2422FD20D9E701E0890002E3F
:10F680000E9B1C46284611D05C1E681E0378237012
:10F690000E9B012E0AD09C1EA81E037823700E9B81
:10F6A000022E03D0DC1EE81E037823700346089860
:10F6B000032811D31B1FD8781646621E1070A01E97
:10F6C0009A780270E01E5A7802703246241F187829
:10F6D00020701B1FA642EED30B980D9BC31A0793F5
:10F6E0000A988343D41A5B420693099EAB19089388
:10F6F00003400D9400D0DCE0944222D2311F6A58BE
:10F700000E984250421894421BD2101F6B181C1FB7
:10F71000246804600D9C844213D2104608381C46AD
:10F72000083C246804600D9C84420AD20C3A0C3BCD
:10F73000186810600E9810380E908019103D8442A1
:10F74000DDD30A98079A0240069808990D18A11A65
:10F75000A14200D3AAE003261640501E0E90002EB0
:10F7600028D0601E6B1E1A780270012E24D0A01EB5
:10F77000AB1E1A780270022E1ED0E01EEB1E1A7805
:10F78000027019E0102A69D30B92584203220E929C
:10F7900010401D18AB423DD2421E00280C9E34463C
:10F7A0000B4629D00D920A783270012818D14B1CD3
:10F7B000741C20E02B4620460E9A032A76D31A1F8B
:10F7C000D378441E2370831E94781C70C31E547813
:10F7D0001C70001F13780370121F8142F0D365E084
:10F7E0004A787270022802D18B1CB41C03E08A781C
:10F7F000B270CB1CF41C0D9A032A0BD31A7822701A
:10F800005A7862709A78A270DA78E2701B1D241D13
:10F81000AC42F3D10B9A121A13460E9EB3430A93CD
:10F82000EB180C180D94344061D19D420A9E0D9C3A
:10F8300011D22046016802C59D420CD2416802C522
:10F840009D4208D2816802C59D4204D2C16802C5AA
:10F8500010309D42EED30E980240A11998188342B1
:10F8600024D203241440521E002C11D00D781D7098
:10F87000012C02D1491C5B1C0AE04D785D70022C02
:10F8800002D1891C9B1C03E08C789C70C91CDB1C7A
:10F89000032A0BD30A781A704A785A708A789A70B9
:10F8A000CA78DA70091D1B1D8342F3D10C9815B07C
:10F8B000F0BD049213AD1E4600232B7012AA1370E4
:10F8C0000898801B0096012E059300D1A5E00578CD
:10F8D00013AA2B4615700646407805900898C20773
:10F8E00012AD002A00D096E000221D469DE00B924A
:10F8F00000221646119211AA121909920422121B13
:10F900000892D20704D00D9A1278099E327001260F
:10F91000089A9207049404D50D9A925B099CA2530D
:10F92000049CE2000892119A06922A1D9A422FD254
:10F9300062428A180899494218250D4007950C998A
:10F940000991069E0899CE400592141861680A46EE
:10F95000079DAA403243099D2A502A180692083270
:10F960009A421AD2089AD140A6683246079DAA4008
:10F970000A4306994A600999083109910D18291D11
:10F98000059A08329942DDD306961018099009E0CD
:10F990000D98001B09900A9E06E0201D099006980C
:10F9A000051D06910A9E049C10A90020079108706D
:10F9B0000FA90870012C04460146059009D0099A48
:10F9C0005179147910AA14700902022205920FAA23
:10F9D00007920A940D9AD2070BD00998001D059A38
:10F9E000805C079A107010A800780A900FA8007821
:10F9F0000004089A524209921824099A14400143BB
:10FA00000A980143A1400698089AD040084328600C
:10FA10000B9A0D9C1FE7022330460646C25C2A70F3
:10FA200013AA157812AA127812040098C000039045
:10FA30000598030213432B43221D0498059282422A
:10FA400054D20B98009A821A8A18039841421820BF
:10FA500008400B900998001F01900E9E05980B9985
:10FA60008B400E93019D54592146039BD9400E9B18
:10FA70001943715111460E9672199042039837D26C
:10FA80000B9B9C4002914D19291F09680B46C340EE
:10FA90002343141F2360059BA34231D20B9B994043
:10FAA0002B46083B1C682346C3400B4311460839CC
:10FAB0000B60059B8B420E9E2BD20B998C400C3D0C
:10FAC0002B681946C14021430C3A1160103E099938
:10FAD0007118029A103A04981038049005988842D8
:10FAE000BDD30998161804910E931AE00E9319E0ED
:10FAF0000E940498001F0490099841180E1F10E0FE
:10FB00000498083804900298099A1618083E0E9135
:10FB100007E00E9404980C380490029809990E1886
:10FB20000C3E0D9C00980022149214A90918331859
:10FB30001B1F04252D1AEE0702D01A780A70012225
:10FB4000AD0703980E9D01D59B5A8B521499C14065
:10FB50004242182313409D400D430498011F0D603D
:10FB6000EFE5B0B502AF042913D30C1FE24312072F
:10FB7000920F14D00025024620C223079B0F234674
:10FB80000FD045600C222240042A05D108390830E4
:10FB900005E002460B460FE085600C390C300B4641
:10FBA00002460C2C08D30020106050609060D0609A
:10FBB0001032103B032BF7D8D01882421AD20324FC
:10FBC0001C40591E002C0BD000231370012C03D1B4
:10FBD000521C032906D20DE05370022C0BD1921C4B
:10FBE000032907D30021D170917051701170121D3B
:10FBF0008242F8D1B0BD9370D21C0329F2D2F9E74A
:10FC000080B500AFFFF71EFD80BD80B500AF1022AC
:10FC10002021030C002B00D0184600D011460A46C4
:10FC2000083A030A002B10D111D10A1F0309002B37
:10FC300012D113D18B1E8208002A14D115D10228AB
:10FC400016D30120C043401880BD1846EDD01146A0
:10FC50000A1F0309002BECD01846EBD011468B1E6F
:10FC60008208002AEAD01946E9D010460228E8D2D4
:10FC70004042401880BDF0B503AF84B003931446F2
:10FC800002910190050C92B200922946514382B232
:10FC9000230C16465E430020711840410E0C0004F0
:10FCA000861908045D4300994A4310187541029A69
:10FCB00062430399019B59438918691804B0F0BD48
:10FCC000F0B503AF81B0042A28D3131FDC43240707
:10FCD000A40F14D014460D4604C9064604C01A07E2
:10FCE000920F1A460BD029466A68304672600C2281
:10FCF0001A40042A16D12246083A083108300C2B43
:10FD00000CD30B6803604B6843608B688360CB68DF
:10FD1000C36010311030103A032AF2D8FFF769FBA4
:10FD200001B0F0BD8A68826022460C3A0C310C307A
:10FD30000C2BE6D2F2E7D4D4F0B503AF102932D3BE
:10FD4000454203231D404419A04216D26E1E002DC9
:10FD50000AD00270012D03D1401C032E06D20CE004
:10FD60004270022D41D1801C032E06D3C2708270D6
:10FD700042700270001DA042F8D1491B084698430A
:10FD8000201884420ED2D6B21A4D754320C4844244
:10FD900008D220C4844205D220C4844202D220C4A6
:10FDA0008442F3D319404318984218D203240C40DC
:10FDB000491E002C0AD00270012C03D1401C0329DB
:10FDC00006D20CE04270022C0AD1801C032906D313
:10FDD000C270827042700270001D9842F8D1F0BD6E
:10FDE0008270C01C0329F3D2F9E78270C01C032E75
:10FDF000BCD2C2E701010101B0B502AF042913D39F
:10FE00000C1FE2431207920F14D00025024620C2B5
:10FE100023079B0F23460FD045600C222240042A63
:10FE200005D10839083005E002460B460FE0856031
:10FE30000C390C300B4602460C2C08D30020106005
:10FE400050609060D0601032103B032BF7D8D01870
:10FE500082421AD203241C40591E002C0BD00023CE
:10FE60001370012C03D1521C032906D20DE05370EC
:10FE7000022C0BD1921C032907D30021D170917061
:10FE800051701170121D8242F8D1B0BD9370D21C16
:10FE90000329F2D2F9E7F0B503AF81B0042A28D3E1
:10FEA000131FDC432407A40F14D014460D4604C9C5
:10FEB000064604C01A07920F1A460BD029466A68F4
:10FEC000304672600C221A40042A16D12246083AA3
:10FED000083108300C2B0CD30B6803604B6843606F
:10FEE0008B688360CB68C36010311030103A032AEE
:10FEF000F2D8FFF77EFA01B0F0BD8A688260224630
:10FF00000C3A0C310C300C2BE6D2F2E7B0B502AF54
:10FF100093060CD4002A09D01F2354421A400546E8
:10FF2000D5401C400846A0402843D140B0BD1F200A
:10FF30000240D140002208461146B0BD80B500AF56
:10FF4000FFF780FB80BD80B500AFFFF752FA80BDA0
:10FF5000F0B503AF102932D34442032214400319F1
:10FF6000984218D2651E002C0BD000260670012C7A
:10FF700003D1401C032D06D20DE04670022C42D165
:10FF8000801C032D07D30025C57085704570057052
:10FF9000001D9842F8D1091B084690431818834267
:10FFA0000CD2002410C3834208D210C3834205D26E
:10FFB00010C3834202D210C38342F3D311404218CC
:10FFC00090421AD203230B40491E002B0BD0002471
:10FFD0000470012B03D1401C032906D20DE04470AC
:10FFE000022B0BD1801C032907D30021C170817023
:10FFF00041700170001D9042F8D1F0BD8470C01CAA
:020000041002E8
:100000000329F2D2F9E78670C01C032DBBD2C2E7E8
:1000100080B500AF00F001F880BDF0B503AF83B04C
:100020000246884203D20020114603B0F0BD100CF6
:10003000002610238142344630D90294144631D927
:10004000230A0820994232D9334600D80346019347
:100050002309042099422ED933462FD9A00802251E
:10006000814230D9304600D82846009364080125E3
:10007000A1422C4600D93446029E019B9E19009B4A
:10008000F318181803199D400C469C40161B8E420D
:100090001DD232462846114603B0F0BD1C460294DC
:1000A0001446CDD80446230A08209942CCD81C46D1
:1000B0003346CBD9CBE71C463346CFD80346A008FE
:1000C00002258142CED804463046CDD9CDE7002C5A
:1000D00003D429462846324614E05B1E1F220093B3
:1000E0001A40012090406408321BD31701930290FC
:1000F000019B9843002A00DA324628438A4202993B
:10010000009B91D3491E002B0BD003261E400AD022
:1001100055002A1B521C00D41546012E06D15A1E2A
:1001200013E0154613E015461A460EE06D002A1B33
:10013000521C00D41546022E01D19A1E05E06D0016
:100140002A1B521C00D41546DA1E042B0AD21F2289
:1001500013402A46DA4029400843114603B0F0BD57
:10016000121FF4D06D002E1B761C0CD56D002E1BBB
:10017000761C0DD56D002E1B761C0ED56D002E1B2A
:10018000761CEDD40EE035466D002E1B761CF1D4A6
:1001900035466D002E1B761CF0D435466D002E1BA7
:1001A000761CDDD43546DBE7F0B503AF89B00893A4
:1001B00002920646FC680494BD68002D75D0002CA0
:1001C00073D1089A002A00D1FDE0AA4200D305E1CC
:1001D00013462A0C002010219342069000D80846AE
:1001E000294600D811460A0A0823089C944200D8E0
:1001F0001146069A00D81A4605950B090424089D55
:100200009D4200D819460196069B00D823468C08CB
:100210000225089EA64200D82146069C00D82C46FE
:1002200049080126089D8D420396314600D906995A
:100230001018C01800191F244018254601D020218D
:100240000D1A059804992A4600F072F92C40039D76
:10025000A540029A06E00896079D80088B07C01803
:10026000AD088908141A089E33468B41079508D4B7
:10027000069A2A430692039A934200D2BBE0224692
:100280001E464308CC071B194D08D41A3346AB4110
:10029000E1D4079A5508069A2A430692039A934294
:1002A00000D2A8E022460893D6E70021089A002A47
:1002B00000D182E00298401B1046049B98417CD3F9
:1002C000120C0021102094420B4600D8A4E00391A8
:1002D000089900D8A5E0080A0822844200D8A6E0C0
:1002E0000196184600D810460246080904268442A2
:1002F00000D80146184600D8304600908E080220EB
:10030000B44200D831461E4600D8064648080121AE
:10031000844207910846069300D90698039952181B
:10032000009952189219101884401F2242406B08FD
:10033000D340234329468140079A82400792029C7A
:10034000069E05950BE026460890059D0C460698EE
:1003500080089A0781180798800807909B080691E3
:10036000611A089A1046984109D4079A16433446F0
:100370004E1B0646049A9641224603D21BE02146B4
:10038000104632461446069A5608DD0775195E086F
:100390004A1B0546B541D6D407984608264305981A
:1003A000101A284604998841114608951446324689
:1003B0002846059DCBD2002328E00C460B46029927
:1003C0001046224623E0029C20462946FFF720FEE5
:1003D00002464543611B0023184618E02DD1029CBC
:1003E000204611461546FFF713FE02464543611BA2
:1003F000002001230BE0059D20462946FFF708FE5B
:10040000069A02434543611B00231846019E0CC611
:100410003160706009B0F0BD01460391089900D9C0
:1004200059E71146080A0822844200D958E70146D4
:100430000196184600D856E756E701961046294619
:100440002E461546FFF7E4FD024630465043281A73
:100450003546310C03921DD1029E310C08910004E7
:1004600040182946FFF7D4FD044628466043089902
:10047000081A0004B1B2461830462946FFF7C8FDF5
:10048000220402434543711B019E200C039B03433E
:100490000020BCE7029A511B0146049B994105D2FA
:1004A000034600201146024618463EE00126690830
:1004B000E2075218EB070696F1070891002605950A
:1004C00009E00294059D0799890894070B1908997A
:1004D000890808919208029C0793E31A014691410A
:1004E00006D4089806430698814214D31C46084651
:1004F00007994908D50749195508631A0146A941C2
:10050000DFD408984008064306988142059D02D32F
:1005100002930846D7E71C4618462946FFF778FDA0
:10052000324602434543611B0020019E039B6EE758
:10053000B0B502AF93060CD4002A09D01F23544251
:100540001A400D4695401C400146E1402943904029
:10055000B0BD1F210A40014691400020B0BDD4D457
:1005600010B584B002AC009400F004F8029A039B2A
:1005700004B010BDD0B502AF86B00446009201931E
:1005800002A822460B46FFF70FFE03990298BA68AD
:10059000002A03D0059B049C1460536006B0D0BDB4
:1005A00000B581B06A4600F003F8009901B000BDC3
:1005B000D0B502AF1446FFF730FD002C00D021600B
:1005C000D0BDD4D403B40148019001BD7D0000200A
:0805D00080B500AFFEE7D4D4B2
:1005D800C0023A20C0002F55736572732F6A656197
:1005E8006E2F2E636172676F2F72656769737472FD
:1005F800792F7372632F696E6465782E63726174E4
:1006080065732E696F2D3139343963663863366204
:100618003562353537662F61727261797665632D7B
:10062800302E372E362F7372632F6172726179768E
:1006380065632E7273002F55736572732F6A656137
:100648006E2F2E636172676F2F726567697374729C
:10065800792F7372632F696E6465782E6372617483
:1006680065732E696F2D31393439636638633662A4
:100678003562353537662F726D6B2D302E382E3238
:100688002F7372632F6B6579626F6172642F6D6F60
:100698007273652E7273002F55736572732F6A65B6
:1006A800616E2F2E636172676F2F7265676973744D
:1006B80072792F7372632F696E6465782E63726125
:1006C8007465732E696F2D31393439636638633632
:1006D800623562353537662F726D6B2D302E382EA8
:1006E800322F7372632F6469726563745F70696E09
:1006F8002E72730010617373657274696F6E206077
:100708006C65667420C0172072696768746020661B
:1007180061696C65640A20206C6566743A20C009BA
:100728000A2072696768743A20C0002F5573657291
:10073800732F6A65616E2F2E636172676F2F726502
:100748006769737472792F7372632F696E64657841
:100758002E6372617465732E696F2D313934396374
:1007680066386336623562353537662F6465666D7F
:10077800742D7274742D312E322E302F7372632FB4
:100788006C69622E7273002F55736572732F6A65D8
:10079800616E2F2E636172676F2F7265676973745C
:1007A80072792F7372632F696E6465782E63726134
:1007B8007465732E696F2D31393439636638633641
:1007C800623562353537662F656D62617373792DD1
:1007D8007573622D302E352E312F7372632F646539
:1007E8007363726970746F722E7273002F5573651C
:1007F80072732F6A65616E2F2E636172676F2F7235
:10080800656769737472792F7372632F696E646593
:10081800782E6372617465732E696F2D313934399E
:100828006366386336623562353537662F656D62C3
:10083800617373792D7573622D302E352E312F73B8
:1008480072632F64657363726970746F725F726527
:10085800616465722E7273002F55736572732F6A07
:1008680065616E2F2E636172676F2F72656769739A
:100878007472792F7372632F696E6465782E637250
:10088800617465732E696F2D313934396366386345
:1008980036623562353537662F726D6B2D302E38DE
:1008A8002E322F7372632F6C696768742E7273000F
:1008B8002F55736572732F6A65616E2F2E6361728F
:1008C800676F2F72656769737472792F7372632FFC
:1008D800696E6465782E6372617465732E696F2D15
:1008E800313934396366386336623562353537668F
:1008F8002F656D62617373792D72702D302E382ECD
:10090800302F7372632F74696D655F6472697665E1
:10091800722E7273002F55736572732F6A65616E3C
:100928002F2E636172676F2F7265676973747279AE
:100938002F7372632F696E6465782E6372617465B4
:10094800732E696F2D3139343963663863366235F1
:1009580062353537662F726D6B2D302E382E322F5B
:100968007372632F686F73742F73746F7261676526
:100978002E7273002F55736572732F6A65616E2F1F
:100988002E636172676F2F72656769737472792F4E
:100998007372632F696E6465782E63726174657310
:1009A8002E696F2D313934396366386336623562A2
:1009B800353537662F726D6B2D302E382E322F73EA
:1009C80072632F73706C69742F73657269616C2F11
:1009D8006D6F642E7273002F55736572732F6A657D
:1009E800616E2F2E636172676F2F7265676973740A
:1009F80072792F7372632F696E6465782E637261E2
:100A08007465732E696F2D313934396366386336EE
:100A1800623562353537662F6465666D742D312E03
:100A2800312E302F7372632F6C69622E7273002F10
:100A380055736572732F6A65616E2F2E63617267D5
:100A48006F2F72656769737472792F7372632F6978
:100A58006E6465782E6372617465732E696F2D31CB
:100A68003934396366386336623562353537662F0F
:100A780072702D7061632D372E302E302F73726394
:100A88002F2E2F7270323034302F696F2E72730010
:100A98002F55736572732F6A65616E2F2E636172AD
:100AA800676F2F72656769737472792F7372632F1A
:100AB800696E6465782E6372617465732E696F2D33
:100AC80031393439636638633662356235353766AD
:100AD8002F656D62617373792D74696D652D302E84
:100AE800352E312F7372632F696E7374616E742E95
:100AF8007273002F55736572732F6A65616E2F2E9E
:100B0800636172676F2F72656769737472792F7387
:100B180072632F696E6465782E6372617465732ED3
:100B2800696F2D3139343963663863366235623519
:100B38003537662F656D62617373792D7573622D14
:100B4800302E352E312F7372632F6D736F732E72A3
:100B580073002F55736572732F6A65616E2F2E634C
:100B68006172676F2F72656769737472792F737218
:100B7800632F696E6465782E6372617465732E697C
:100B88006F2D3139343963663863366235623535ED
:100B980037662F656D62617373792D7573622D30B9
:100BA8002E352E312F7372632F636C6173732F6828
:100BB80069642E7273002F55736572732F6A6561AD
:100BC8006E2F2E636172676F2F7265676973747217
:100BD800792F7372632F696E6465782E63726174FE
:100BE80065732E696F2D313934396366386336621F
:100BF8003562353537662F70696F2D636F72652DD5
:100C0800302E332E302F7372632F6C69622E7273FD
:100C1800002F55736572732F6A65616E2F2E63619D
:100C280072676F2F72656769737472792F73726355
:100C38002F696E6465782E6372617465732E696FAF
:100C48002D31393439636638633662356235353764
:100C5800662F686561706C6573732D302E392E337D
:100C68002F7372632F7665632F6D6F642E72730016
:100C78002F55736572732F6A65616E2F2E727573A7
:100C88007475702F746F6F6C636861696E732F73FE
:100C98007461626C652D616172636836342D6170B0
:100CA800706C652D64617277696E2F6C69622F7242
:100CB8007573746C69622F7372632F727573742FF6
:100CC8006C6962726172792F636F72652F737263D8
:100CD8002F736C6963652F696E6465782E72730073
:100CE800002F55736572732F6A65616E2F2E6361CD
:100CF80072676F2F72656769737472792F73726385
:100D08002F696E6465782E6372617465732E696FDE
:100D18002D31393439636638633662356235353793
:100D2800662F656D62617373792D7573622D302E30
:100D3800352E312F7372632F6C69622E7273002FF8
:100D480055736572732F6A65616E2F2E63617267C2
:100D58006F2F72656769737472792F7372632F6965
:100D68006E6465782E6372617465732E696F2D31B8
:100D78003934396366386336623562353537662FFC
:100D8800726D6B2D302E382E322F7372632F757360
:100D9800622F6D6F642E7273002F55736572732FF7
:100DA8006A65616E2F2E636172676F2F726567695E
:100DB800737472792F7372632F696E6465782E630A
:100DC80072617465732E696F2D31393439636638F1
:100DD8006336623562353537662F726D6B2D302E6E
:100DE800382E322F7372632F636F6E74726F6C6C50
:100DF80065722F77706D2E72730026636F70795F3E
:100E080066726F6D5F736C6963653A20736F757294
:100E1800636520736C696365206C656E6774682010
:100E280028C02B2920646F6573206E6F74206D6154
:100E38007463682064657374696E6174696F6E2089
:100E4800736C696365206C656E6774682028C001DF
:100E580029002F55736572732F6A65616E2F2E6393
:100E68006172676F2F72656769737472792F737215
:100E7800632F696E6465782E6372617465732E6979
:100E88006F2D3139343963663863366235623535EA
:100E980037662F72702D7061632D372E302E302FEC
:100EA8007372632F2E2F7270323034302F646D615D
:100EB8002E7273002F55736572732F6A65616E2FDA
:100EC8002E636172676F2F72656769737472792F09
:100ED8007372632F696E6465782E637261746573CB
:100EE8002E696F2D3139343963663863366235625D
:100EF800353537662F706F7374636172642D312EC8
:100F0800312E332F7372632F7365722F666C61767F
:100F18006F72732E7273001272656D6F76616C203A
:100F2800696E6465782028697320C0162920736863
:100F38006F756C64206265203C206C656E202869A2
:100F48007320C00129002F55736572732F6A65617C
:100F58006E2F2E636172676F2F7265676973747283
:100F6800792F7372632F696E6465782E637261746A
:100F780065732E696F2D313934396366386336628B
:100F88003562353537662F656D62617373792D75F6
:100F980073622D302E352E312F7372632F6275696F
:100FA8006C6465722E7273002F55736572732F6AA5
:100FB80065616E2F2E636172676F2F726567697343
:100FC8007472792F7372632F696E6465782E6372F9
:100FD800617465732E696F2D3139343963663863EE
:100FE80036623562353537662F7374617469635FAD
:100FF80063656C6C2D322E312E312F7372632F6C1A
:1010080069622E7273002F55736572732F6A65615A
:101018006E2F2E636172676F2F72656769737472C2
:10102800792F7372632F696E6465782E63726174A9
:1010380065732E696F2D31393439636638633662CA
:101048003562353537662F726D6B2D302E382E325E
:101058002F7372632F686F73742F7669612F7669A7
:10106800616C5F6C6F636B2E7273002F55736572C2
:10107800732F6A65616E2F2E636172676F2F7265B9
:101088006769737472792F7372632F696E646578F8
:101098002E6372617465732E696F2D31393439632B
:1010A80066386336623562353537662F636F62732B
:1010B8002D302E332E302F7372632F6465632E729A
:1010C80073002F55736572732F6A65616E2F2E63D7
:1010D8006172676F2F72656769737472792F7372A3
:1010E800632F696E6465782E6372617465732E6907
:1010F8006F2D313934396366386336623562353578
:1011080037662F726D6B2D302E382E322F73726327
:101118002F6B6579626F6172642E7273002F55733D
:101128006572732F6A65616E2F2E72757374757090
:101138002F746F6F6C636861696E732F737461626B
:101148006C652D616172636836342D6170706C65F1
:101158002D64617277696E2F6C69622F7275737472
:101168006C69622F7372632F727573742F6C696266
:10117800726172792F636F72652F7372632F736C4C
:101188006963652F697465722E7273002F557365D4
:1011980072732F6A65616E2F2E636172676F2F728B
:1011A800656769737472792F7372632F696E6465EA
:1011B800782E6372617465732E696F2D31393439F5
:1011C8006366386336623562353537662F656D621A
:1011D800617373792D72702D302E382E302F737203
:1011E800632F646D612E72730016736C69636520DA
:1011F800696E6465782073746172747320617420F9
:10120800C00D2062757420656E647320617420C0FF
:10121800002F55736572732F6A65616E2F2E636197
:1012280072676F2F72656769737472792F7372634F
:101238002F696E6465782E6372617465732E696FA9
:101248002D3139343963663863366235623535375E
:10125800662F73657175656E7469616C2D73746F33
:10126800726167652D362E302E312F7372632F69A8
:1012780074656D2E7273007372632F63656E74727A
:10128800616C2E7273002F72757374632F35393841
:10129800303736313665316661323534303732347D
:1012A800626662616331346437393736643765346E
:1012B80061333836302F6C6962726172792F636FCF
:1012C80072652F7372632F736C6963652F736F7206
:1012D800742F7368617265642F736D616C6C736FC2
:1012E80072742E72730020696E646578206F75744D
:1012F800206F6620626F756E64733A20746865208B
:101308006C656E20697320C0122062757420746841
:101318006520696E64657820697320C0002F557355
:101328006572732F6A65616E2F2E636172676F2F06
:1013380072656769737472792F7372632F696E644B
:1013480065782E6372617465732E696F2D31393437
:10135800396366386336623562353537662F656DB1
:1013680062617373792D72702D302E382E302F7381
:1013780072632F7573622E7273002F5573657273C3
:101388002F6A65616E2F2E636172676F2F726567B2
:1013980069737472792F7372632F696E6465782E1E
:1013A8006372617465732E696F2D313934396366E0
:1013B800386336623562353537662F706F737463FC
:1013C8006172642D312E312E332F7372632F766143
:1013D80072696E742E7273002F55736572732F6A5B
:1013E80065616E2F2E636172676F2F72656769730F
:1013F8007472792F7372632F696E6465782E6372C5
:10140800617465732E696F2D3139343963663863B9
:1014180036623562353537662F656D62617373796B
:101428002D73796E632D302E372E322F7372632F02
:101438007075627375622F73756273637269626522
:10144800722E7273002F55736572732F6A65616E01
:101458002F2E636172676F2F726567697374727973
:101468002F7372632F696E6465782E637261746579
:10147800732E696F2D3139343963663863366235B6
:1014880062353537662F726D6B2D302E382E322F20
:101498007372632F6C69622E7273002F55736572B5
:1014A800732F6A65616E2F2E636172676F2F726585
:1014B8006769737472792F7372632F696E646578C4
:1014C8002E6372617465732E696F2D3139343963F7
:1014D80066386336623562353537662F726D6B2D27
:1014E800302E382E322F7372632F686F73742F6DFE
:1014F8006F642E7273002F55736572732F6A65615E
:101508006E2F2E636172676F2F72656769737472CD
:10151800792F7372632F696E6465782E63726174B4
:1015280065732E696F2D31393439636638633662D5
:101538003562353537662F656D62617373792D7342
:10154800796E632D302E372E322F7372632F70759C
:10155800627375622F6D6F642E7273002F557365F9
:1015680072732F6A65616E2F2E636172676F2F72B7
:10157800656769737472792F7372632F696E646516
:10158800782E6372617465732E696F2D3139343921
:101598006366386336623562353537662F73657131
:1015A80075656E7469616C2D73746F726167652DF2
:1015B800362E302E312F7372632F6D61702E727339
:1015C800002F55736572732F6A65616E2F2E6361E4
:1015D80072676F2F72656769737472792F7372639C
:1015E8002F696E6465782E6372617465732E696FF6
:1015F8002D313934396366386336623562353537AB
:10160800662F726D6B2D302E382E322F7372632F2A
:10161800686F73742F7669612F7669616C2E7273A7
:10162800002F55736572732F6A65616E2F2E636183
:1016380072676F2F72656769737472792F7372633B
:101648002F696E6465782E6372617465732E696F95
:101658002D3139343963663863366235623535374A
:10166800662F726D6B2D302E382E322F7372632FCA
:101678006B65796D61702E7273002F557365727387
:101688002F6A65616E2F2E636172676F2F726567AF
:1016980069737472792F7372632F696E6465782E1B
:1016A8006372617465732E696F2D313934396366DD
:1016B800386336623562353537662F627974656FFF
:1016C800726465722D312E352E302F7372632F6C34
:1016D80069622E7273002F55736572732F6A656184
:1016E8006E2F2E636172676F2F72656769737472EC
:1016F800792F7372632F696E6465782E63726174D3
:1017080065732E696F2D31393439636638633662F3
:101718003562353537662F706F7374636172642D67
:10172800312E312E332F7372632F64652F6D6F64E2
:101738002E7273001072616E676520656E64206991
:101748006E64657820C022206F7574206F662072E1
:10175800616E676520666F7220736C696365206FC0
:1017680066206C656E67746820C0002F55736572BB
:10177800732F6A65616E2F2E636172676F2F7265B2
:101788006769737472792F7372632F696E646578F1
:101798002E6372617465732E696F2D313934396324
:1017A80066386336623562353537662F726D6B2D54
:1017B800302E382E322F7372632F73706C69742F2A
:1017C80063656E7472616C2E7273002F5573657247
:1017D800732F6A65616E2F2E636172676F2F726552
:1017E8006769737472792F7372632F696E64657891
:1017F8002E6372617465732E696F2D3139343963C4
:1018080066386336623562353537662F726D6B2DF3
:10181800302E382E322F7372632F6D61747269788F
:101828002E7273002F55736572732F6A65616E2F60
:101838002E636172676F2F72656769737472792F8F
:101848007372632F696E6465782E63726174657351
:101858002E696F2D313934396366386336623562E3
:10186800353537662F726D6B2D302E382E322F732B
:1018780072632F73706C69742F6472697665722E47
:101888007273001272616E676520737461727420DE
:10189800696E64657820C022206F7574206F662099
:1018A80072616E676520666F7220736C696365206C
:1018B8006F66206C656E67746820C0002F5573656D
:1018C80072732F6A65616E2F2E636172676F2F7254
:1018D800656769737472792F7372632F696E6465B3
:1018E800782E6372617465732E696F2D31393439BE
:1018F8006366386336623562353537662F72702D08
:101908007061632D372E302E302F7372632F2E2F78
:101918007270323034302F7573625F647072616D2B
:101928002E7273002F55736572732F6A65616E2F5F
:101938002E636172676F2F72656769737472792F8E
:101948007372632F696E6465782E63726174657350
:101958002E696F2D313934396366386336623562E2
:10196800353537662F6465666D742D7274742D3144
:101978002E322E302F7372632F6368616E6E656C22
:101988002E7273002F55736572732F6A65616E2FFF
:101998002E7275737475702F746F6F6C63686169DC
:1019A8006E732F737461626C652D61617263683642
:1019B800342D6170706C652D64617277696E2F6C5F
:1019C80069622F727573746C69622F7372632F72F8
:1019D8007573742F6C6962726172792F636F7265A7
:1019E8002F7372632F736C6963652F736F72742F13
:1019F800756E737461626C652F717569636B736F53
:101A080072742E7273002F55736572732F6A656135
:101A18006E2F2E636172676F2F72656769737472B8
:101A2800792F7372632F696E6465782E637261749F
:101A380065732E696F2D31393439636638633662C0
:101A48003562353537662F73657175656E746961F2
:101A58006C2D73746F726167652D362E302E312FA1
:101A68007372632F6C69622E7273002F55736572DF
:101A7800732F6A65616E2F2E636172676F2F7265AF
:101A88006769737472792F7372632F696E646578EE
:101A98002E6372617465732E696F2D313934396321
:101AA80066386336623562353537662F72702D7049
:101AB80061632D372E302E302F7372632F2E2F72C5
:101AC80070323034302F706164732E7273002F556A
:101AD800736572732F6A65616E2F2E636172676F0B
:101AE8002F72656769737472792F7372632F696EC9
:101AF8006465782E6372617465732E696F2D313950
:101B080034396366386336623562353537662F7225
:101B18006D6B2D302E382E322F7372632F73746FC6
:101B2800726167652F6D6F642E7273002F55736530
:101B380072732F6A65616E2F2E636172676F2F72E1
:101B4800656769737472792F7372632F696E646540
:101B5800782E6372617465732E696F2D313934394B
:101B68006366386336623562353537662F656D6270
:101B7800617373792D72702D302E382E302F737259
:101B8800632F666C6173682E727300C0013AC001DE
:101B98003AC0002F55736572732F6A65616E2F2ED8
:101BA8007275737475702F746F6F6C636861696E8A
:101BB800732F737461626C652D616172636836346A
:101BC8002D6170706C652D64617277696E2F6C6918
:101BD800622F727573746C69622F7372632F7275DA
:101BE80073742F6C6962726172792F636F72652FDB
:101BF8007372632F736C6963652F6D6F642E7273D4
:101C0800002F55736572732F6A65616E2F2E63619D
:101C180072676F2F72656769737472792F73726355
:101C28002F696E6465782E6372617465732E696FAF
:101C38002D31393439636638633662356235353764
:101C4800662F726D6B2D302E382E322F7372632FE4
:101C580073706C69742F72702F756172742E727341
:101C6800002F55736572732F6A65616E2F2E63613D
:101C780072676F2F72656769737472792F737263F5
:101C88002F696E6465782E6372617465732E696F4F
:101C98002D31393439636638633662356235353704
:101CA800662F726D6B2D302E382E322F7372632F84
:101CB800686F73742F7669612F6D6F642E7273006D
:101CC800780C02106F000000FC03000033000000D5
:101CD800780C02106F0000000704000037000000B5
:101CE80054727946726F6D496E744572726F7200E4
:101CF800251302105C0000006D020000480000007F
:101D0800251302105C000000760200000D000000A0
:101D1800D317021058000000E30100002D00000056
:101D2800251302105C000000460200004E0000006F
:101D3800251302105C000000580200001F0000007C
:101D4800251302105C0000004A0200000D0000008C
:101D58009F0602105C000000430000003B000000EA
:101D6800251302105C000000460000000D00000072
:101D7800251302105C0000004E0000000D0000005A
:101D8800341B02105E000000BA00000014000000BE
:101D9800341B02105E000000BA00000021000000A1
:101DA800341B02105E000000D20000002300000077
:101DB800341B02105E000000CE0000002A00000064
:101DC800341B02105E000000E00000001400000058
:101DD800341B02105E000000E00000003A00000022
:101DE800341B02105E000000E00000002400000028
:101DF800341B02105E0000003E01000023000000BA
:101E0800341B02105E000000500100005600000064
:101E1800341B02105E000000700100001200000078
:101E2800341B02105E000000700100005200000028
:101E3800341B02105E000000700100003E0000002C
:101E4800DE0502105F0000007B0400000F000000A8
:101E58002C1802105E000000B20000002D000000E7
:101E6800E90C02105D000000BC0100003600000013
:101E7800E90C02105D000000780200001800000064
:101E8800E90C02105D000000780200001E0000004E
:101E9800E90C02105D000000790200002E0000002D
:101EA800E90C02105D00000081020000150000002E
:101EB800E90C02105D0000008E0200001C0000000A
:101EC800E90C02105D0000008E02000022000000F4
:101ED800E90C02105D0000008F02000032000000D3
:101EE800E90C02105D0000009202000019000000D9
:101EF800E90C02105D0000009F02000018000000BD
:101F0800E90C02105D0000009F0200001E000000A6
:101F1800E90C02105D000000A00200002E00000085
:101F2800E90C02105D0000001B0200001600000012
:101F3800E90C02105D0000002D0200001A000000EC
:101F4800E90C02105D000000500200001A000000B9
:101F5800E90C02105D0000001702000026000000D6
:101F6800E90C02105D000000D70200001500000017
:101F7800E90C02105D000000D80200001500000006
:101F8800E90C02105D000000D902000015000000F5
:101F9800E90C02105D000000DA02000015000000E4
:101FA800E90C02105D000000F702000020000000AC
:101FB800E90C02105D000000F70200002F0000008D
:101FC800E90C02105D0000003A0100002900000041
:101FD800E90C02105D000000580100003600000006
:101FE800E90C02105D0000006301000039000000E8
:101FF800E90C02105D0000001E0100002F00000027
:10200800E90C02105D0000009801000026000000A5
:10201800E90C02105D000000980100003500000086
:10202800E90C02105D000000890100003A00000080
:10203800E90C02105D000000A70100002500000067
:102048005A0B021063000000500100004E0000000F
:102058005A0B021063000000590100001D00000027
:102068005A0B021063000000590100003200000002
:102078005A0B021063000000170100002F00000037
:102088005A0B021063000000180100001D00000038
:102098005A0B021063000000130100004F000000FB
:1020A8005A0B021063000000A70000002000000087
:1020B8005A0B021063000000C70000004E00000029
:1020C8005A0B021063000000C00000004F0000001F
:1020D800000000002000000004000000111900109A
:1020E800018B011045190010111900101119001069
:1020F8001119001039190010698A01103989011065
:10210800291900104E0F0210610000004B01000059
:102118000D0000004E0F0210610000008E0100004B
:1021280009000000616C6C6F635F656E64706F69B5
:102138006E745F696E206661696C65644E0F02108B
:1021480061000000DF0100000E000000616C6C6F90
:10215800635F656E64706F696E745F6F7574206617
:1021680061696C65640000004E0F02106100000098
:10217800020200000E00000060537461746963433A
:10218800656C6C6020697320616C7265616479208C
:1021980066756C6C2C2069742063616E27742062EC
:1021A8006520696E697469616C697A656420747701
:1021B8006963652EB00F02105D0000005400000036
:1021C8000D000000341B02105E000000B301000087
:1021D8004E000000341B02105E000000B701000032
:1021E80055000000E01302106C00000025000000FC
:1021F80034000000FE1402106500000078010000A1
:102208004B000000FE140210650000007E01000073
:1022180037000000FE14021065000000980100005D
:102228002C000000341B02105E000000A301000017
:1022380058000000FE140210650000000F010000A5
:102248001B000000FE14021065000000DE00000004
:102258001B000000091C02105F000000D7010000ED
:1022680036000000091C02105F000000DD010000BC
:10227800360000000E1A021064000000120100006F
:10228800220000000E1A021064000000C3000000C3
:10229800280000000E1A021064000000B6000000BA
:1022A800290000000E1A021064000000D30000008C
:1022B800180000000E1A02106400000071000000EF
:1022C8002D0000000E1A0210640000003301000007
:1022D800290000000E1A02106400000056000000D9
:1022E800220000006415021064000000870000004E
:1022F8002900000064150210640000009700000027
:102308002800000064150210640000009B00000013
:102318002900000064150210640000009B00000002
:102328003900000077EA00100401000004000000F2
:1023380049B3011064150210640000005801000040
:102348002200000077EA00100401000004000000E9
:10235800A1B401106415021064000000F304000029
:10236800220000006415021064000000B40400009C
:102378002200000064150210640000005F030000E2
:102388003D000000641502106400000068010000B0
:1023980005000000641502106400000069010000D7
:1023A80005000000617373657274696F6E20666161
:1023B800696C65643A20666C6173685F72616E6708
:1023C800652E656E64202D20666C6173685F72618E
:1023D8006E67652E7374617274203E3D20533A3ADD
:1023E80045524153455F53495A452061732075331F
:1023F80032202A2032000000641502106400000018
:102408006B01000005000000641502106400000064
:10241800670100002200000064150210640000003B
:10242800A0010000350000006415021064000000DF
:10243800BE010000250000006415021064000000C1
:10244800A9000000050000006415021064000000E7
:10245800AA000000050000006415021064000000D6
:10246800AB000000050000006415021064000000C5
:10247800A80000004C000000641502106400000071
:10248800E40200003200000064150210640000003D
:1024980013030000430000006415021064000000EC
:1024A800130300004F00000019120210650000001D
:1024B800AD00000064000000191202106500000061
:1024C8003B00000027000000191202106500000000
:1024D80039000000300000001912021065000000E9
:1024E80052000000300000001912021065000000C0
:1024F8008100000031000000191202106500000080
:10250800990000002C00000019120210650000005C
:10251800910000003D000000191202106500000043
:102528004E0200003D000000191202106500000074
:102538005A0200003D000000191202106500000058
:10254800740100002B000000191202106500000041
:102558003A01000026000000191202106500000070
:10256800FF0000002E000000191202106500000094
:102578001101000026000000191202106500000079
:10258800150100002C00000019120210650000005F
:10259800230100001300000019120210650000005A
:1025A8002301000027000000191202106500000036
:1025B800270100001C00000019120210650000002D
:1025C800290200003B0000001912021065000000FB
:1025D8002C0200002D00000043616E6E6F742075A0
:1025E8006E7772617020616E206572617365642018
:1025F8006974656D1912021065000000AE010000D3
:10260800280000000E1A0210640000002F000000CD
:10261800220000000E1A021064000000840000006E
:10262800200000000E1A0210640000008A0000005A
:10263800050000000E1A021064000000FA000000F5
:10264800220000004D140210550000006101000036
:102658000300000000000000040000000400000067
:10266800D3E30010994800100000000004000000A7
:1026780004000000C3E30010CD6500100000000056
:102688000400000004000000F3E300101D760010B1
:1026980000000000040000000400000013E4001023
:1026A8009959001000000000040000000400000018
:1026B80003E40010AD5E00100000000004000000FC
:1026C80004000000E3E30010DD5B0010616C6C2087
:1026D8006675747572657320696E2073656C6563C1
:1026E8007421207765726520636F6D706C65746501
:1026F800642C20627574206E6F2060636F6D706C3F
:10270800657465203D3E602068616E646C6572206A
:102718007761732070726F76696465644D14021076
:102728005500000090010000050000004D14021043
:1027380055000000CF00000003000000000000006A
:10274800000000000100000081B2011071B2011008
:10275800F9B2011025B2011015B3011055B20110DC
:102768003F19001031190010171900102119001015
:10277800A31402105A0000001E000000030000000D
:10278800691C02105E0000007701000011000000C3
:10279800691C02105E000000790100000F000000B3
:1027A800691C02105E000000730000003C0000007D
:1027B800691C02105E0000007B0000004800000059
:1027C800691C02105E000000800000004800000044
:1027D800691C02105E0000008D000000310000003E
:1027E800691C02105E000000920000004800000012
:1027F800691C02105E000000B20000001600000014
:10280800691C02105E000000B60000003C000000D9
:10281800691C02105E000000C300000016000000E2
:10282800691C02105E000000F50000002600000090
:10283800691C02105E000000F6000000260000007F
:10284800691C02105E000000F6000000570000003E
:10285800691C02105E000000F50000003400000052
:10286800691C02105E000000070100002100000042
:10287800691C02105E0000000C0100001D00000031
:10288800691C02105E0000000C01000052000000EC
:10289800691C02105E0000000D01000039000000F4
:1028A800691C02105E0000000D0100001600000007
:1028B800691C02105E000000150100002B000000DA
:1028C800691C02105E0000002901000016000000CB
:1028D800691C02105E0000003C0100003D00000081
:1028E800691C02105E0000003E0100001600000096
:1028F800691C02105E0000006B0000000700000069
:10290800691C02105E00000047010000550000002D
:10291800691C02105E000000320100004400000043
:10292800691C02105E0000005C000000440000000A
:10293800C91502105F000000270000003B000000DE
:10294800C91502105F000000280000001E000000EA
:10295800C91502105F0000002800000026000000D2
:10296800C91502105F0000002C0000003B000000A9
:10297800C91502105F000000EA01000030000000E5
:10298800C91502105F0000000002000029000000C5
:10299800C91502105F0000004C000000150000007F
:1029A800C91502105F000000740000003F0000001D
:1029B800C91502105F000000750000003F0000000C
:1029C800C91502105F000000760000003F000000FB
:1029D800C91502105F000000770000003F000000EA
:1029E800C91502105F000000780000003F000000D9
:1029F800C91502105F000000790000003F000000C8
:102A0800C91502105F0000007A0000003F000000B6
:102A1800C91502105F0000007B0000003F000000A5
:102A2800C91502105F0000007C0000003F00000094
:102A3800C91502105F000000860000003000000089
:102A4800C91502105F000000870000004300000065
:102A5800C91502105F000000940000003300000058
:102A6800C91502105F000000950000004300000037
:102A7800C91502105F0000008B0000001A0000005A
:102A8800C91502105F00000091000000430000001B
:102A9800C91502105F000000980000002F00000018
:102AA800C91502105F0000009900000043000000F3
:102AB800C91502105F0000009C0000002F000000F4
:102AC800C91502105F0000009D00000043000000CF
:102AD800C91502105F000000A00000002D000000D2
:102AE800C91502105F000000A90000002D000000B9
:102AF800C91502105F000000B30000001A000000B2
:102B0800C91502105F000000C0000000320000007C
:102B1800C91502105F000000C1000000430000005A
:102B2800C91502105F000000CB0000001C00000067
:102B3800C91502105F000000DD0000001C00000045
:102B4800C91502105F000000D30000002600000035
:102B5800C91502105F000000D50000001C0000002D
:102B6800C91502105F000000E50000001C0000000D
:102B7800C91502105F000000ED0000001C000000F5
:102B8800C91502105F000000F600000026000000D2
:102B9800C91502105F000000080100001C000000B9
:102BA800C91502105F000000100100002600000097
:102BB800C91502105F0000001D0100001C00000084
:102BC800C91502105F000000240100002600000063
:102BD800C91502105F000000260100001C0000005B
:102BE800C91502105F0000002E0100001C00000043
:102BF800C91502105F000000460100002A0000000D
:102C0800C91502105F0000004A01000033000000EF
:102C1800C91502105F0000004E01000033000000DB
:102C2800C91502105F0000005201000033000000C7
:102C3800C91502105F0000005601000033000000B3
:102C4800C91502105F0000005A010000470000008B
:102C5800C91502105F0000005C0100002A00000096
:102C6800C91502105F000000640100002D0000007B
:102C7800C91502105F00000068010000350000005F
:102C8800C91502105F0000007A0100003000000042
:102C9800C91502105F0000008D0100002A00000025
:102CA800C91502105F000000980100003300000001
:102CB800C91502105F0000009201000037000000F3
:102CC800C91502105F0000009C0100002A000000E6
:102CD800C91502105F000000A60100002E000000C8
:102CE800C91502105F000000B00100005C00000080
:102CF800C91502105F00000020000000030000005A
:102D0800C91502105F0000003A0000001100000021
:102D18000E100210640000002F00000041000000A7
:102D28000E100210640000003100000020000000B6
:102D38001D0902105E000000F6000000700000008F
:102D48001D0902105E000000DE0000006F00000098
:102D58001D0902105E0000009F000000190000001D
:102D68001D0902105E0000000B0100007400000045
:102D78000400000000000000030000000200000042
:102D88000600000060080000202020201D09021015
:102D98005E000000CC0000005F0000001D0902106A
:102DA8005E000000D800000019000000091C021095
:102DB8005F0000008201000048000000091C0210AA
:102DC8005F0000007D0100000D000000091C0210DA
:102DD8005F0000007D01000013000000091C0210C4
:102DE8005F0000002701000026000000091C0210F7
:102DF8005F0000002E01000032000000091C0210D4
:102E08005F0000001D01000026000000091C0210E0
:102E18005F0000001E01000039000000091C0210BC
:102E28005F000000670100004A000000091C021052
:102E38005F000000620100000C000000091C021085
:102E48005F00000062010000120000002C18021050
:102E58005E00000044000000270000004661696C25
:102E6800656420746F206372656174652073706C8B
:102E78006974206D65737361676520737562736328
:102E880072696265723A204D6178696D756D537526
:102E980062736372696265727352656163686564BF
:102EA8002C1802105E000000510000000E00000007
:102EB8007C090210620000001800000003000000F6
:102EC800731702105F0000002400000003000000D8
:102ED8002916021058000000C70000001100000069
:102EE8002916021058000000CC0000003300000032
:102EF8002916021058000000B1000000110000005F
:102F080029160210580000005C0000000F000000A5
:102F180029160210580000004201000011000000AC
:102F2800291602105800000060010000110000007E
:102F38002916021058000000600100003C00000043
:102F480029160210580000005F0100000D00000063
:102F580029160210580000001D0100001000000092
:102F680029160210580000002A0100001D00000068
:102F78002916021058000000E9000000180000009F
:102F88002916021058000000EB000000260000007F
:102F980070080000000000000000000000000000B1
:102FA80000000000010000009914001021C7011062
:102FB800A1140010A91400104D14021055000000AF
:102FC8001B0100001A000000D61A02105D00000064
:102FD800050400002E000000D61A02105D00000053
:102FE800B103000028000000D61A02105D0000009E
:102FF8002203000019000000D61A02105D0000002C
:103008003E03000019000000D61A02105D000000FF
:10301800C10100000F00000006000000F02FDED9FB
:103028000000000000000000000000000000000098
:103038000000000000000000000000000000000088
:103048000000000000000000000000000000000078
:103058000000000000000000000000000000000068
:103068000000000000000000000000000000000058
:103078000000000000000000000000000000000048
:103088000000000000000000000000000000000038
:103098000000000000000000000000000000000028
:1030A8000000000000000000000000000000000018
:1030B8000000000000000000000000000000000008
:1030C80000000000000000000000000000000000F8
:1030D80000000000000000000000000000000000E8
:1030E80000000000000000000000000000000000D8
:1030F80000000000000000000000000000000000C8
:1031080000000000000000000000000000000000B7
:10311800000000000000000000000000CA100210BB
:103128005A000000B007000021000000CA10021079
:103138005A000000CF0300000E000000CA10021061
:103148005A0000002901000031000000CA100210D6
:103158005A000000E10600004A000000CA100210F0
:103168005A0000003507000025000000CA100210B0
:103178005A0000002E0700004C000000CA10021080
:103188005A0000003A0700003B000000CA10021075
:103198005A0000006F07000029000000CA10021042
:1031A8005A000000770500004B000000CA1002100A
:1031B8005A000000E103000029000000CA100210B4
:1031C8005A000000E003000072000000CA1002105C
:1031D8005A000000EA0300000E000000CA100210A6
:1031E8005A000000030400002C000000CA1002105E
:1031F8005A0000000904000012000000CA10021062
:103208005A0000002904000016000000CA1002102D
:103218005A0000007A01000015000000CA100210D0
:103228005A0000008501000027000000CA100210A3
:103238005A0000007801000041000000CA10021086
:103248005A000000D901000026000000CA10021030
:103258005A000000F20100004B000000CA100210E2
:103268005A000000FD0100004B000000CA100210C7
:103278005A0000000902000032000000CA100210C3
:103288005A0000001B0200004F000000CA10021084
:103298005A000000240200004F000000CA1002106B
:1032A8005A0000003302000029000000CA10021072
:1032B8005A0000005002000035000000CA10021039
:1032C8005A0000006C02000029000000CA10021019
:1032D8005A0000004D04000057000000CA100210F8
:1032E8005A0000005D0400000E000000CA10021021
:1032F8005A000000DE0700002B000000CA10021070
:103308005A000000CE07000011000000CA10021089
:103318005A0000002E03000018000000CA10021016
:103328005A000000330300002C000000CA100210ED
:103338005A000000350300002B000000CA100210DC
:103348005A0000004D0300002C000000CA100210B3
:103358005A0000004E03000015000000CA100210B9
:103368005A000000F90700000D000000CA10021002
:103378005A000000940300002C000000CA1002103C
:103388005A0000009503000014000000CA10021043
:103398005A0000009207000036000000CA10021010
:1033A8005A0000009907000036000000CA100210F9
:1033B8005A0000008705000019000000CA1002101A
:1033C8005A0000008205000050000000CA100210D8
:1033D8005A000000190500004A000000CA10021037
:1033E8005A0000002A05000021000000CA1002103F
:1033F8005A000000070500001D000000CA10021056
:103408005A0000001305000019000000CA1002103D
:103418005A0000000205000051000000CA10021006
:103428005A0000001D05000029000000CA10021003
:103438005A000000E40400003C000000CA1002101A
:103448005A000000D404000062000000CA100210F4
:103458005A000000900100006A000000CA10021023
:103468005A000000A801000043000000CA10021022
:103478005A000000B901000022000000CA10021022
:103488005A0000009E01000022000000CA1002102D
:103498005A000000C001000044000000CA100210D9
:1034A8005A000000C401000047000000CA100210C2
:1034B8005A000000120800000D000000CA10021097
:1034C8005A000000D605000052000000CA10021081
:1034D8005A0000002707000052000000CA1002101E
:1034E8005A000000FE05000052000000CA10021039
:1034F8005A000000BA06000033000000CA1002108B
:103508005A0000004B01000040000000CA100210E1
:103518005A000000AC0300000E000000CA100210A0
:103528005A000000A80300005D000000CA10021045
:103538005A000000BE0400005A000000CA10021021
:103548005A000000980200001C000000CA10021077
:103558005A0000009A0200003D000000CA10021044
:103568005A000000C502000041000000CA10021005
:103578005A000000E40200005B000000CA100210BC
:103588005A000000EF0200003A000000CA100210C2
:103598005A0000000B03000069000000CA10021066
:1035A8005A0000004508000023000000CA1002105D
:1035B8005A0000007004000021000000CA10021028
:1035C8005A0000007604000021000000CA10021012
:1035D8005A000000890400001D000000CA100210F3
:1035E8005A0000007D04000035000000CA100210D7
:1035F8005A0000008404000021000000CA100210D4
:103608005A0000008004000029000000CA100210BF
:103618005A0000006704000059000000CA10021098
:103628005A0000007008000023000000CA100210B1
:103638005A0000008A0700003F000000CA1002106C
:103648005A000000D105000019000000CA1002103D
:103658005A000000CF05000019000000CA1002102F
:103668005A000000EF0500005B000000CA100210BD
:103678005A000000E20500005D000000CA100210B8
:103688005A00000079070000600000003E060210A2
:1036980060000000190000004F0000003E06021004
:1036A800600000002A000000440000003E060210EE
:1036B8006000000010000000480000003E060210F4
:1036C80060000000A30000003D0000003E0602105C
:1036D80060000000A9000000260000003E0602105D
:1036E8006000000071000000480000003E06021063
:1036F80060000000860000004C0000003E0602103A
:1037080060000000910000005A0000003E06021010
:103718006000000047000000500000003E06021054
:10372800600000003F0000006B0000006368756ED9
:103738006B2073697A65206D757374206265206EDD
:103748006F6E2D7A65726F000000000000000000A7
:103758000100000009050110000000000100000040
:1037680001000000E102011000000000000000005C
:10377800010000001104001063616C6C6564206036
:10378800526573756C743A3A756E77726170282950
:1037980060206F6E20616E206045727260207661D5
:1037A8006C756500000000000000000001000000CA
:1037B8001D050110000000000400000004000000C6
:1037C800E9E20010821602105B000000BB0700004F
:1037D8000C000000821602105B000000BB0700000E
:1037E80012000000821602105B000000C0070000F3
:1037F8000C000000821602105B000000C0070000E9
:10380800120000004F75744F66426F756E647355F1
:103818006E616C69676E6564496E76616C69644354
:103828006F72654F74686572821602105B00000043
:10383800510800001F000000821602105B00000003
:10384800750800000C000000821602105B000000E2
:103858007508000012000000821602105B000000CC
:103868007A0800000C000000821602105B000000BD
:103878007A080000120000004D6178696D756D537B
:1038880075627363726962657273526561636865B4
:10389800644D6178696D756D5075626C69736865A2
:1038A800727352656163686564524D4B7669616CE9
:1038B8003A66363463326233633A3030303030310E
:1038C800617373657274696F6E206661696C656493
:1038D8003A206E203C2033307573697A6500000009
:1038E800370A0210600000004E00000009000000C6
:1038F800617373657274696F6E206661696C656463
:103908003A206E203C2031327573697A65000000D8
:103918005A0E0210610000007D000000090000003E
:10392800617373657274696F6E206661696C656432
:103938003A206E203C2031367573697A656173735D
:10394800657274696F6E206661696C65643A206E91
:10395800203C2031357573697A650000C41802105F
:10396800670000002400000009000000C4180210CD
:10397800670000002C00000009000000C4180210B5
:10398800670000003500000009000000C41802109C
:10399800670000003E000000090000002513021027
:1039A8005C000000760100002700000025130210CB
:1039B8005C000000F5010000200000002513021043
:1039C8005C000000F701000021000000456E6470F3
:1039D8006F696E74416C6C6F634572726F72526579
:1039E80061644572726F720060080210570000002F
:1039F800140000004B0000007377656570792D6B2B
:103A080065790000B138021003000000003A021086
:103A18000A000000B4380210140000004B4C434662
:103A28000102040810204080B9BC09B29D374CEA55
:103A3800FD377A585A000004E6D6B4460200210140
:103A480016000000742FE5A3E000DC00A15D003D36
:103A58008889C65436C3174FE4F9EF14A31CA09BFA
:103A68004051096777242ACCD2C231263247996C53
:103A78009CB712F98DF2C1205FE059983A24124799
:103A8800117713644B262EB631C6436EF2D6E84141
:103A9800C8FAC0D06E03B3C226E127961F0CF8AA55
:103AA80094ABBAA13F40BA28925D42EF3C8152CA1A
:103AB800302525DA74B3C87FEB4ABD82C1D04233C2
:103AC8009388E44F692B40B16B8E9023E96B8B8B05
:103AD800627F9187AF361E1ABBED195D0C4648EA26
:103AE8007A95DDDD6F6C0882AE0B11BC8842280028
:103AF8000000000083E4BC639AD8D6760001BD01BB
:103B0800DD010000B5F69D8DB1C467FB0200000021
:103B18000004595A303A021008000000383A0210DE
:103B2800E400000001000000000000007F12021005
:103B38000E0000000600000001000000470D021002
:103B480059000000410000005B00000094110210C1
:103B58005C000000C100000009000000A10D021077
:103B6800600000002600000035000000A10D0210D2
:103B780060000000200000003B000000470D02101C
:103B88005900000039000000380000000000000063
:103B9800040000000400000055E30010BC0E0210F1
:103BA800620000003302000012000000BC0E021088
:103BB80062000000260200001A000000BC0E02107D
:103BC800620000002A0200001A00000025130210FB
:103BD8005C000000450300003600000025130210B9
:103BE8005C000000A10200002A000000251302105A
:103BF8005C0000001B0300002000000025130210D9
:103C08005C000000390300002000000025130210AA
:103C18005C000000E60200006400000025130210AA
:103C28005C000000C10200006B00000025130210B8
:103C38005C000000E10200003A0000000660FF0995
:103C480061A1010962150026FF007508952081020F
:103C5800096315009102C000691C02105E00000093
:103C68009D01000044000000691C02105E00000075
:103C78008F0100005B000000091C02105F000000BB
:103C8800E50100004C000000DE1602105D00000097
:103C98003500000024000000DE1602105D00000060
:103CA800390000002C000000A10D02106000000087
:103CB800340000000D000000A10D0210600000009B
:103CC8002E00000020000000091C02105F00000008
:103CD800EB01000049000000251102106E000000F1
:103CE800E60500002500000005010906A1010507F9
:103CF80019E029E7150025017501950881021500CD
:103D080026FF007508950181030508190129052575
:103D1800017501950591029503910305071900297D
:103D2800DD26FF00750895068100C005010902A17E
:103D3800010901A1008501050919012908150025B6
:103D480001750195088102050109301781FFFFFF00
:103D5800257F750895018106093181060938810694
:103D6800050C0A38028106C0C0050C0901A10185AD
:103D780002050C19002A1405150027FFFF0000751D
:103D8800108100C005010980A1018503198129B7A7
:103D9800150126FF0075088100C000007C0902108B
:103DA8006200000032000000480000007C09021098
:103DB80062000000420000001B0000007C090210A5
:103DC8006200000037000000270000007C09021094
:103DD8006200000048000000520000007C09021048
:103DE800620000004C000000350000007C09021051
:103DF800620000005D0000005A0000007C0902100B
:103E080062000000670000001E000000E200E900F8
:103E1800EA00B500B600B700CD00B200B8008A01CC
:103E2800920194012102230224022502260227027C
:103E38002A02B300B4006F0070009F01CB019F02FB
:103E4800A002000030313233343536373839414238
:103E58004344454630020000300200007003000071
:103E6800500300000B000000090000000B000000D8
:103E78000500000030313233343536373839616265
:103E8800636465660C380210173802102038021077
:103E98002B38021041727261795665633A2063616A
:103EA8007061636974792065786365656465642009
:103EB800696E20657874656E642F66726F6D5F69D0
:103EC80074657200731002105600000013010000A0
:103ED8001400000073100210560000001F010000BB
:103EE8003B0000002C0A28280A29000000000000D6
:103EF8000C000000040000001D74011095750110ED
:103F0800D575011063616C6C656420604F707469CD
:103F18006F6E3A3A756E77726170282960206F6EFD
:103F2800206120604E6F6E65602076616C75653D1E
:103F38003D30303031303230333034303530363057
:103F48003730383039313031313132313331343141
:103F58003531363137313831393230323132323227
:103F6800333234323532363237323832393330330D
:103F780031333233333334333533363337333833FD
:103F880039343034313432343334343435343634EB
:103F980037343834393530353135323533353435D1
:103FA80035353635373538353936303631363236B7
:103FB800333634363536363637363836393730379D
:103FC800313732373337343735373637373738378D
:103FD800393830383138323833383438353836387B
:103FE8003738383839393039313932393339343961
:103FF800353936393739383939617474656D7074C3
:1040080020746F20646976696465206279207A6516
:10401800726F617474656D707420746F2063616C65
:1040280063756C617465207468652072656D61697B
:104038006E646572207769746820612064697669A6
:10404800736F72206F66207A65726F606173796E24
:104058006320666E6020726573756D6564206166A5
:1040680074657220636F6D706C6574696F6E7573BB
:1040780065722D70726F766964656420636F6D7008
:10408800617269736F6E2066756E6374696F6E20F6
:10409800646F6573206E6F7420636F7272656374EA
:1040A8006C7920696D706C656D656E742061207423
:1040B8006F74616C206F7264657200008E1202105A
:1040C8005F0000005C0300000500000030787061AC
:1040D8006E69636B6564206174203A0A52656643B1
:1040E800656C6C20616C7265616479206D757461B2
:1040F800626C7920626F72726F776564526566438D
:10410800656C6C20616C726561647920626F727293
:104118006F776564FF0000000000000000000000E9
:1041280001000000557B0110D17A0110417B01107C
:104138006578706C696369742070616E69630000EA
:10414800DF0902105700000081010000050000008F
:104158006465666D74206C6F676765722074616B47
:10416800656E207265656E7472616E746C7900009C
:10417800330702105B000000960000000D000000ED
:104188006465666D742072656C65617365206F7512
:1041980074206F6620636F6E74657874330702103D
:1041A8005B000000CB0000000D0000002C1902107D
:1041B8005F000000280000001F0000007D7E011045
:1041C8008D7E01108D7E0110B97E0110B808021095
:1041D80064000000690000002E000000B80802100A
:1041E800640000006B0000002A0000006173736522
:1041F8007274696F6E206661696C65643A206E201E
:104208003C20327573697A65370A02106000000035
:104218005900000009000000617373657274696FCA
:104228006E206661696C65643A206E203C203332EA
:104238007573697A65000000731A02106200000045
:104248001A00000009000000B8080210640000000D
:1042580030000000330000006F766572666C6F777F
:10426800207768656E20616464696E672064757282
:104278006174696F6E20746F20696E7374616E74F7
:10428800980A021062000000BF0000000E00000043
:104298008F07021064000000D80000001F00000013
:1042A8008F07021064000000970000001100000052
:1042B8008F0702106400000097000000180000003B
:1042C8008F0702106400000072000000090000005F
:1042D8008F0702106400000073000000090000004E
:1042E8008F07021064000000770000001100000032
:1042F8008F070210640000007700000034000000FF
:104308008F07021064000000780000001100000010
:104318008F070210640000007800000043000000CE
:104328008F07021064000000030100001B0000005A
:104338008F070210640000005F00000016000000F4
:104348008F07021064000000950100001B000000A8
:104358008F07021064000000A1010000090000009E
:104368008F07021064000000A2010000090000008D
:104378008F07021064000000A3010000090000007C
:104388008F07021064000000A6010000180000005A
:104398008F07021064000000A60100002E00000034
:1043A800000000008F07021064000000B001000048
:1043B800180000008F07021064000000B001000020
:1043C8001F000000F40702106B0000002500000029
:1043D8001F000000F40702106B0000001800000026
:1043E8001F000000FB0A02105E000000A800000089
:1043F80010000000FB0A02105E000000A800000088
:104408001D000000FB0A02105E00000048000000CA
:1044180026000000FB0A02105E000000B500000044
:10442800280000005A0B0210630000000902000077
:104438003B0000005A0B0210630000001402000049
:10444800210000005A0B0210630000001F02000048
:1044580019000000282900000000000004000000E6
:10446800040000008D8B0110496E64657820666F2A
:10447800722057616974536F757263653A3A49528D
:10448800512073686F756C6420626520696E2072B4
:10449800616E676520302E2E3D370000BE0B02107E
:1044A8005A000000EA0000001500000072656C6107
:1044B8007469766520666C61672073686F756C64D3
:1044C800206F6E6C7920626520757365642077694A
:1044D80074682057616974536F757263653A3A4915
:1044E80052510000BE0B02105A000000E700000005
:1044F800150000006269745F636F756E74206D75D6
:1045080073742062652066726F6D203120746F208D
:1045180033320000BE0B02105A000000F300000006
:1045280015000000BE0B02105A000000FC0000003D
:1045380015000000696E76616C696420696E7465A7
:10454800727275707420666C61677300BE0B02101E
:104558005A000000140100001500000053455420C3
:10456800617267756D656E74206F7574206F662053
:1045780072616E6765000000BE0B02105A000000F1
:104588001D0100001500000004060708090A0B0CAD
:104598000D0E0F617373657274696F6E20666169C1
:1045A8006C65643A20696478203C206C656E000074
:1045B800FE14021065000000CB0000001B00000084
:1045C800FE140210650000006701000028000000CA
:1045D800FE140210650000005E0000001F000000CD
:1045E800FE140210650000007E0000001F0000009D
:1045F800FE14021065000000160100001B000000F8
:104608005665633A3A66726F6D5F69746572206FBA
:10461800766572666C6F7700190C02105E000000F8
:10462800B30500001E0000006F0800000000000035
:10463800000000004572726F72000000D61A021066
:104648005D000000F90000002D0000006D69642085
:104658003E206C656E0000009B1B02106D00000080
:10466800F20300001C0000009B1B02106D000000FC
:10467800F30300001C0000009B1B02106D000000EB
:10468800F7030000200000009B1B02106D000000D3
:10469800F70300002B0000008C19021081000000B5
:1046A80071000000260000008C1902108100000033
:1046B80078000000160000008C190210810000002C
:1046C800380000001B0000008C1902108100000057
:1046D800440000001F0000008C1902108100000037
:1046E80045000000240000008C1902108100000021
:1046F8004600000016000000010203576F6E74495F
:104708006D706C656D656E744E6F74596574496D26
:10471800706C656D656E74656453657269616C690A
:104728007A6542756666657246756C6C5365726922
:10473800616C697A655365714C656E677468556E0E
:104748006B6E6F776E446573657269616C697A65C3
:10475800556E6578706563746564456E6444657309
:10476800657269616C697A65426164566172696EE5
:1047780074446573657269616C697A654261644203
:104788006F6F6C446573657269616C697A654261C3
:104798006443686172446573657269616C697A65BE
:1047A80042616455746638446573657269616C6901
:1047B8007A654261644F7074696F6E44657365729F
:1047C80069616C697A65426164456E756D446573AB
:1047D800657269616C697A65426164456E636F648C
:1047E800696E67446573657269616C697A6542616F
:1047F8006443726353657264655365724375737479
:104808006F6D53657264654465437573746F6D436A
:104818006F6C6C6563745374724572726F720500C5
:10482800190C02105E000000280600003C00000081
:10483800000000000400000004000000C5B10110E1
:10484800617373657274696F6E206661696C656403
:104858003A20696E646578203C2073656C662E6C1E
:10486800656E2829190C02105E0000009A030000EA
:1048780009000000190C02105E0000004604000048
:104888000D000000821302105D0000002F000000E0
:104898001C000000821302105D0000003F000000B1
:1048A8001C000000821302105D0000001F000000C1
:1048B8001C00000000003500AA00B300CB00D200A5
:1048C800E900F3000600540069007D00CA00EA0010
:1048D80003000D000E0020004B00B000B100CC001A
:1048E800D400ED00F60025002B003F0048005800DA
:1048F8006100700084009C00BE00C300D600E60082
:1049080005001D006E008100AB00B900C500120053
:1049180014001B003200CF00E500040010002F0037
:104928008B009100F800190027002E003E005C0063
:10493800650076008600C100C40023004D005300C6
:10494800620063006D00260060006B0073008C003D
:104958008F00A100AE00EB0021002C0052005B008C
:1049680088009400DC00DF001300160029004100D5
:104978006C00C000C700F20036003B003C00A000FD
:10498800BF0018002400380039004C008300B5002F
:10499800BB00CE00FF000900150040006F0080003A
:1049A8008900B400DB00E400EE0028003300340086
:1049B800450095009B00B700F5003A0056007800C6
:1049C8008A009200DA0008001E0031004400470007
:1049D8004F0059005A005F007C00AC00B800F0009E
:1049E8008700A700B600C200C900FC0002005D00F5
:1049F80066008D0090009800A600BD00D900E30075
:104A0800F1000A003D0042005700EC00220043007C
:104A1800460055009300BA00CD00DD00FB002A00D7
:104A28007200E000F40030003700AF00FE002D00F7
:104A38009700A400A800D500D700FD004A00510047
:104A48005E00640071009A00A500F70007001700D7
:104A58001A0079009E00AD00BC00C800D100E20039
:104A6800F90011001F004E00770096009D009F007E
:104A7800A300D30049007E008200B200E7000100D5
:104A880050007A0085009900A200C600FA000B00C9
:104A98000C000F00670068006A00740075007B0056
:104AA8007F008E00A900D8001C00D000DE00E100C5
:104AB800E800EF0000010101020103010401050102
:104AC80006010701080109010A010B010C010D018A
:104AD8000E010F011001110112011301140115013A
:104AE80016011701180119011A011B011C011D01EA
:104AF8001E011F012001210122012301240125019A
:104B080026012701280129012A012B012C012D0149
:104B18002E012F01300131013201330134013501F9
:104B280036013701380139013A013B013C013D01A9
:104B38003E013F0140014101420143014401450159
:104B480046014701480149014A014B014C014D0109
:104B58004E014F01500151015201530154015501B9
:104B680056015701580159015A015B015C015D0169
:104B78005E015F0160016101620163016401650119
:104B880066016701680169016A016B016C016D01C9
:104B98006E016F0170017101720173017401750179
:104BA80076017701780179017A017B017C017D0129
:104BB8007E017F01800181018201830184018501D9
:104BC80086018701880189018A018B018C018D0189
:104BD8008E018F0190019101920193019401950139
:104BE80096019701980199019A019B019C019D01E9
:104BF8009E019F01A001A101A201A301A401A50199
:104C0800A601A701A801A901AA01AB01AC01AD0148
:104C1800AE01AF01B001B101B201B301B401B501F8
:104C2800B601B701B801B901BA01BB01BC01BD01A8
:104C3800BE01BF01C001C101C201C301C401C50158
:104C4800C601C701C801C901CA01CB01CC01CD0108
:104C5800CE01CF01D001D101D201D301D401D501B8
:104C6800D601D701D801D901DA01DB01DC01DD0168
:104C7800DE01DF01E001E101E201E301E401E50118
:104C8800E601E701E801E901EA01EB01EC01ED01C8
:104C9800EE01EF01F001F101F201F301F401F50178
:104CA800F601F701F801F901FA01FB01FC01FD0128
:104CB800FE01FF01000201020202030204020502D2
:104CC80006020702080209020A020B020C020D0280
:104CD8000E020F0210021102120213021402150230
:104CE80016021702180219021A021B021C021D02E0
:104CF8001E021F0220022102220223022402250290
:104D080026022702280229022A022B022C022D023F
:104D18002E022F02300231023202330234023502EF
:104D280036023702380239023A023B023C023D029F
:104D38003E023F024002410242024302440245024F
:104D480046024702480249024A024B024C024D02FF
:104D58004E024F02500251025202530254025502AF
:104D680056025702580259025A025B025C025D025F
:104D78005E025F026002610262026302640265020F
:104D880066026702680269026A026B026C026D02BF
:104D98006E026F027002710272027302740275026F
:104DA80076027702780279027A027B027C027D021F
:104DB8007E027F02800281028202830284028502CF
:104DC80086028702880289028A028B028C028D027F
:104DD8008E028F029002910292029302940295022F
:104DE80096029702980299029A029B029C029D02DF
:104DF8009E029F02A002A102A202A302A402A5028F
:104E0800A602A702A802A902AA02AB02AC02AD023E
:104E1800AE02AF02B002B102B202B302191202101E
:104E280065000000D10100002800000019120210DE
:104E380065000000650100002A0000001912021038
:104E480065000000ED0000001A0000006415021063
:104E580064000000D40300000100000034030000D7
:104E680034030000340300007404000054040000FC
:104E7800E80C021000470210014702100247021016
:104E880090450210264802109145021092450210E2
:104E9800934502109445021095450210964502105C
:104EA8009745021098450210994502109A4502103C
:104EB800E80C021000470210014702100D00000024
:104EC8001100000013000000190000001800000085
:104ED8001400000012000000120000001200000080
:104EE800140000001200000016000000110000006D
:104EF8000E0000000D0000000F0000000347021024
:104F08001047021021470210344702104D47021083
:104F180065470210794702108B4702109D4702101F
:104F2800AF470210C3470210D5470210EB470210E3
:104F3800FC4702100A48021017480210000000003F
:104F48000000000002000000020000000200000053
:104F58000200000002000000020000000200000041
:104F680002000000E80C021000470210014702107E
:104F78000C080D080E080F0810081108120813086D
:104F88001408150816081708180819081A081B081D
:104F98001C081D081E081F08000000000000000073
:104FA80000000000000000000000000000000000F9
:104FB80000000000000000000000000000000000E9
:104FC80000000000000000000000000000000000D9
:104FD80000000000000000004008410842084308A3
:104FE8004408450846084708480849084A084B083D
:104FF8004C084D084E084F085008510852085308ED
:105008005408550856085708580859085A085B089C
:085018005C085D085E085F08FA
:10502000F8B504AF1A4C002020601A4D1A4E2068C3
:10503000C0072BD001E000F08FF82068C007FAD03D
:10504000A068B042F3D100F08DF82068800702D448
:1050500000F08EF8F9E7666000F090F82068C0076D
:1050600002D100F079F8F9E7A068A84202D000F078
:105070007FF8F3E700F088F82068800702D400F09A
:1050800077F8F9E7656000F079F8D0E7F8BDC04639
:10509000500000D010415221EFBEADDEF0B503AF9D
:1050A000D6464E46454660B51D46804691468A46E0
:1050B0002C68A0476C68A047404651460122D207A1
:1050C0000023AC68002C00D0A04740464946524619
:1050D000EC68002C00D0A0472C69A0476C69A04761
:1050E00007BC804689469246F0BD6465666D7400D3
:1050F00053454747455220525454000000000000D9
:105100000100000000000000CA000020DC3D00207B
:10511000000400000000000000000000010000008A
:10512000000000000000000000000000000000007F
:10513000000000000000000000000000000000006F
:10514000000000000000000000000000000000005F
:10515000000000000100000003B40148019001BDFF
:1051600045F3011003B40148019001BD1BF3011088
:1051700003B40148019001BD33F3011003B40148A9
:10518000019001BD3DF3011003B40148019001BD40
:045190001FF30110F8
:04000005100001C125
:00000001FF
